link,category,id,category_friendly
https://www.hellofresh.de/recipes/mildes-hahnchencurry-63f47130bbd706b58401cf35,indische-rezepte,63f47130bbd706b58401cf35,indisch
https://www.hellofresh.de/recipes/boller-i-karry-cremige-curry-hackballchen-638dc13d4007e8443e04adb3,indische-rezepte,638dc13d4007e8443e04adb3,indisch
https://www.hellofresh.de/recipes/bombay-chicken-korma-wrap-6478a89f66fafa28de02703e,indische-rezepte,6478a89f66fafa28de02703e,indisch
https://www.hellofresh.de/recipes/indische-kichererbsen-kokos-suppe-5f994ce365375718a35e0ec0,indische-rezepte,5f994ce365375718a35e0ec0,indisch
https://www.hellofresh.de/recipes/tikka-masala-curry-mit-susskartoffel-64e8889e4e40d5c6cb1a6522,indische-rezepte,64e8889e4e40d5c6cb1a6522,indisch
https://www.hellofresh.de/recipes/seehecht-auf-curry-linsengemuse-656468f15234ba85b73bdb7a,indische-rezepte,656468f15234ba85b73bdb7a,indisch
https://www.hellofresh.de/recipes/goldenes-curry-mit-buntem-ofengemuse-64c871e71d5ccfc9860b6d8f,indische-rezepte,64c871e71d5ccfc9860b6d8f,indisch
https://www.hellofresh.de/recipes/tofu-im-butter-chicken-style-62f6752ee8466e0bb1053c56,indische-rezepte,62f6752ee8466e0bb1053c56,indisch
https://www.hellofresh.de/recipes/tofu-im-butter-chicken-style-mit-spinat-623849039369a77a68198d3a,indische-rezepte,623849039369a77a68198d3a,indisch
https://www.hellofresh.de/recipes/susses-aprikosen-hahnchen-curry-5fd9d310104e2410c63c9e12,indische-rezepte,5fd9d310104e2410c63c9e12,indisch
https://www.hellofresh.de/recipes/alu-gobhi-blumenkohl-kurkuma-curry-mit-reis-654a31cad637bf067f0a30e2,indische-rezepte,654a31cad637bf067f0a30e2,indisch
https://www.hellofresh.de/recipes/goldenes-curry-mit-buntem-ofengemuse-640ff10f9a15985e5a091177,indische-rezepte,640ff10f9a15985e5a091177,indisch
https://www.hellofresh.de/recipes/pikanter-blumenkohl-in-dalsosse-671f977c662b2e47e398ce0a,indische-rezepte,671f977c662b2e47e398ce0a,indisch
https://www.hellofresh.de/recipes/korma-curry-mit-kofu-auf-zucchini-kartoffel-gemuse-609135b3616896797f6021c6,indische-rezepte,609135b3616896797f6021c6,indisch
https://www.hellofresh.de/recipes/indisches-dahl-mit-butternaan-5efdb0b4899ede042d77cefd,indische-rezepte,5efdb0b4899ede042d77cefd,indisch
https://www.hellofresh.de/recipes/indische-dalsuppe-mit-butter-fladenbrot-66e7ef6bbba6e9d2f32b0920,indische-rezepte,66e7ef6bbba6e9d2f32b0920,indisch
https://www.hellofresh.de/recipes/bombay-chicken-korma-wrap-64ad72da0cda307e040859fd,indische-rezepte,64ad72da0cda307e040859fd,indisch
https://www.hellofresh.de/recipes/mildes-hahnchencurry-5f070156a105b05f943eab79,indische-rezepte,5f070156a105b05f943eab79,indisch
https://www.hellofresh.de/recipes/scharfer-sriracha-blumenkohl-mit-dalsosse-65329a3016f966aee923e7f4,indische-rezepte,65329a3016f966aee923e7f4,indisch
https://www.hellofresh.de/recipes/filo-samosas-mit-wurziger-kichererbsen-fullung-640ff155b3c45de1fd086e09,indische-rezepte,640ff155b3c45de1fd086e09,indisch
https://www.hellofresh.de/recipes/indische-kichererbsen-kokos-suppe-64e888d740ec4203972fb801,indische-rezepte,64e888d740ec4203972fb801,indisch
https://www.hellofresh.de/recipes/hahnchen-indian-style-im-fladenbrot-5f6d95c94d9a0e35f54248f2,indische-rezepte,5f6d95c94d9a0e35f54248f2,indisch
https://www.hellofresh.de/recipes/fruchtig-susses-hahnchencurry-5f5e071657eff05fb04ec947,indische-rezepte,5f5e071657eff05fb04ec947,indisch
https://www.hellofresh.de/recipes/mildes-korma-curry-mit-hahnchengeschnetzeltem-61508a327feed11eb14d5af4,indische-rezepte,61508a327feed11eb14d5af4,indisch
https://www.hellofresh.de/recipes/kabeljau-auf-curry-linsengemuse-65844f82c6869ff77feae6a3,indische-rezepte,65844f82c6869ff77feae6a3,indisch
https://www.hellofresh.de/recipes/cremiges-butterchicken-5ef47870b5e84e2f763667d7,indische-rezepte,5ef47870b5e84e2f763667d7,indisch
https://www.hellofresh.de/recipes/indische-dalsuppe-mit-butter-fladenbrot-63734e9ee4065669c7039ebb,indische-rezepte,63734e9ee4065669c7039ebb,indisch
https://www.hellofresh.de/recipes/bombay-chicken-korma-wrap-653f7fbae06ba99102771b8e,indische-rezepte,653f7fbae06ba99102771b8e,indisch
https://www.hellofresh.de/recipes/fleischballchen-in-currysosse-mit-ofenkarotten-61652b15bb1c976b2653894a,indische-rezepte,61652b15bb1c976b2653894a,indisch
https://www.hellofresh.de/recipes/wurziges-dal-curry-mit-smashed-potatoes-64df2a4d614f75555c20edba,indische-rezepte,64df2a4d614f75555c20edba,indisch
https://www.hellofresh.de/recipes/bombay-chicken-korma-wrap-64e3b216a2c417189e0dab18,indische-rezepte,64e3b216a2c417189e0dab18,indisch
https://www.hellofresh.de/recipes/indisches-susskartoffelcurry-5f34f4f7aea33c71df6c7b49,indische-rezepte,5f34f4f7aea33c71df6c7b49,indisch
https://www.hellofresh.de/recipes/indischer-shrimpeintopf-6721184d4251e0dbe4be5580,indische-rezepte,6721184d4251e0dbe4be5580,indisch
https://www.hellofresh.de/recipes/madras-curry-fisch-mit-susskartoffel-karotten-puree-63734edce4065669c7039ebf,indische-rezepte,63734edce4065669c7039ebf,indisch
https://www.hellofresh.de/recipes/aprikosen-hahnchen-curry-60d5f0a69cbf2101de15027a,indische-rezepte,60d5f0a69cbf2101de15027a,indisch
https://www.hellofresh.de/recipes/chicken-biryani-mit-cranberries-and-brokkoli-631b5b3edafd264dd5095b28,indische-rezepte,631b5b3edafd264dd5095b28,indisch
https://www.hellofresh.de/recipes/seehecht-auf-curry-linsengemuse-6669cf3d16b67b5e0905362e,indische-rezepte,6669cf3d16b67b5e0905362e,indisch
https://www.hellofresh.de/recipes/cremiges-curry-gemuse-auf-minz-brokkoli-reis-6177c49b04aceb5ffd78e281,indische-rezepte,6177c49b04aceb5ffd78e281,indisch
https://www.hellofresh.de/recipes/hahnchencurry-mit-korianderreis-5ffdb9de6e2b09530a74c2b8,indische-rezepte,5ffdb9de6e2b09530a74c2b8,indisch
https://www.hellofresh.de/recipes/tikka-masala-curry-mit-susskartoffel-6177c4e3602571520717e172,indische-rezepte,6177c4e3602571520717e172,indisch
https://www.hellofresh.de/recipes/tikka-masala-curry-mit-susskartoffel-6488201c7e150bb1b2039e52,indische-rezepte,6488201c7e150bb1b2039e52,indisch
https://www.hellofresh.de/recipes/mildes-hahnchencurry-mit-krauterreis-643e11ee1318e6c52f00ff80,indische-rezepte,643e11ee1318e6c52f00ff80,indisch
https://www.hellofresh.de/recipes/scharfer-sriracha-blumenkohl-mit-dalsosse-652cfffb6720825b47fd8095,indische-rezepte,652cfffb6720825b47fd8095,indisch
https://www.hellofresh.de/recipes/kokos-tikka-masala-mit-blumenkohl-625409de99d0532a0514a59a,indische-rezepte,625409de99d0532a0514a59a,indisch
https://www.hellofresh.de/recipes/hahnchen-reispfanne-mit-aprikosen-minz-joghurt-661e8e8e019ddbd535c039c8,indische-rezepte,661e8e8e019ddbd535c039c8,indisch
https://www.hellofresh.de/recipes/cremiges-hahnchencurry-mit-kichererbsen-64c8725b11eb633edf03bc95,indische-rezepte,64c8725b11eb633edf03bc95,indisch
https://www.hellofresh.de/recipes/cremiges-hahnchencurry-mit-kichererbsen-637c84ba186e21964607fdcf,indische-rezepte,637c84ba186e21964607fdcf,indisch
https://www.hellofresh.de/recipes/cremiges-hahnchencurry-mit-kichererbsen-62f67559674b6dee12022b1f,indische-rezepte,62f67559674b6dee12022b1f,indisch
https://www.hellofresh.de/recipes/gelbes-curry-mit-buntem-ofengemuse-and-erdnussen-624bfc0c4b45925aaf5f1159,indische-rezepte,624bfc0c4b45925aaf5f1159,indisch
https://www.hellofresh.de/recipes/mildes-mandel-kokos-curry-mit-rosinenreis-5f514b442895131a4c06534c,indische-rezepte,5f514b442895131a4c06534c,indisch
https://www.hellofresh.de/recipes/tandoori-blumenkohl-in-tomatiger-dalsosse-61f0fbeecf667676b4587b3f,indische-rezepte,61f0fbeecf667676b4587b3f,indisch
https://www.hellofresh.de/recipes/goldenes-curry-mit-spitzkohl-65f8678c1d9f403b835b50a7,indische-rezepte,65f8678c1d9f403b835b50a7,indisch
https://www.hellofresh.de/recipes/vegetarisches-korma-curry-aus-dem-ofen-660586749b244e4ad68eb867,indische-rezepte,660586749b244e4ad68eb867,indisch
https://www.hellofresh.de/recipes/indisches-susskartoffel-tikka-curry-64916ba120b1c00e2e090add,indische-rezepte,64916ba120b1c00e2e090add,indisch
https://www.hellofresh.de/recipes/mildes-hahnchencurry-mit-krauterreis-653f8039e06ba99102771bdc,indische-rezepte,653f8039e06ba99102771bdc,indisch
https://www.hellofresh.de/recipes/veganes-dal-makhani-pikantes-bohnen-curry-66f6bf33b7f0105495d19090,indische-rezepte,66f6bf33b7f0105495d19090,indisch
https://www.hellofresh.de/recipes/seehecht-auf-curry-linsengemuse-64e8611640ec4203972faf3e,indische-rezepte,64e8611640ec4203972faf3e,indisch
https://www.hellofresh.de/recipes/indisches-korma-curry-mit-zucchini-64e860f740ec4203972fadda,indische-rezepte,64e860f740ec4203972fadda,indisch
https://www.hellofresh.de/recipes/chana-masala-mit-kichererbsen-und-babyspinat-671f9764662b2e47e398cd55,indische-rezepte,671f9764662b2e47e398cd55,indisch
https://www.hellofresh.de/recipes/madras-hahnchencurry-mit-brokkoli-638dc11030bcafbc3a089dab,indische-rezepte,638dc11030bcafbc3a089dab,indisch
https://www.hellofresh.de/recipes/hahnchen-reispfanne-mit-aprikosen-minz-joghurt-6434c03ad0298b71ec01ea45,indische-rezepte,6434c03ad0298b71ec01ea45,indisch
https://www.hellofresh.de/recipes/mildes-hahnchencurry-mit-kaiserschoten-628b956a6da9985e49050b18,indische-rezepte,628b956a6da9985e49050b18,indisch
https://www.hellofresh.de/recipes/hahnchen-reispfanne-mit-aprikosen-minz-joghurt-64df2a40edeb8104eac909a4,indische-rezepte,64df2a40edeb8104eac909a4,indisch
https://www.hellofresh.de/recipes/chana-masala-mit-kichererbsen-und-babyspinat-65ef17cc4916f82b1a9020b4,indische-rezepte,65ef17cc4916f82b1a9020b4,indisch
https://www.hellofresh.de/recipes/ofen-korma-curry-mit-saag-aloo-salat-6230602a9a203a1906262cb9,indische-rezepte,6230602a9a203a1906262cb9,indisch
https://www.hellofresh.de/recipes/gelbes-curry-mit-buntem-ofengemuse-and-erdnussen-61e6b80c03feba728228c25c,indische-rezepte,61e6b80c03feba728228c25c,indisch
https://www.hellofresh.de/recipes/goldenes-curry-mit-buntem-ofengemuse-63cfb1fa7ca775112b0cc272,indische-rezepte,63cfb1fa7ca775112b0cc272,indisch
https://www.hellofresh.de/recipes/goldenes-curry-mit-buntem-ofengemuse-6398827a5a6e8e8201006732,indische-rezepte,6398827a5a6e8e8201006732,indisch
https://www.hellofresh.de/recipes/spinat-dal-mit-hirtenkase-und-pflaumen-chutney-605cf1f66a87f0718e53f637,indische-rezepte,605cf1f66a87f0718e53f637,indisch
https://www.hellofresh.de/recipes/cremiges-hahnchencurry-mit-kichererbsen-66014aba88ae29ee0ef45b22,indische-rezepte,66014aba88ae29ee0ef45b22,indisch
https://www.hellofresh.de/recipes/tikka-masala-curry-mit-halloumi-5fbe25e38852854ff97276d6,indische-rezepte,5fbe25e38852854ff97276d6,indisch
https://www.hellofresh.de/recipes/vegetarisches-korma-curry-aus-dem-ofen-65d489c46c4f2239898763ea,indische-rezepte,65d489c46c4f2239898763ea,indisch
https://www.hellofresh.de/recipes/filo-samosas-mit-wurziger-kichererbsen-fullung-634694ce3c8ea89f000f9033,indische-rezepte,634694ce3c8ea89f000f9033,indisch
https://www.hellofresh.de/recipes/biryani-indische-reispfanne-mit-raita-dip-604886326501db37a54bc858,indische-rezepte,604886326501db37a54bc858,indisch
https://www.hellofresh.de/recipes/indische-kichererbsen-kokos-suppe-668e68116d9531676611a3c7,indische-rezepte,668e68116d9531676611a3c7,indisch
https://www.hellofresh.de/recipes/cremiges-hahnchencurry-mit-kichererbsen-6576e4803405d840b2be6258,indische-rezepte,6576e4803405d840b2be6258,indisch
https://www.hellofresh.de/recipes/indisches-fisch-joghurt-curry-5ebc08c5c1d61819b2106cc9,indische-rezepte,5ebc08c5c1d61819b2106cc9,indisch
https://www.hellofresh.de/recipes/indische-kichererbsen-kokos-suppe-60ae0d713b89bb5d16679997,indische-rezepte,60ae0d713b89bb5d16679997,indisch
https://www.hellofresh.de/recipes/caponata-sizilianische-auberginenpfanne-62f6752442aa06ad2d04203a,indische-rezepte,62f6752442aa06ad2d04203a,indisch
https://www.hellofresh.de/recipes/wurzige-gemusepfanne-mit-kurbis-susskartoffel-and-blumenkohl-63282e9dd4a75454730b8bca,indische-rezepte,63282e9dd4a75454730b8bca,indisch
https://www.hellofresh.de/recipes/cremiges-hahnchencurry-mit-kichererbsen-65b23ce5a8fb57b0b41e6d60,indische-rezepte,65b23ce5a8fb57b0b41e6d60,indisch
https://www.hellofresh.de/recipes/madras-hahnchenschenkel-mit-susskartoffeln-64882004d608dda57b05aaad,indische-rezepte,64882004d608dda57b05aaad,indisch
https://www.hellofresh.de/recipes/rotes-hahnchen-kurbis-curry-651153213e0981e84af2024e,indische-rezepte,651153213e0981e84af2024e,indisch
https://www.hellofresh.de/recipes/ofen-korma-curry-mit-saag-aloo-salat-609a9cc250eefc24ac5aec89,indische-rezepte,609a9cc250eefc24ac5aec89,indisch
https://www.hellofresh.de/recipes/hahnchen-reispfanne-mit-aprikosen-minz-joghurt-63a026aef347e198b20f4b92,indische-rezepte,63a026aef347e198b20f4b92,indisch
https://www.hellofresh.de/recipes/boller-i-karry-cremige-curry-hackballchen-66d81db0b2e781f533137e65,indische-rezepte,66d81db0b2e781f533137e65,indisch
https://www.hellofresh.de/recipes/winterliche-kartoffelpfanne-mit-blumenkohl-64df2a19614f75555c20ebea,indische-rezepte,64df2a19614f75555c20ebea,indisch
https://www.hellofresh.de/recipes/hahnchen-korma-mit-buntem-gemuse-61af6fb882151e76cf4aeda2,indische-rezepte,61af6fb882151e76cf4aeda2,indisch
https://www.hellofresh.de/recipes/goldenes-curry-mit-buntem-ofengemuse-64998c6aaecd65e9a4009c21,indische-rezepte,64998c6aaecd65e9a4009c21,indisch
https://www.hellofresh.de/recipes/hahnchen-korma-mit-buntem-gemuse-602b8450a6deb82cad5728e7,indische-rezepte,602b8450a6deb82cad5728e7,indisch
https://www.hellofresh.de/recipes/ofen-korma-curry-mit-saag-aloo-salat-613736704fec77473506b0b5,indische-rezepte,613736704fec77473506b0b5,indisch
https://www.hellofresh.de/recipes/mildes-hahnchencurry-mit-krauterreis-65c26d75600bb8e53d74f0e1,indische-rezepte,65c26d75600bb8e53d74f0e1,indisch
https://www.hellofresh.de/recipes/tomatiges-tikka-masala-curry-5f102104d23baf175622feff,indische-rezepte,5f102104d23baf175622feff,indisch
https://www.hellofresh.de/recipes/quick-chana-masala-652eb037d07173a1e1f11729,indische-rezepte,652eb037d07173a1e1f11729,indisch
https://www.hellofresh.de/recipes/madras-curry-fisch-mit-susskartoffel-karotten-puree-64881fd48984376c530d354f,indische-rezepte,64881fd48984376c530d354f,indisch
https://www.hellofresh.de/recipes/vegetarisches-korma-curry-aus-dem-ofen-62ab30b01c47bbb03c0899a8,indische-rezepte,62ab30b01c47bbb03c0899a8,indisch
https://www.hellofresh.de/recipes/mildes-hahnchencurry-63c1626848248a4ef60b2426,indische-rezepte,63c1626848248a4ef60b2426,indisch
https://www.hellofresh.de/recipes/tofu-tikka-masala-mit-babyspinat-6353d37e88163444b70aca94,indische-rezepte,6353d37e88163444b70aca94,indisch
https://www.hellofresh.de/recipes/blumenkohl-in-dalsosse-6459e7597d17aea2150868be,indische-rezepte,6459e7597d17aea2150868be,indisch
https://www.hellofresh.de/recipes/cremiges-hahnchencurry-mit-kichererbsen-63282e89c92fceea070a000a,indische-rezepte,63282e89c92fceea070a000a,indisch
https://www.hellofresh.de/recipes/fleischballchen-in-currysosse-mit-ofenkarotten-6215f4cbe3fe0e1fa432fa65,indische-rezepte,6215f4cbe3fe0e1fa432fa65,indisch
https://www.hellofresh.de/recipes/aprikosen-hahnchen-mit-bunten-piri-piri-gemusewurfeln-63d8eedb6a79d7247402f0c7,indische-rezepte,63d8eedb6a79d7247402f0c7,indisch
https://www.hellofresh.de/recipes/indische-mohren-pakoras-mit-currydip-5f2ac71334902e00563ae5b0,indische-rezepte,5f2ac71334902e00563ae5b0,indisch
https://www.hellofresh.de/recipes/filo-samosas-mit-wurziger-kichererbsen-fullung-62dc3fa1251f58cca102db44,indische-rezepte,62dc3fa1251f58cca102db44,indisch
https://www.hellofresh.de/recipes/cremiges-hahnchencurry-mit-kichererbsen-6540c13d2fab1d7bab1186cb,indische-rezepte,6540c13d2fab1d7bab1186cb,indisch
https://www.hellofresh.de/recipes/ofen-blumenkohl-in-dalsosse-mit-nigella-kartoffeln-619cc31be6932e0a8745cd99,indische-rezepte,619cc31be6932e0a8745cd99,indisch
https://www.hellofresh.de/recipes/alu-gobhi-blumenkohl-kurkuma-curry-mit-reis-655623cc5234ba85b73a5f2e,indische-rezepte,655623cc5234ba85b73a5f2e,indisch
https://www.hellofresh.de/recipes/bombay-burrito-mit-kartoffelfullung-und-aprikosendip-6076861ec926ea484e5cd1a2,indische-rezepte,6076861ec926ea484e5cd1a2,indisch
https://www.hellofresh.de/recipes/goldenes-curry-mit-buntem-ofengemuse-668cfaad018283f1f4398cc1,indische-rezepte,668cfaad018283f1f4398cc1,indisch
https://www.hellofresh.de/recipes/scharfer-sriracha-blumenkohl-mit-dalsosse-661e8ef2019ddbd535c03c74,indische-rezepte,661e8ef2019ddbd535c03c74,indisch
https://www.hellofresh.de/recipes/hahnchen-reispfanne-mit-aprikosen-minz-joghurt-63eb495b90c264d5ac04f591,indische-rezepte,63eb495b90c264d5ac04f591,indisch
https://www.hellofresh.de/recipes/mildes-korma-curry-mit-hahnchengeschnetzeltem-6215f491998bfd4fff731f5b,indische-rezepte,6215f491998bfd4fff731f5b,indisch
https://www.hellofresh.de/recipes/cremiges-hahnchencurry-mit-kichererbsen-60b66a5179b40d0b83630305,indische-rezepte,60b66a5179b40d0b83630305,indisch
https://www.hellofresh.de/recipes/tikka-masala-curry-mit-susskartoffel-65d489757597174e16c0cada,indische-rezepte,65d489757597174e16c0cada,indisch
https://www.hellofresh.de/recipes/aprikosen-hahnchen-mit-bunten-piri-piri-gemusewurfeln-6450be6badd2e3ee840e855b,indische-rezepte,6450be6badd2e3ee840e855b,indisch
https://www.hellofresh.de/recipes/alu-gobhi-blumenkohl-kurkuma-curry-mit-reis-654cda63d637bf067f0a72fa,indische-rezepte,654cda63d637bf067f0a72fa,indisch
https://www.hellofresh.de/recipes/goldenes-curry-mit-buntem-ofengemuse-6450bdf0d133d212580d1081,indische-rezepte,6450bdf0d133d212580d1081,indisch
https://www.hellofresh.de/recipes/halloumi-mit-tikka-masala-veggies-and-avocado-605a097d515a913b64584822,indische-rezepte,605a097d515a913b64584822,indisch
https://www.hellofresh.de/recipes/hahnchen-reispfanne-mit-aprikosen-minz-joghurt-6669cf0dc2b46cc6d5535088,indische-rezepte,6669cf0dc2b46cc6d5535088,indisch
https://www.hellofresh.de/recipes/mildes-hahnchencurry-mit-gemusemix-5ea07e4794c64140a83f33f9,indische-rezepte,5ea07e4794c64140a83f33f9,indisch
https://www.hellofresh.de/recipes/tikka-masala-curry-mit-susskartoffel-661e92575c9ad41013c0a635,indische-rezepte,661e92575c9ad41013c0a635,indisch
https://www.hellofresh.de/recipes/hahnchen-reispfanne-mit-aprikosen-minz-joghurt-64bf76e435b46fd7cf0af364,indische-rezepte,64bf76e435b46fd7cf0af364,indisch
https://www.hellofresh.de/recipes/susses-hahnchencurry-5ed6040dbb5a552a081da689,indische-rezepte,5ed6040dbb5a552a081da689,indisch
https://www.hellofresh.de/recipes/hahnchencurry-mit-korianderreis-5f9000370ecbb93535781f0c,indische-rezepte,5f9000370ecbb93535781f0c,indisch
https://www.hellofresh.de/recipes/pikanter-blumenkohl-in-dalsosse-668e687d6d9531676611a591,indische-rezepte,668e687d6d9531676611a591,indisch
https://www.hellofresh.de/recipes/gelbes-curry-mit-ofengemuse-5ea04cf539c3a06a864cb322,indische-rezepte,5ea04cf539c3a06a864cb322,indisch
https://www.hellofresh.de/recipes/veganes-gelbes-curry-mit-ofengemuse-5e4d6586b5b1eb1be720e2e7,indische-rezepte,5e4d6586b5b1eb1be720e2e7,indisch
https://www.hellofresh.de/recipes/blumenkohl-in-dalsosse-mit-nigella-kartoffeln-625ec0e428f8ea1e5f2639e4,indische-rezepte,625ec0e428f8ea1e5f2639e4,indisch
https://www.hellofresh.de/recipes/veganes-dal-makhani-pikantes-bohnen-curry-671f97394251e0dbe4bdf56e,indische-rezepte,671f97394251e0dbe4bdf56e,indisch
https://www.hellofresh.de/recipes/veganes-dal-makhani-pikantes-bohnen-curry-66fbcd26acc2c87562468f4f,indische-rezepte,66fbcd26acc2c87562468f4f,indisch
https://www.hellofresh.de/recipes/mildes-hahnchencurry-mit-krauterreis-664cbbe7db12ba3a5e10173a,indische-rezepte,664cbbe7db12ba3a5e10173a,indisch
https://www.hellofresh.de/recipes/gobi-masala-indisches-curry-mit-blumenkohl-63e9e044182dd0f8d70935f6,indische-rezepte,63e9e044182dd0f8d70935f6,indisch
https://www.hellofresh.de/recipes/wurziges-dal-mit-tomaten-und-prinzessbohnen-61de9d2101bd303c9e53e451,indische-rezepte,61de9d2101bd303c9e53e451,indisch
https://www.hellofresh.de/recipes/indisches-korma-curry-mit-zucchini-616e9c5641aa1773913feaeb,indische-rezepte,616e9c5641aa1773913feaeb,indisch
https://www.hellofresh.de/recipes/indisches-susskartoffel-tikka-curry-643e11aaaa8a29a0f90147da,indische-rezepte,643e11aaaa8a29a0f90147da,indisch
https://www.hellofresh.de/recipes/cremiges-hahnchencurry-mit-kichererbsen-6331c52c8a9944675e095ebd,indische-rezepte,6331c52c8a9944675e095ebd,indisch
https://www.hellofresh.de/recipes/tofu-tikka-masala-tomatiges-blumenkohl-curry-62285ebad33fa1304632cc44,indische-rezepte,62285ebad33fa1304632cc44,indisch
https://www.hellofresh.de/recipes/indische-kichererbsen-kokos-suppe-65200f54be675f371f8ad6dc,indische-rezepte,65200f54be675f371f8ad6dc,indisch
https://www.hellofresh.de/recipes/filo-samosas-mit-wurziger-kichererbsen-fullung-63cfb2872917090b360fc895,indische-rezepte,63cfb2872917090b360fc895,indisch
https://www.hellofresh.de/recipes/golden-rice-bowl-mit-curryreis-and-harissa-kichererbsen-62285ed616d42e47f04d7a58,indische-rezepte,62285ed616d42e47f04d7a58,indisch
https://www.hellofresh.de/recipes/chana-masala-mit-kichererbsen-und-babyspinat-661e8eb2a0f8bf5f811e9e60,indische-rezepte,661e8eb2a0f8bf5f811e9e60,indisch
https://www.hellofresh.de/recipes/goldenes-curry-mit-spitzkohl-und-karotten-646c9344b24343bf3c075ed8,indische-rezepte,646c9344b24343bf3c075ed8,indisch
https://www.hellofresh.de/recipes/boller-i-karry-cremige-curry-hackballchen-66b23b331047ce9880456f21,indische-rezepte,66b23b331047ce9880456f21,indisch
https://www.hellofresh.de/recipes/tikka-masala-curry-mit-hahnchenbrust-5ecf9884a2f23226ec320dfa,indische-rezepte,5ecf9884a2f23226ec320dfa,indisch
https://www.hellofresh.de/recipes/yaki-onigiri-reisballchen-auf-tofu-korma-curry-6729f98f12c55222c8cc860f,indische-rezepte,6729f98f12c55222c8cc860f,indisch
https://www.hellofresh.de/recipes/indian-biryani-reispfanne-mit-hahnchen-and-minz-dip-623060560e6f9a2f075f608d,indische-rezepte,623060560e6f9a2f075f608d,indisch
https://www.hellofresh.de/recipes/madras-curry-fisch-mit-susskartoffel-karotten-puree-606c3c481c6c855ddb0c72c7,indische-rezepte,606c3c481c6c855ddb0c72c7,indisch
https://www.hellofresh.de/recipes/ofen-korma-curry-mit-saag-aloo-salat-6177c4ce06c0e935a03fb65d,indische-rezepte,6177c4ce06c0e935a03fb65d,indisch
https://www.hellofresh.de/recipes/mildes-hahnchencurry-mit-krauterreis-64c92d6a7db4d7c79402bd31,indische-rezepte,64c92d6a7db4d7c79402bd31,indisch
https://www.hellofresh.de/recipes/hahnchenschenkel-mit-birnenchutney-5f7d897e56671358d02c9eac,indische-rezepte,5f7d897e56671358d02c9eac,indisch
https://www.hellofresh.de/recipes/alu-gobhi-blumenkohl-curry-mit-zitronenreis-64c92d3f7db4d7c79402bd2d,indische-rezepte,64c92d3f7db4d7c79402bd2d,indisch
https://www.hellofresh.de/recipes/indische-kichererbsen-kokos-suppe-655b301c5234ba85b73a9ee6,indische-rezepte,655b301c5234ba85b73a9ee6,indisch
https://www.hellofresh.de/recipes/scharfer-sriracha-blumenkohl-mit-dalsosse-64df2a63edeb8104eac90af9,indische-rezepte,64df2a63edeb8104eac90af9,indisch
https://www.hellofresh.de/recipes/tikka-masala-curry-mit-hahnchenbrust-5f8fffa365375718a35e0c59,indische-rezepte,5f8fffa365375718a35e0c59,indisch
https://www.hellofresh.de/recipes/filo-samosas-mit-wurziger-kichererbsen-fullung-6384c16f823854f58603ced9,indische-rezepte,6384c16f823854f58603ced9,indisch
https://www.hellofresh.de/recipes/aloo-saag-indisches-spinat-curry-mit-kartoffeln-64e860aa40ec4203972fa8f8,indische-rezepte,64e860aa40ec4203972fa8f8,indisch
https://www.hellofresh.de/recipes/indisches-korma-curry-mit-extra-kabeljau-616e9ba9ea84dd66826be774,indische-rezepte,616e9ba9ea84dd66826be774,indisch
https://www.hellofresh.de/recipes/cremiges-hahnchencurry-mit-kichererbsen-65ae397d205245479062884e,indische-rezepte,65ae397d205245479062884e,indisch
https://www.hellofresh.de/recipes/filo-samosas-mit-wurziger-kichererbsen-fullung-64bf76aaa5ca5447de0b14e0,indische-rezepte,64bf76aaa5ca5447de0b14e0,indisch
https://www.hellofresh.de/recipes/scharfer-sriracha-blumenkohl-mit-dalsosse-662b95268a5cda45f8e29a3d,indische-rezepte,662b95268a5cda45f8e29a3d,indisch
https://www.hellofresh.de/recipes/chana-masala-mit-kichererbsen-und-babyspinat-669a5c7cbc8245c8779c2261,indische-rezepte,669a5c7cbc8245c8779c2261,indisch
https://www.hellofresh.de/recipes/filo-samosas-mit-wurziger-kichererbsen-fullung-6478b4db4a7bfd4978084972,indische-rezepte,6478b4db4a7bfd4978084972,indisch
https://www.hellofresh.de/recipes/chana-masala-kichererbsen-curry-mit-koriander-606c3c1d4bb5d35d2a1cc673,indische-rezepte,606c3c1d4bb5d35d2a1cc673,indisch
https://www.hellofresh.de/recipes/hirtenkase-in-sesam-knusper-panade-63cfb23014640698e6057d5f,indische-rezepte,63cfb23014640698e6057d5f,indisch
https://www.hellofresh.de/recipes/chana-masala-mit-frischem-mango-lassi-drink-64df8be0059e1b8982c03a53,indische-rezepte,64df8be0059e1b8982c03a53,indisch
https://www.hellofresh.de/recipes/gelbes-curry-mit-buntem-ofengemuse-60bddd370f2e475856116162,indische-rezepte,60bddd370f2e475856116162,indisch
https://www.hellofresh.de/recipes/indischer-curry-fisch-mit-scharfer-zucchini-5f6d95b7b4e0253fef0c0ccd,indische-rezepte,5f6d95b7b4e0253fef0c0ccd,indisch
https://www.hellofresh.de/recipes/scharfes-dal-curry-mit-smashed-potatoes-65859b53c6869ff77feb09d4,indische-rezepte,65859b53c6869ff77feb09d4,indisch
https://www.hellofresh.de/recipes/masala-blumenkohl-mit-raita-dip-6006e61af7d42b3975163211,indische-rezepte,6006e61af7d42b3975163211,indisch
https://www.hellofresh.de/recipes/beyond-mumbai-burger-671f97824251e0dbe4bdf800,indische-rezepte,671f97824251e0dbe4bdf800,indisch
https://www.hellofresh.de/recipes/indische-kichererbsen-kokos-suppe-65952a336b4bf2cf1c67986e,indische-rezepte,65952a336b4bf2cf1c67986e,indisch
https://www.hellofresh.de/recipes/goldenes-curry-mit-spitzkohl-und-karotten-6434bffc1cc3eab1f70372fc,indische-rezepte,6434bffc1cc3eab1f70372fc,indisch
https://www.hellofresh.de/recipes/indisches-susskartoffel-tikka-curry-630cb6e4e2b78978310dc087,indische-rezepte,630cb6e4e2b78978310dc087,indisch
https://www.hellofresh.de/recipes/cremiges-hahnchencurry-5fbb9877c1ea4b6df56cf5df,indische-rezepte,5fbb9877c1ea4b6df56cf5df,indisch
https://www.hellofresh.de/recipes/scharfes-dal-curry-mit-smashed-potatoes-661e8e6fa0f8bf5f811e9bc1,indische-rezepte,661e8e6fa0f8bf5f811e9bc1,indisch
https://www.hellofresh.de/recipes/fleischballchen-in-currysosse-mit-ofenkarotten-60d5f0932a4e144c1f25813b,indische-rezepte,60d5f0932a4e144c1f25813b,indisch
https://www.hellofresh.de/recipes/grunkohl-curry-eintopf-64e860a24e40d5c6cb1a52f9,indische-rezepte,64e860a24e40d5c6cb1a52f9,indisch
https://www.hellofresh.de/recipes/bombay-chicken-korma-wrap-65200f59188676f47c1b289d,indische-rezepte,65200f59188676f47c1b289d,indisch
https://www.hellofresh.de/recipes/rotes-hahnchen-kurbis-curry-64e71b9c4e40d5c6cb1a2a3b,indische-rezepte,64e71b9c4e40d5c6cb1a2a3b,indisch
https://www.hellofresh.de/recipes/aprikosen-hahnchen-mit-piri-piri-gemuse-6602910caa3c1e8a8574625a,indische-rezepte,6602910caa3c1e8a8574625a,indisch
https://www.hellofresh.de/recipes/cremiges-hahnchencurry-mit-kichererbsen-64916be9f1751f6f53055509,indische-rezepte,64916be9f1751f6f53055509,indisch
https://www.hellofresh.de/recipes/mildes-hahnchencurry-mit-krauterreis-61002b66f4346a2fda0c39d8,indische-rezepte,61002b66f4346a2fda0c39d8,indisch
https://www.hellofresh.de/recipes/cremiges-hahnchencurry-mit-kichererbsen-641908fc2270ba35ee0a4480,indische-rezepte,641908fc2270ba35ee0a4480,indisch
https://www.hellofresh.de/recipes/indisches-susskartoffel-tikka-curry-5ea843fbefc0245afb4ccc29,indische-rezepte,5ea843fbefc0245afb4ccc29,indisch
https://www.hellofresh.de/recipes/tikka-masala-curry-mit-susskartoffel-and-chapati-61fa49ce1ac99118ca5e9f6a,indische-rezepte,61fa49ce1ac99118ca5e9f6a,indisch
https://www.hellofresh.de/recipes/indischer-gemusetopf-mit-blumenkohl-62fbdf2a426acbca87073c5f,indische-rezepte,62fbdf2a426acbca87073c5f,indisch
https://www.hellofresh.de/recipes/mildes-hahnchencurry-mit-krauterreis-6500836e53d80a036210b332,indische-rezepte,6500836e53d80a036210b332,indisch
https://www.hellofresh.de/recipes/scharfer-sriracha-blumenkohl-mit-dalsosse-65c9ea04fb119bc90e9d1ba1,indische-rezepte,65c9ea04fb119bc90e9d1ba1,indisch
https://www.hellofresh.de/recipes/scharfer-sriracha-blumenkohl-mit-dalsosse-64fed00c333d6f05dac363b5,indische-rezepte,64fed00c333d6f05dac363b5,indisch
https://www.hellofresh.de/recipes/indisches-hahnchen-tikka-curry-5e667a003bc48f4dda290739,indische-rezepte,5e667a003bc48f4dda290739,indisch
https://www.hellofresh.de/recipes/cremiges-hahnchencurry-mit-kichererbsen-64df2a0d614f75555c20eb69,indische-rezepte,64df2a0d614f75555c20eb69,indisch
https://www.hellofresh.de/recipes/indisches-dal-mit-butter-chapati-brot-5ffdb99de77fec7fea5dcce6,indische-rezepte,5ffdb99de77fec7fea5dcce6,indisch
https://www.hellofresh.de/recipes/rotes-hahnchen-kurbis-curry-66b23b3a1047ce9880456f8d,indische-rezepte,66b23b3a1047ce9880456f8d,indisch
https://www.hellofresh.de/recipes/blumenkohl-in-dalsosse-64e740084e40d5c6cb1a313d,indische-rezepte,64e740084e40d5c6cb1a313d,indisch
https://www.hellofresh.de/recipes/rotes-hahnchen-kurbis-curry-6669cf6416b67b5e090537ed,indische-rezepte,6669cf6416b67b5e090537ed,indisch
https://www.hellofresh.de/recipes/golden-rice-bowl-mit-curryreis-and-harissa-kichererbsen-62c436bc4ea7f5eb3b08ba97,indische-rezepte,62c436bc4ea7f5eb3b08ba97,indisch
https://www.hellofresh.de/recipes/chana-masala-mit-kichererbsen-und-babyspinat-662b950b3b46bb8bbaebd314,indische-rezepte,662b950b3b46bb8bbaebd314,indisch
https://www.hellofresh.de/recipes/mildes-hahnchencurry-mit-krauterreis-65b8ff53ff40ab187c9ed3b9,indische-rezepte,65b8ff53ff40ab187c9ed3b9,indisch
https://www.hellofresh.de/recipes/indische-kichererbsen-kokos-suppe-610d4cf646acee17cf29f4da,indische-rezepte,610d4cf646acee17cf29f4da,indisch
https://www.hellofresh.de/recipes/veganes-dal-makhani-scharfes-indisches-curry-64e860ac00af9633818baec6,indische-rezepte,64e860ac00af9633818baec6,indisch
https://www.hellofresh.de/recipes/indisches-korma-curry-mit-zucchini-647f4ab11aa25542f10edfcb,indische-rezepte,647f4ab11aa25542f10edfcb,indisch
https://www.hellofresh.de/recipes/beyond-mumbai-burger-66c35cb4ac0a1f91a366d148,indische-rezepte,66c35cb4ac0a1f91a366d148,indisch
https://www.hellofresh.de/recipes/goldenes-curry-mit-buntem-ofengemuse-63171df0f4e14bb93d040fb2,indische-rezepte,63171df0f4e14bb93d040fb2,indisch
https://www.hellofresh.de/recipes/tikka-fish-pot-seehecht-spiess-auf-linsencurry-61e6b813ea1c5505341fa1ab,indische-rezepte,61e6b813ea1c5505341fa1ab,indisch
https://www.hellofresh.de/recipes/kokos-tikka-masala-mit-blumenkohl-und-mandeln-611a086a9a955e64bf38f909,indische-rezepte,611a086a9a955e64bf38f909,indisch
https://www.hellofresh.de/recipes/hahnchencurry-mit-krauterreis-60ae0d7b93df84485c4db27c,indische-rezepte,60ae0d7b93df84485c4db27c,indisch
https://www.hellofresh.de/recipes/veganes-dal-makhani-pikantes-bohnen-curry-66b23b2a1047ce9880456e85,indische-rezepte,66b23b2a1047ce9880456e85,indisch
https://www.hellofresh.de/recipes/madras-hahnchen-spiesse-64e860ab4e40d5c6cb1a5443,indische-rezepte,64e860ab4e40d5c6cb1a5443,indisch
https://www.hellofresh.de/recipes/tikka-masala-curry-mit-extra-garnelen-6177c437c08ee45d2059975b,indische-rezepte,6177c437c08ee45d2059975b,indisch
https://www.hellofresh.de/recipes/veganes-indisches-susskartoffelcurry-5fab9cc1aa08b916ec15706d,indische-rezepte,5fab9cc1aa08b916ec15706d,indisch
https://www.hellofresh.de/recipes/gelbes-curry-mit-ofengemuse-5f07013ce5dad52a9d61d31e,indische-rezepte,5f07013ce5dad52a9d61d31e,indisch
https://www.hellofresh.de/recipes/curry-linsensuppe-mit-susskartoffel-60c9a30d52bed1601b0ad91c,indische-rezepte,60c9a30d52bed1601b0ad91c,indisch
https://www.hellofresh.de/recipes/bombay-chicken-korma-wrap-6500839832e9107c6db8e56c,indische-rezepte,6500839832e9107c6db8e56c,indisch
https://www.hellofresh.de/recipes/indisches-susskartoffel-tikka-curry-5f1aa475ccfebf2575486f42,indische-rezepte,5f1aa475ccfebf2575486f42,indisch
https://www.hellofresh.de/recipes/wurziges-dal-curry-mit-smashed-potatoes-64bf77225853e2d98809b6be,indische-rezepte,64bf77225853e2d98809b6be,indisch
https://www.hellofresh.de/recipes/cremiges-hahnchencurry-605cf2007d47b30e4f35f3d3,indische-rezepte,605cf2007d47b30e4f35f3d3,indisch
https://www.hellofresh.de/recipes/scharfer-sriracha-blumenkohl-mit-dalsosse-64631b0389460996c108b269,indische-rezepte,64631b0389460996c108b269,indisch
https://www.hellofresh.de/recipes/indisches-korma-curry-mit-zucchini-6405c84c2efaf6b2fa0f23a6,indische-rezepte,6405c84c2efaf6b2fa0f23a6,indisch
https://www.hellofresh.de/recipes/hahnchen-reispfanne-mit-aprikosen-minz-joghurt-66fbcd204c6de2e4afe67563,indische-rezepte,66fbcd204c6de2e4afe67563,indisch
https://www.hellofresh.de/recipes/indische-kichererbsen-kokos-suppe-621f11f9d4f181054b29aba3,indische-rezepte,621f11f9d4f181054b29aba3,indisch
https://www.hellofresh.de/recipes/tikka-masala-curry-mit-halloumi-5e85b22823f66c6594034656,indische-rezepte,5e85b22823f66c6594034656,indisch
https://www.hellofresh.de/recipes/scharfer-sriracha-blumenkohl-mit-dalsosse-66014c36d3a080fba6906837,indische-rezepte,66014c36d3a080fba6906837,indisch
https://www.hellofresh.de/recipes/hahnchen-reispfanne-mit-aprikosen-minz-joghurt-62f0fcec0bb322db3a078f7d,indische-rezepte,62f0fcec0bb322db3a078f7d,indisch
https://www.hellofresh.de/recipes/chana-masala-mit-kichererbsen-und-babyspinat-668e685eda99f37bb7c06a5f,indische-rezepte,668e685eda99f37bb7c06a5f,indisch
https://www.hellofresh.de/recipes/schnelle-hahnchen-curry-reispfanne-667000e977d4ed4ef249f9ea,indische-rezepte,667000e977d4ed4ef249f9ea,indisch
https://www.hellofresh.de/recipes/januar-kurkuma-boost-blumenkohl-curry-654a4cd9fd4304b9ba897eed,indische-rezepte,654a4cd9fd4304b9ba897eed,indisch
https://www.hellofresh.de/recipes/mildes-hahnchencurry-mit-krauterreis-6478a8d90d799628a6015aab,indische-rezepte,6478a8d90d799628a6015aab,indisch
https://www.hellofresh.de/recipes/chicken-biryani-mit-cranberries-and-brokkoli-643e1197a345e7f61208a66a,indische-rezepte,643e1197a345e7f61208a66a,indisch
https://www.hellofresh.de/recipes/hahnchen-korma-mit-buntem-gemuse-66eac39b27cb7aed8b812995,indische-rezepte,66eac39b27cb7aed8b812995,indisch
https://www.hellofresh.de/recipes/filo-samosas-mit-wurziger-kichererbsen-fullung-62540a3bed945032fe7a37c1,indische-rezepte,62540a3bed945032fe7a37c1,indisch
https://www.hellofresh.de/recipes/indische-kichererbsen-kokos-suppe-616e9c043bb3694f0c6500f2,indische-rezepte,616e9c043bb3694f0c6500f2,indisch
https://www.hellofresh.de/recipes/hahnchen-reispfanne-mit-aprikosen-minz-joghurt-6478aa7362b3f549d0021597,indische-rezepte,6478aa7362b3f549d0021597,indisch
https://www.hellofresh.de/recipes/alu-gobhi-blumenkohl-curry-mit-reis-653154318732f93fdb1561a8,indische-rezepte,653154318732f93fdb1561a8,indisch
https://www.hellofresh.de/recipes/hahnchen-reispfanne-mit-aprikosen-minz-joghurt-65b2422c3ebf28940b2ffad2,indische-rezepte,65b2422c3ebf28940b2ffad2,indisch
https://www.hellofresh.de/recipes/indisches-susskartoffel-tikka-curry-64e3b211e1f123211ed5642f,indische-rezepte,64e3b211e1f123211ed5642f,indisch
https://www.hellofresh.de/recipes/bombay-chicken-korma-wrap-643e119d8bcf270f670c1ac9,indische-rezepte,643e119d8bcf270f670c1ac9,indisch
https://www.hellofresh.de/recipes/mildes-hahnchencurry-mit-krauterreis-65b242973ebf28940b300043,indische-rezepte,65b242973ebf28940b300043,indisch
https://www.hellofresh.de/recipes/indisches-susskartoffel-tikka-curry-5fc66ac05759741b007ac956,indische-rezepte,5fc66ac05759741b007ac956,indisch
https://www.hellofresh.de/recipes/indische-kichererbsen-kokos-suppe-62fbdf085f0fc90c830ae171,indische-rezepte,62fbdf085f0fc90c830ae171,indisch
https://www.hellofresh.de/recipes/cremiges-hahnchencurry-mit-kichererbsen-6459e7159bf593232600f3f4,indische-rezepte,6459e7159bf593232600f3f4,indisch
https://www.hellofresh.de/recipes/one-pan-hahnchen-reis-mit-aprikosen-minz-joghurt-668e68d96d9531676611a760,indische-rezepte,668e68d96d9531676611a760,indisch
https://www.hellofresh.de/recipes/one-pan-hahnchen-reis-mit-aprikosen-minz-joghurt-668e68866d9531676611a5c4,indische-rezepte,668e68866d9531676611a5c4,indisch
https://www.hellofresh.de/recipes/hahnchen-reispfanne-mit-aprikosen-minz-joghurt-669a5c78bc8245c8779c2228,indische-rezepte,669a5c78bc8245c8779c2228,indisch
https://www.hellofresh.de/recipes/pulled-mushroom-tikka-masala-651ac235188676f47c1aaef5,indische-rezepte,651ac235188676f47c1aaef5,indisch
https://www.hellofresh.de/recipes/goldenes-curry-mit-spitzkohl-und-karotten-64ca2bdc95329336040d6258,indische-rezepte,64ca2bdc95329336040d6258,indisch
https://www.hellofresh.de/recipes/indisches-susskartoffel-tikka-curry-6384c11a1ce777400f0ee067,indische-rezepte,6384c11a1ce777400f0ee067,indisch
https://www.hellofresh.de/recipes/indische-kichererbsen-kokos-suppe-65859b6cf9c7ff8689945dc8,indische-rezepte,65859b6cf9c7ff8689945dc8,indisch
https://www.hellofresh.de/recipes/chana-masala-mit-kichererbsen-65b24289d1da3988cdd86708,indische-rezepte,65b24289d1da3988cdd86708,indisch
https://www.hellofresh.de/recipes/goldenes-curry-mit-buntem-ofengemuse-6360f430b1c02f6c800fd8d7,indische-rezepte,6360f430b1c02f6c800fd8d7,indisch
https://www.hellofresh.de/recipes/frische-bandnudeln-in-curry-sahne-sosse-mit-brokkoli-642ba10cb5081feedb0aea32,indische-rezepte,642ba10cb5081feedb0aea32,indisch
https://www.hellofresh.de/recipes/hahnchen-reispfanne-mit-aprikosen-minz-joghurt-671f974b10bbc833b98f8e02,indische-rezepte,671f974b10bbc833b98f8e02,indisch
https://www.hellofresh.de/recipes/pizzetta-mit-bbq-chicken-6512b0ce3e0981e84af22e30,amerikanische-rezepte,6512b0ce3e0981e84af22e30,amerikanisch
https://www.hellofresh.de/recipes/american-bbq-paprika-hahnchenkeule-65d48bda6c4f2239898764e6,amerikanische-rezepte,65d48bda6c4f2239898764e6,amerikanisch
https://www.hellofresh.de/recipes/chicken-parm-cheesy-schnitzel-65d4899aebca12e27305379e,amerikanische-rezepte,65d4899aebca12e27305379e,amerikanisch
https://www.hellofresh.de/recipes/hahnchenbrust-mit-pflaumen-sriracha-sosse-656468972d94ad532d61fa6e,amerikanische-rezepte,656468972d94ad532d61fa6e,amerikanisch
https://www.hellofresh.de/recipes/say-cheese-muschelnudel-bar-mit-extra-kase-669e6f1744e4fbb9d21306c1,amerikanische-rezepte,669e6f1744e4fbb9d21306c1,amerikanisch
https://www.hellofresh.de/recipes/say-cheese-muschelnudel-bar-mit-extra-kase-6669cf39c2b46cc6d55351ff,amerikanische-rezepte,6669cf39c2b46cc6d55351ff,amerikanisch
https://www.hellofresh.de/recipes/knusprige-blumenkohl-nuggets-66262398cae59979d908d8d3,amerikanische-rezepte,66262398cae59979d908d8d3,amerikanisch
https://www.hellofresh.de/recipes/cheesy-spinach-melt-65b2421d3ebf28940b2ffa13,amerikanische-rezepte,65b2421d3ebf28940b2ffa13,amerikanisch
https://www.hellofresh.de/recipes/avocado-fisch-burger-64f7095471b62ce1283393f9,amerikanische-rezepte,64f7095471b62ce1283393f9,amerikanisch
https://www.hellofresh.de/recipes/pizzetta-mit-bbq-chicken-64bf7663e38239a2f101da8c,amerikanische-rezepte,64bf7663e38239a2f101da8c,amerikanisch
https://www.hellofresh.de/recipes/grillhahnchen-burger-mit-kartoffelspalten-65859b20f9c7ff86899458d4,amerikanische-rezepte,65859b20f9c7ff86899458d4,amerikanisch
https://www.hellofresh.de/recipes/hahnchenbrust-mit-pflaumen-sriracha-sosse-64c92d9e79f8a96b72027c0c,amerikanische-rezepte,64c92d9e79f8a96b72027c0c,amerikanisch
https://www.hellofresh.de/recipes/knoblauch-garnelen-and-cajun-hahnchen-6523c3b06720825b47fcd7b5,amerikanische-rezepte,6523c3b06720825b47fcd7b5,amerikanisch
https://www.hellofresh.de/recipes/mini-burgers-fur-champions-660d41271f3d24d03a717e77,amerikanische-rezepte,660d41271f3d24d03a717e77,amerikanisch
https://www.hellofresh.de/recipes/feines-rinderhuftsteak-mit-cowboy-butter-sosse-6501c4ad270f68660e1a697c,amerikanische-rezepte,6501c4ad270f68660e1a697c,amerikanisch
https://www.hellofresh.de/recipes/chicken-parm-cheesy-schnitzel-65f1ed17d4f950689014d05b,amerikanische-rezepte,65f1ed17d4f950689014d05b,amerikanisch
https://www.hellofresh.de/recipes/tex-mex-fajita-pfanne-mit-rinderhuftsteak-64e341a3e1f123211ed54c5d,amerikanische-rezepte,64e341a3e1f123211ed54c5d,amerikanisch
https://www.hellofresh.de/recipes/knoblauch-garnelen-und-cajun-hahnchen-6641d6264e43120cb074b513,amerikanische-rezepte,6641d6264e43120cb074b513,amerikanisch
https://www.hellofresh.de/recipes/grillhahnchen-burger-mit-kartoffelspalten-65f963d5473c4f42771cff8f,amerikanische-rezepte,65f963d5473c4f42771cff8f,amerikanisch
https://www.hellofresh.de/recipes/honig-senf-hahnchensalat-mit-avocado-6669cf3d3acc3d3ec3369168,amerikanische-rezepte,6669cf3d3acc3d3ec3369168,amerikanisch
https://www.hellofresh.de/recipes/honig-senf-hahnchensalat-mit-avocado-6669cefc3acc3d3ec3368e84,amerikanische-rezepte,6669cefc3acc3d3ec3368e84,amerikanisch
https://www.hellofresh.de/recipes/chicken-fingers-mit-tomatendip-65b242323ebf28940b2ffb2f,amerikanische-rezepte,65b242323ebf28940b2ffb2f,amerikanisch
https://www.hellofresh.de/recipes/grillhahnchen-burger-mit-kartoffelspalten-655b2d3c2d94ad532d60e0e2,amerikanische-rezepte,655b2d3c2d94ad532d60e0e2,amerikanisch
https://www.hellofresh.de/recipes/chicken-fingers-mit-tomatendip-66436066db12ba3a5e0fb172,amerikanische-rezepte,66436066db12ba3a5e0fb172,amerikanisch
https://www.hellofresh.de/recipes/dazu-frisch-zubereitete-lime-mint-limo-6656f34d424189ccb4596326,amerikanische-rezepte,6656f34d424189ccb4596326,amerikanisch
https://www.hellofresh.de/recipes/chicken-salad-sandwich-65f867d94690e3c0904715ec,amerikanische-rezepte,65f867d94690e3c0904715ec,amerikanisch
https://www.hellofresh.de/recipes/green-goddess-salad-mit-avocado-661e8e74019ddbd535c038e2,amerikanische-rezepte,661e8e74019ddbd535c038e2,amerikanisch
https://www.hellofresh.de/recipes/rigatoni-auflauf-mit-bio-rinderhack-65fc4ee8a302a46b20a9a95c,amerikanische-rezepte,65fc4ee8a302a46b20a9a95c,amerikanisch
https://www.hellofresh.de/recipes/caesar-salad-mit-crispy-bacon-65fbfe7689ba98305e89ee50,amerikanische-rezepte,65fbfe7689ba98305e89ee50,amerikanisch
https://www.hellofresh.de/recipes/gerostete-paprika-suppe-667a7a215a72861e4ea1e35d,amerikanische-rezepte,667a7a215a72861e4ea1e35d,amerikanisch
https://www.hellofresh.de/recipes/11-meter-burger-mit-deftigem-hackfleisch-66014f9388ae29ee0ef45c55,amerikanische-rezepte,66014f9388ae29ee0ef45c55,amerikanisch
https://www.hellofresh.de/recipes/grillhahnchen-burger-mit-kartoffelspalten-6564689d2d94ad532d61fabf,amerikanische-rezepte,6564689d2d94ad532d61fabf,amerikanisch
https://www.hellofresh.de/recipes/mini-burgers-fur-champions-65f963a08b3de89f4a7863a1,amerikanische-rezepte,65f963a08b3de89f4a7863a1,amerikanisch
https://www.hellofresh.de/recipes/feines-rinderhuftsteak-mit-cowboy-butter-sosse-665d878ec823a427aed19596,amerikanische-rezepte,665d878ec823a427aed19596,amerikanisch
https://www.hellofresh.de/recipes/sloppy-joe-burger-mit-rinderhackfleischsosse-661e8e9e019ddbd535c03a72,amerikanische-rezepte,661e8e9e019ddbd535c03a72,amerikanisch
https://www.hellofresh.de/recipes/alfredos-style-frische-linguine-in-kokoscreme-668e6868018283f1f439bb5d,amerikanische-rezepte,668e6868018283f1f439bb5d,amerikanisch
https://www.hellofresh.de/recipes/sloppy-joe-burger-mit-rinderhackfleischsosse-65200f176c05521bbf6dd5dd,amerikanische-rezepte,65200f176c05521bbf6dd5dd,amerikanisch
https://www.hellofresh.de/recipes/buffalo-blumenkohl-bites-mit-susskartoffeln-64c87213828ce8d09b0b4400,amerikanische-rezepte,64c87213828ce8d09b0b4400,amerikanisch
https://www.hellofresh.de/recipes/chicken-parm-cheesy-schnitzel-65f1efa2d4f950689014d0d3,amerikanische-rezepte,65f1efa2d4f950689014d0d3,amerikanisch
https://www.hellofresh.de/recipes/melted-cheese-bacon-burger-mit-bio-rinderhack-65f867de473c4f42771ce6a1,amerikanische-rezepte,65f867de473c4f42771ce6a1,amerikanisch
https://www.hellofresh.de/recipes/melted-cheese-bacon-burger-mit-hackfleisch-64e3b218e1f123211ed5648a,amerikanische-rezepte,64e3b218e1f123211ed5648a,amerikanisch
https://www.hellofresh.de/recipes/panierter-portobello-mit-sesam-kartoffeln-661e8ecc019ddbd535c03b8e,amerikanische-rezepte,661e8ecc019ddbd535c03b8e,amerikanisch
https://www.hellofresh.de/recipes/wurzige-hahnchenstrips-mit-karotten-slaw-64fecd03333d6f05dac362ca,amerikanische-rezepte,64fecd03333d6f05dac362ca,amerikanisch
https://www.hellofresh.de/recipes/howdy-grillhahnchen-usa-style-661e8ee1019ddbd535c03bea,amerikanische-rezepte,661e8ee1019ddbd535c03bea,amerikanisch
https://www.hellofresh.de/recipes/beyond-burger-mit-onion-rings-und-tomate-66450a3ac72b4f891e544fde,amerikanische-rezepte,66450a3ac72b4f891e544fde,amerikanisch
https://www.hellofresh.de/recipes/sauerteig-pinsa-bianca-mit-hirtenkase-birne-65f8674e4690e3c09047104e,amerikanische-rezepte,65f8674e4690e3c09047104e,amerikanisch
https://www.hellofresh.de/recipes/gruner-daumen-salat-mit-avocado-65a7da12cbafa858007b7abd,amerikanische-rezepte,65a7da12cbafa858007b7abd,amerikanisch
https://www.hellofresh.de/recipes/rainbow-wraps-mit-hirtenkase-64e8609d4e40d5c6cb1a529f,amerikanische-rezepte,64e8609d4e40d5c6cb1a529f,amerikanisch
https://www.hellofresh.de/recipes/kasefritten-mit-schwarz-rot-gold-dip-65d5ba936c4f2239898796de,amerikanische-rezepte,65d5ba936c4f2239898796de,amerikanisch
https://www.hellofresh.de/recipes/beyond-burger-bowl-mit-harissa-kartoffel-chips-6669cf37c2b46cc6d55351e4,amerikanische-rezepte,6669cf37c2b46cc6d55351e4,amerikanisch
https://www.hellofresh.de/recipes/feines-rinderhuftsteak-mit-cowboy-butter-sosse-65200f826c05521bbf6ddc15,amerikanische-rezepte,65200f826c05521bbf6ddc15,amerikanisch
https://www.hellofresh.de/recipes/feines-rinderhuftsteak-mit-cowboy-butter-sosse-6508729632e9107c6db96555,amerikanische-rezepte,6508729632e9107c6db96555,amerikanisch
https://www.hellofresh.de/recipes/honig-senf-hahnchensalat-mit-avocado-66389a996b5677e5d21e854f,amerikanische-rezepte,66389a996b5677e5d21e854f,amerikanisch
https://www.hellofresh.de/recipes/cheesy-chicken-parm-mit-basilikum-mayo-6553a46b2d94ad532d60598a,amerikanische-rezepte,6553a46b2d94ad532d60598a,amerikanisch
https://www.hellofresh.de/recipes/glazed-bbq-burger-mit-bio-hack-und-bacon-65d489b16c4f2239898762e7,amerikanische-rezepte,65d489b16c4f2239898762e7,amerikanisch
https://www.hellofresh.de/recipes/hahnchenbrust-mit-pflaumen-sriracha-sosse-65f867e81d9f403b835b551b,amerikanische-rezepte,65f867e81d9f403b835b551b,amerikanisch
https://www.hellofresh.de/recipes/kasefritten-mit-schwarz-rot-gold-dip-65f9635a6680f7ad9b79f870,amerikanische-rezepte,65f9635a6680f7ad9b79f870,amerikanisch
https://www.hellofresh.de/recipes/howdy-grillhahnchen-usa-style-661e920a5c9ad41013c0a550,amerikanische-rezepte,661e920a5c9ad41013c0a550,amerikanisch
https://www.hellofresh.de/recipes/caesar-salad-mit-crispy-bacon-664c63867d59947cc3a73432,amerikanische-rezepte,664c63867d59947cc3a73432,amerikanisch
https://www.hellofresh.de/recipes/veganer-crispy-chickimicki-burger-mit-truffelmayo-652936486720825b47fd6fff,amerikanische-rezepte,652936486720825b47fd6fff,amerikanisch
https://www.hellofresh.de/recipes/cheesy-spinach-melt-64df2a3d552e10127649f068,amerikanische-rezepte,64df2a3d552e10127649f068,amerikanisch
https://www.hellofresh.de/recipes/panierte-shrimps-mit-ranchdip-64ad72d6cfcd538e7c010a61,amerikanische-rezepte,64ad72d6cfcd538e7c010a61,amerikanisch
https://www.hellofresh.de/recipes/gerostete-paprika-suppe-661e8eeb5c9ad41013c0a275,amerikanische-rezepte,661e8eeb5c9ad41013c0a275,amerikanisch
https://www.hellofresh.de/recipes/rauchige-susskartoffel-hirtenkase-tacos-64e734077f5bd886e7b15945,amerikanische-rezepte,64e734077f5bd886e7b15945,amerikanisch
https://www.hellofresh.de/recipes/veganer-crispy-chickimicki-burger-65b242903ebf28940b2fffc6,amerikanische-rezepte,65b242903ebf28940b2fffc6,amerikanisch
https://www.hellofresh.de/recipes/prawn-caesar-salad-65200f846c05521bbf6ddc5c,amerikanische-rezepte,65200f846c05521bbf6ddc5c,amerikanisch
https://www.hellofresh.de/recipes/blt-wrap-mit-karamellisiertem-bacon-65d4891d7597174e16c0c705,amerikanische-rezepte,65d4891d7597174e16c0c705,amerikanisch
https://www.hellofresh.de/recipes/hahnchenbrust-mit-pflaumen-sriracha-sosse-661e8f11a0f8bf5f811ea272,amerikanische-rezepte,661e8f11a0f8bf5f811ea272,amerikanisch
https://www.hellofresh.de/recipes/teriyaki-burger-mit-bio-rindfleisch-664f48a34e62706bac1c3f50,amerikanische-rezepte,664f48a34e62706bac1c3f50,amerikanisch
https://www.hellofresh.de/recipes/susskartoffelsalat-mit-cajun-popcorn-tofu-64e4c6ade1f123211ed57210,amerikanische-rezepte,64e4c6ade1f123211ed57210,amerikanisch
https://www.hellofresh.de/recipes/howdy-grillhahnchen-usa-style-661e927e5c9ad41013c0a815,amerikanische-rezepte,661e927e5c9ad41013c0a815,amerikanisch
https://www.hellofresh.de/recipes/tex-mex-fajita-pfanne-mit-rinderhuftsteak-65008389786cce2df0e07806,amerikanische-rezepte,65008389786cce2df0e07806,amerikanisch
https://www.hellofresh.de/recipes/bbq-pizza-hawaii-mit-kasekruste-64e860a440ec4203972fa7d8,amerikanische-rezepte,64e860a440ec4203972fa7d8,amerikanisch
https://www.hellofresh.de/recipes/glazed-bbq-burger-mit-bio-rinderhack-and-bacon-6669cf2a3acc3d3ec33690b7,amerikanische-rezepte,6669cf2a3acc3d3ec33690b7,amerikanisch
https://www.hellofresh.de/recipes/oklahoma-style-onion-burger-mit-bio-rindfleisch-65f86780473c4f42771ce258,amerikanische-rezepte,65f86780473c4f42771ce258,amerikanisch
https://www.hellofresh.de/recipes/mini-burgers-fur-champions-65d37a23ebca12e27305185a,amerikanische-rezepte,65d37a23ebca12e27305185a,amerikanisch
https://www.hellofresh.de/recipes/honig-senf-hahnchensalat-mit-avocado-655b2f2e5234ba85b73a9e99,amerikanische-rezepte,655b2f2e5234ba85b73a9e99,amerikanisch
https://www.hellofresh.de/recipes/miso-butter-spaghetti-mit-portobello-64f8255b786cce2df0dfc631,amerikanische-rezepte,64f8255b786cce2df0dfc631,amerikanisch
https://www.hellofresh.de/recipes/green-goddess-salad-mit-avocado-64df2a4f614f75555c20eddf,amerikanische-rezepte,64df2a4f614f75555c20eddf,amerikanisch
https://www.hellofresh.de/recipes/caesar-salad-mit-crispy-bacon-664c63b07d59947cc3a73523,amerikanische-rezepte,664c63b07d59947cc3a73523,amerikanisch
https://www.hellofresh.de/recipes/grillhahnchen-burger-mit-kartoffelspalten-660586775ce3cbf560d799f2,amerikanische-rezepte,660586775ce3cbf560d799f2,amerikanisch
https://www.hellofresh.de/recipes/ofen-kurbis-sandwich-64e8607e00af9633818bac09,amerikanische-rezepte,64e8607e00af9633818bac09,amerikanisch
https://www.hellofresh.de/recipes/pizzetta-mit-bbq-chicken-64e735ba00af9633818b8a1e,amerikanische-rezepte,64e735ba00af9633818b8a1e,amerikanisch
https://www.hellofresh.de/recipes/knoblauch-garnelen-und-cajun-hahnchen-65859b86600988fb9c069c8f,amerikanische-rezepte,65859b86600988fb9c069c8f,amerikanisch
https://www.hellofresh.de/recipes/bbq-rauchertofu-mit-paprikagemuse-und-reis-64c92d97ea266b9e2f05adf0,amerikanische-rezepte,64c92d97ea266b9e2f05adf0,amerikanisch
https://www.hellofresh.de/recipes/knoblauch-garnelen-and-cajun-hahnchen-64df2a4eedeb8104eac90a24,amerikanische-rezepte,64df2a4eedeb8104eac90a24,amerikanisch
https://www.hellofresh.de/recipes/11-meter-burger-mit-deftigem-hackfleisch-66213821085685a844898dab,amerikanische-rezepte,66213821085685a844898dab,amerikanisch
https://www.hellofresh.de/recipes/veganer-crispy-chickimicki-burger-655b31b253b95b70f997f093,amerikanische-rezepte,655b31b253b95b70f997f093,amerikanisch
https://www.hellofresh.de/recipes/melted-cheese-bacon-burger-mit-bio-rinderhack-65859b2ff9c7ff8689945a20,amerikanische-rezepte,65859b2ff9c7ff8689945a20,amerikanisch
https://www.hellofresh.de/recipes/gerostete-paprika-suppe-mit-knoblauch-toast-653655dd2fab1d7bab0f2bc1,amerikanische-rezepte,653655dd2fab1d7bab0f2bc1,amerikanisch
https://www.hellofresh.de/recipes/wurzige-hahnchenstrips-mit-karotten-slaw-64e721454e40d5c6cb1a2b57,amerikanische-rezepte,64e721454e40d5c6cb1a2b57,amerikanisch
https://www.hellofresh.de/recipes/oklahoma-style-onion-burger-mit-bio-rindfleisch-656468d653b95b70f9991668,amerikanische-rezepte,656468d653b95b70f9991668,amerikanisch
https://www.hellofresh.de/recipes/vegane-cajun-hahnchen-pfanne-mit-drillingen-656468d52d94ad532d61fcb6,amerikanische-rezepte,656468d52d94ad532d61fcb6,amerikanisch
https://www.hellofresh.de/recipes/wurzige-hahnchenstrips-mit-karotten-slaw-651137514dbea4929878cea2,amerikanische-rezepte,651137514dbea4929878cea2,amerikanisch
https://www.hellofresh.de/recipes/tex-mex-fajita-pfanne-mit-rinderhuftsteak-65d48c266c4f2239898765e1,amerikanische-rezepte,65d48c266c4f2239898765e1,amerikanisch
https://www.hellofresh.de/recipes/ham-and-cheese-burrito-64e860ff4e40d5c6cb1a594b,amerikanische-rezepte,64e860ff4e40d5c6cb1a594b,amerikanisch
https://www.hellofresh.de/recipes/melted-cheese-bacon-burger-mit-bio-rinderhack-6669cf073acc3d3ec3368f48,amerikanische-rezepte,6669cf073acc3d3ec3368f48,amerikanisch
https://www.hellofresh.de/recipes/glazed-bbq-burger-mit-bio-hack-und-bacon-660d3d6f4c86bc584f550430,amerikanische-rezepte,660d3d6f4c86bc584f550430,amerikanisch
https://www.hellofresh.de/recipes/green-goddess-salad-mit-avocado-65f810241d9f403b835b3a9f,amerikanische-rezepte,65f810241d9f403b835b3a9f,amerikanisch
https://www.hellofresh.de/recipes/buffalo-blumenkohl-bites-mit-susskartoffeln-65f963be6680f7ad9b79fb5f,amerikanische-rezepte,65f963be6680f7ad9b79fb5f,amerikanisch
https://www.hellofresh.de/recipes/tex-mex-fajita-pfanne-mit-rinderhuftsteak-656468ca5234ba85b73bd944,amerikanische-rezepte,656468ca5234ba85b73bd944,amerikanisch
https://www.hellofresh.de/recipes/caesar-salad-mit-bacon-dazu-eine-limo-6669cf153acc3d3ec3368fca,amerikanische-rezepte,6669cf153acc3d3ec3368fca,amerikanisch
https://www.hellofresh.de/recipes/mexican-chicken-salad-652e5ad8d07173a1e1f10abe,amerikanische-rezepte,652e5ad8d07173a1e1f10abe,amerikanisch
https://www.hellofresh.de/recipes/cajun-schweinelachssteak-auf-wurzigem-bulgur-6655a6233c6f67065179e99d,amerikanische-rezepte,6655a6233c6f67065179e99d,amerikanisch
https://www.hellofresh.de/recipes/alfredos-style-frische-linguine-in-kokoscreme-65def1d29a647d3c9d371e15,amerikanische-rezepte,65def1d29a647d3c9d371e15,amerikanisch
https://www.hellofresh.de/recipes/chicken-cheese-burger-mit-ranchdressing-64e4d0e5e1f123211ed57365,amerikanische-rezepte,64e4d0e5e1f123211ed57365,amerikanisch
https://www.hellofresh.de/recipes/glazed-bbq-burger-mit-rinderhack-und-bacon-661e8ebf5c9ad41013c0a0e0,amerikanische-rezepte,661e8ebf5c9ad41013c0a0e0,amerikanisch
https://www.hellofresh.de/recipes/grillhahnchen-burger-mit-kartoffelspalten-65200f996c05521bbf6dddca,amerikanische-rezepte,65200f996c05521bbf6dddca,amerikanisch
https://www.hellofresh.de/recipes/panierter-portobello-mit-sesam-kartoffeln-65d489786c4f223989875f89,amerikanische-rezepte,65d489786c4f223989875f89,amerikanisch
https://www.hellofresh.de/recipes/honig-senf-hahnchensalat-mit-avocado-664360cddb12ba3a5e0fb5ad,amerikanische-rezepte,664360cddb12ba3a5e0fb5ad,amerikanisch
https://www.hellofresh.de/recipes/panierter-portobello-mit-sesam-kartoffeln-65b2420b3ebf28940b2ff95b,amerikanische-rezepte,65b2420b3ebf28940b2ff95b,amerikanisch
https://www.hellofresh.de/recipes/vegan-tuna-sandwich-mit-kapern-and-kichererbsen-6540c131e06ba9910277da57,amerikanische-rezepte,6540c131e06ba9910277da57,amerikanisch
https://www.hellofresh.de/recipes/melted-cheese-bacon-burger-mit-bio-rinderhack-660586989b244e4ad68eb96d,amerikanische-rezepte,660586989b244e4ad68eb96d,amerikanisch
https://www.hellofresh.de/recipes/chicken-pot-pie-cremiger-hahnchen-auflauf-6641d66fc72b4f891e540dba,amerikanische-rezepte,6641d66fc72b4f891e540dba,amerikanisch
https://www.hellofresh.de/recipes/kalifornischer-super-quick-sommer-6643610fdb12ba3a5e0fb6c5,amerikanische-rezepte,6643610fdb12ba3a5e0fb6c5,amerikanisch
https://www.hellofresh.de/recipes/feines-rinderhuftsteak-mit-cowboy-butter-sosse-65e5dca71101bf67206082b4,amerikanische-rezepte,65e5dca71101bf67206082b4,amerikanisch
https://www.hellofresh.de/recipes/cajun-chicken-mit-salat-in-buttermilch-dressing-64df2a18614f75555c20ebe1,amerikanische-rezepte,64df2a18614f75555c20ebe1,amerikanisch
https://www.hellofresh.de/recipes/vegan-pulled-bbq-and-onion-burger-mit-jalapeno-65d489637597174e16c0c9b6,amerikanische-rezepte,65d489637597174e16c0c9b6,amerikanisch
https://www.hellofresh.de/recipes/kasiger-kremiger-brokkolier-auflauf-64f5c2b87048962116ef6eeb,amerikanische-rezepte,64f5c2b87048962116ef6eeb,amerikanisch
https://www.hellofresh.de/recipes/glazed-bbq-burger-mit-rinderhack-und-bacon-66753f133d7908a0f17bc87b,amerikanische-rezepte,66753f133d7908a0f17bc87b,amerikanisch
https://www.hellofresh.de/recipes/chicken-parm-cheesy-schnitzel-65b2425dd1da3988cdd86522,amerikanische-rezepte,65b2425dd1da3988cdd86522,amerikanisch
https://www.hellofresh.de/recipes/honig-senf-hahnchensalat-mit-avocado-664360fec72b4f891e542e1d,amerikanische-rezepte,664360fec72b4f891e542e1d,amerikanisch
https://www.hellofresh.de/recipes/knoblauch-garnelen-and-cajun-hahnchen-652d01b2c88a1f5ba6f4d2a0,amerikanische-rezepte,652d01b2c88a1f5ba6f4d2a0,amerikanisch
https://www.hellofresh.de/recipes/vegan-crispy-chicken-bites-mit-kartoffelspalten-64e30dc4a2c417189e0d8bb3,amerikanische-rezepte,64e30dc4a2c417189e0d8bb3,amerikanisch
https://www.hellofresh.de/recipes/marshalls-flammenwerfer-cheeseburger-64ca2bb0ce75638a7b06b118,amerikanische-rezepte,64ca2bb0ce75638a7b06b118,amerikanisch
https://www.hellofresh.de/recipes/sloppy-joe-burger-mit-rinderhackfleischsosse-6548f2ca210a8fb22c33fb9f,amerikanische-rezepte,6548f2ca210a8fb22c33fb9f,amerikanisch
https://www.hellofresh.de/recipes/11-meter-burger-mit-deftigem-hackfleisch-65eee3f963963517a6406f9b,amerikanische-rezepte,65eee3f963963517a6406f9b,amerikanisch
https://www.hellofresh.de/recipes/vegane-cajun-hahnchen-pfanne-mit-drillingen-64e888d100af9633818bbe4c,amerikanische-rezepte,64e888d100af9633818bbe4c,amerikanisch
https://www.hellofresh.de/recipes/teriyaki-burger-mit-bio-rindfleisch-65d48953ebca12e27305330a,amerikanische-rezepte,65d48953ebca12e27305330a,amerikanisch
https://www.hellofresh.de/recipes/blt-wrap-mit-karamellisiertem-bacon-664c639cdb12ba3a5e101018,amerikanische-rezepte,664c639cdb12ba3a5e101018,amerikanisch
https://www.hellofresh.de/recipes/kasefritten-mit-schwarz-rot-gold-dip-660d41674c86bc584f5505f0,amerikanische-rezepte,660d41674c86bc584f5505f0,amerikanisch
https://www.hellofresh.de/recipes/gruner-daumen-salat-mit-avocado-65a7b51a20524547906214b8,amerikanische-rezepte,65a7b51a20524547906214b8,amerikanisch
https://www.hellofresh.de/recipes/11-meter-burger-mit-deftigem-hackfleisch-66156301c415e8779118b9c6,amerikanische-rezepte,66156301c415e8779118b9c6,amerikanisch
https://www.hellofresh.de/recipes/panierter-portobello-mit-sesam-kartoffeln-662b95157ceb4fe1685ef086,amerikanische-rezepte,662b95157ceb4fe1685ef086,amerikanisch
https://www.hellofresh.de/recipes/loaded-jacket-sweet-potato-mit-mais-und-tomate-65f8675c473c4f42771ce0d5,amerikanische-rezepte,65f8675c473c4f42771ce0d5,amerikanisch
https://www.hellofresh.de/recipes/blumenkohl-nuggets-mit-zitronenthymian-kartoffeln-65b242b73ebf28940b3000f9,amerikanische-rezepte,65b242b73ebf28940b3000f9,amerikanisch
https://www.hellofresh.de/recipes/veganes-pulled-in-bbq-marinade-65b2420ca8fb57b0b41e6f30,amerikanische-rezepte,65b2420ca8fb57b0b41e6f30,amerikanisch
https://www.hellofresh.de/recipes/putenbrust-mit-pflaumen-sriracha-sosse-656dbecd2db9273db6a41914,amerikanische-rezepte,656dbecd2db9273db6a41914,amerikanisch
https://www.hellofresh.de/recipes/blt-wrap-mit-karamellisiertem-bacon-64ca2bad8bb4c147c203994c,amerikanische-rezepte,64ca2bad8bb4c147c203994c,amerikanisch
https://www.hellofresh.de/recipes/veganer-crispy-chickimicki-burger-668e680dda99f37bb7c0695f,amerikanische-rezepte,668e680dda99f37bb7c0695f,amerikanisch
https://www.hellofresh.de/recipes/kasiger-teriyaki-burger-mit-scharfer-mayo-64c92d717bf76249ee081164,amerikanische-rezepte,64c92d717bf76249ee081164,amerikanisch
https://www.hellofresh.de/recipes/knoblauch-garnelen-und-cajun-hahnchen-661cebb1019ddbd535bff54a,amerikanische-rezepte,661cebb1019ddbd535bff54a,amerikanisch
https://www.hellofresh.de/recipes/beyond-meat-burger-mit-feigen-zwiebel-relish-655c847b2d94ad532d619138,amerikanische-rezepte,655c847b2d94ad532d619138,amerikanisch
https://www.hellofresh.de/recipes/feines-rinderhuftsteak-mit-cowboy-butter-sosse-65b2420fa8fb57b0b41e6f78,amerikanische-rezepte,65b2420fa8fb57b0b41e6f78,amerikanisch
https://www.hellofresh.de/recipes/quick-sommer-caesar-salat-664c63be8606e082f1884d92,amerikanische-rezepte,664c63be8606e082f1884d92,amerikanisch
https://www.hellofresh.de/recipes/blt-wrap-mit-karamellisiertem-bacon-662b950c8a5cda45f8e298f2,amerikanische-rezepte,662b950c8a5cda45f8e298f2,amerikanisch
https://www.hellofresh.de/recipes/knoblauch-garnelen-und-cajun-hahnchen-65c9ed525d02509305941b76,amerikanische-rezepte,65c9ed525d02509305941b76,amerikanisch
https://www.hellofresh.de/recipes/prawn-caesar-salad-65d489106c4f223989875a96,amerikanische-rezepte,65d489106c4f223989875a96,amerikanisch
https://www.hellofresh.de/recipes/ryders-superschnelle-huhnchen-power-nuggets-64df92fca2c417189e0d6b51,amerikanische-rezepte,64df92fca2c417189e0d6b51,amerikanisch
https://www.hellofresh.de/recipes/green-goddess-salad-mit-avocado-664c6371db12ba3a5e100f17,amerikanische-rezepte,664c6371db12ba3a5e100f17,amerikanisch
https://www.hellofresh.de/recipes/beyond-meat-burger-mit-feigen-zwiebel-relish-64f86d5a32e9107c6db836be,amerikanische-rezepte,64f86d5a32e9107c6db836be,amerikanisch
https://www.hellofresh.de/recipes/chases-blitzschneller-grillhahnchen-burger-64c92dad45d3ee496f01284d,amerikanische-rezepte,64c92dad45d3ee496f01284d,amerikanisch
https://www.hellofresh.de/recipes/cheesy-spinach-melt-662b951e7ceb4fe1685ef10a,amerikanische-rezepte,662b951e7ceb4fe1685ef10a,amerikanisch
https://www.hellofresh.de/recipes/veganer-crispy-chickimicki-burger-65bcbb8b75a56b8c9f84c821,amerikanische-rezepte,65bcbb8b75a56b8c9f84c821,amerikanisch
https://www.hellofresh.de/recipes/kalifornische-chicken-bowl-mit-avocado-6669cf16c2b46cc6d55350c7,amerikanische-rezepte,6669cf16c2b46cc6d55350c7,amerikanisch
https://www.hellofresh.de/recipes/cajun-chicken-salad-mit-hirtenkase-664f6f7d4e62706bac1c4139,amerikanische-rezepte,664f6f7d4e62706bac1c4139,amerikanisch
https://www.hellofresh.de/recipes/hahnchenbrust-mit-pflaumen-sriracha-sosse-650083a8786cce2df0e078ab,amerikanische-rezepte,650083a8786cce2df0e078ab,amerikanisch
https://www.hellofresh.de/recipes/cheesy-spinach-melt-661e8ed3a0f8bf5f811e9fe0,amerikanische-rezepte,661e8ed3a0f8bf5f811e9fe0,amerikanisch
https://www.hellofresh.de/recipes/teriyaki-burger-mit-bio-rindfleisch-662b95303b46bb8bbaebd4ad,amerikanische-rezepte,662b95303b46bb8bbaebd4ad,amerikanisch
https://www.hellofresh.de/recipes/bbq-rauchertofu-mit-paprikagemuse-und-reis-64df2a2dedeb8104eac908ee,amerikanische-rezepte,64df2a2dedeb8104eac908ee,amerikanisch
https://www.hellofresh.de/recipes/loaded-jacket-sweetpotatoes-64e8607d00af9633818bac00,amerikanische-rezepte,64e8607d00af9633818bac00,amerikanisch
https://www.hellofresh.de/recipes/11-meter-burger-mit-deftigem-hackfleisch-66210dbd019ddbd535c0861a,amerikanische-rezepte,66210dbd019ddbd535c0861a,amerikanisch
https://www.hellofresh.de/recipes/blumenkohl-nuggets-mit-zitronenthymian-kartoffeln-64bf76e160ab20e0b402f9c9,amerikanische-rezepte,64bf76e160ab20e0b402f9c9,amerikanisch
https://www.hellofresh.de/recipes/mini-burgers-fur-champions-66014e7ed3a080fba6906a08,amerikanische-rezepte,66014e7ed3a080fba6906a08,amerikanisch
https://www.hellofresh.de/recipes/grillhahnchen-burger-mit-kartoffelspalten-65b24507d1da3988cdd86a60,amerikanische-rezepte,65b24507d1da3988cdd86a60,amerikanisch
https://www.hellofresh.de/recipes/prawn-caesar-salad-64ca2b97205ba083ac0648c3,amerikanische-rezepte,64ca2b97205ba083ac0648c3,amerikanisch
https://www.hellofresh.de/recipes/prawn-caesar-salad-64e366f90989be803362e2dd,amerikanische-rezepte,64e366f90989be803362e2dd,amerikanisch
https://www.hellofresh.de/recipes/thai-hahnchen-salat-mit-erdnuss-soja-dressing-64c87252ebbbf03b300b56b9,amerikanische-rezepte,64c87252ebbbf03b300b56b9,amerikanisch
https://www.hellofresh.de/recipes/chicken-salad-sandwich-64e860864e40d5c6cb1a5206,amerikanische-rezepte,64e860864e40d5c6cb1a5206,amerikanisch
https://www.hellofresh.de/recipes/rauchige-susskartoffel-hirtenkase-tacos-656468862d94ad532d61f961,amerikanische-rezepte,656468862d94ad532d61f961,amerikanisch
https://www.hellofresh.de/recipes/schawarma-style-hahnchen-pizza-mit-paprika-65081a5c53d80a0362112f78,amerikanische-rezepte,65081a5c53d80a0362112f78,amerikanisch
https://www.hellofresh.de/recipes/melted-cheese-bacon-burger-mit-hackfleisch-64ad73403cfaca8d7803045a,amerikanische-rezepte,64ad73403cfaca8d7803045a,amerikanisch
https://www.hellofresh.de/recipes/feines-rinderhuftsteak-mit-cowboy-butter-sosse-660d3c09306b165ac1c041e4,amerikanische-rezepte,660d3c09306b165ac1c041e4,amerikanisch
https://www.hellofresh.de/recipes/schawarma-style-hahnchen-pizza-mit-paprika-64df2a81552e10127649f2ca,amerikanische-rezepte,64df2a81552e10127649f2ca,amerikanisch
https://www.hellofresh.de/recipes/bbq-rauchertofu-mit-paprikagemuse-65cdd25852f6e2fd05ccb21f,amerikanische-rezepte,65cdd25852f6e2fd05ccb21f,amerikanisch
https://www.hellofresh.de/recipes/chicken-pot-pie-cremiger-hahnchen-auflauf-6666c15e4c35a80bd36e1fea,amerikanische-rezepte,6666c15e4c35a80bd36e1fea,amerikanisch
https://www.hellofresh.de/recipes/tex-mex-fajita-pfanne-mit-rinderhuftsteak-6551f8fc70cac64bddcad6e0,amerikanische-rezepte,6551f8fc70cac64bddcad6e0,amerikanisch
https://www.hellofresh.de/recipes/sauerteig-pinsa-bianca-mit-hirtenkase-64e860aa4e40d5c6cb1a5431,amerikanische-rezepte,64e860aa4e40d5c6cb1a5431,amerikanisch
https://www.hellofresh.de/recipes/feines-rinderhuftsteak-mit-cowboy-butter-sosse-659c0ab8aa12a55eb353350a,amerikanische-rezepte,659c0ab8aa12a55eb353350a,amerikanisch
https://www.hellofresh.de/recipes/green-goddess-salad-mit-avocado-64df2a4f614f75555c20edd0,amerikanische-rezepte,64df2a4f614f75555c20edd0,amerikanisch
https://www.hellofresh.de/recipes/kalifornische-chicken-bowl-mit-avocado-6656f3cb761868574d7a41e1,amerikanische-rezepte,6656f3cb761868574d7a41e1,amerikanisch
https://www.hellofresh.de/recipes/rigatoni-auflauf-mit-bio-rinderhack-660d40df4c86bc584f5505a6,amerikanische-rezepte,660d40df4c86bc584f5505a6,amerikanisch
https://www.hellofresh.de/recipes/knoblauch-garnelen-und-cajun-hahnchen-6666c12683f11ad6c3c60e9b,amerikanische-rezepte,6666c12683f11ad6c3c60e9b,amerikanisch
https://www.hellofresh.de/recipes/honig-senf-hahnchensalat-mit-avocado-65c9eb18d95a98e8defe6470,amerikanische-rezepte,65c9eb18d95a98e8defe6470,amerikanisch
https://www.hellofresh.de/recipes/panierte-shrimps-mit-ranchdip-6502eaee270f68660e1a85ec,amerikanische-rezepte,6502eaee270f68660e1a85ec,amerikanisch
https://www.hellofresh.de/recipes/us-chicken-pot-pie-hahnchen-gemuse-auflauf-65f8165c4690e3c09046ffd9,amerikanische-rezepte,65f8165c4690e3c09046ffd9,amerikanisch
https://www.hellofresh.de/recipes/say-cheese-muschelnudel-bar-mit-extra-kase-661fcb8fa0f8bf5f811ed334,amerikanische-rezepte,661fcb8fa0f8bf5f811ed334,amerikanisch
https://www.hellofresh.de/recipes/honig-senf-hahnchensalat-mit-avocado-64c92cfa7d51e966770dc500,amerikanische-rezepte,64c92cfa7d51e966770dc500,amerikanisch
https://www.hellofresh.de/recipes/green-goddess-salad-mit-avocado-652cfd5ec88a1f5ba6f4d033,amerikanische-rezepte,652cfd5ec88a1f5ba6f4d033,amerikanisch
https://www.hellofresh.de/recipes/kalifornische-chicken-bowl-mit-avocado-6656f3e3c0b3b3007f94cb17,amerikanische-rezepte,6656f3e3c0b3b3007f94cb17,amerikanisch
https://www.hellofresh.de/recipes/melted-cheese-bacon-burger-mit-hackfleisch-656468895234ba85b73bd644,amerikanische-rezepte,656468895234ba85b73bd644,amerikanisch
https://www.hellofresh.de/recipes/beyond-burger-bowl-mit-harissa-kartoffel-chips-65688cb35234ba85b73c3668,amerikanische-rezepte,65688cb35234ba85b73c3668,amerikanisch
https://www.hellofresh.de/recipes/tuna-melt-wrap-64df78f6614f75555c20f800,amerikanische-rezepte,64df78f6614f75555c20f800,amerikanisch
https://www.hellofresh.de/recipes/oklahoma-style-onion-burger-mit-rindfleisch-patty-64bf76df988415d32c05e9a6,amerikanische-rezepte,64bf76df988415d32c05e9a6,amerikanisch
https://www.hellofresh.de/recipes/oklahoma-style-onion-burger-mit-bio-rindfleisch-65b242923ebf28940b2fffea,amerikanische-rezepte,65b242923ebf28940b2fffea,amerikanisch
https://www.hellofresh.de/recipes/honig-senf-hahnchensalat-mit-avocado-65200f2f188676f47c1b2635,amerikanische-rezepte,65200f2f188676f47c1b2635,amerikanisch
https://www.hellofresh.de/recipes/sloppy-joe-burger-mit-rinderhackfleischsosse-664c63688606e082f1884ad3,amerikanische-rezepte,664c63688606e082f1884ad3,amerikanisch
https://www.hellofresh.de/recipes/chicken-pot-pie-cremiger-hahnchen-auflauf-65f963d46680f7ad9b79fcc7,amerikanische-rezepte,65f963d46680f7ad9b79fcc7,amerikanisch
https://www.hellofresh.de/recipes/honig-senf-hahnchensalat-mit-avocado-660586581cf16d0473f32d9f,amerikanische-rezepte,660586581cf16d0473f32d9f,amerikanisch
https://www.hellofresh.de/recipes/panierter-portobello-mit-sesam-kartoffeln-654e33bc70cac64bddcac4f8,amerikanische-rezepte,654e33bc70cac64bddcac4f8,amerikanisch
https://www.hellofresh.de/recipes/tuna-jacket-potato-64e860ac4e40d5c6cb1a5470,amerikanische-rezepte,64e860ac4e40d5c6cb1a5470,amerikanisch
https://www.hellofresh.de/recipes/blumenkohl-nuggets-mit-zitronenthymian-kartoffeln-65ef19f4d4f950689014645f,amerikanische-rezepte,65ef19f4d4f950689014645f,amerikanisch
https://www.hellofresh.de/recipes/wrap-mit-spicy-blumenkohl-bites-and-guacamole-64b68447f8dc3112a90724bc,amerikanische-rezepte,64b68447f8dc3112a90724bc,amerikanisch
https://www.hellofresh.de/recipes/panierter-portobello-mit-sesam-kartoffeln-64e888a240ec4203972fb78c,amerikanische-rezepte,64e888a240ec4203972fb78c,amerikanisch
https://www.hellofresh.de/recipes/cheesy-spinach-melt-mit-kartoffelspalten-64c92d7ca5ca5447de0b1755,amerikanische-rezepte,64c92d7ca5ca5447de0b1755,amerikanisch
https://www.hellofresh.de/recipes/sloppy-joe-burger-mit-rinderhackfleischsosse-65b24230a8fb57b0b41e711f,amerikanische-rezepte,65b24230a8fb57b0b41e711f,amerikanisch
https://www.hellofresh.de/recipes/buffalo-blumenkohl-bites-mit-susskartoffeln-665d87d95a85f9622997448e,amerikanische-rezepte,665d87d95a85f9622997448e,amerikanisch
https://www.hellofresh.de/recipes/knusprige-blumenkohl-nuggets-66436063db12ba3a5e0fb157,amerikanische-rezepte,66436063db12ba3a5e0fb157,amerikanisch
https://www.hellofresh.de/recipes/honig-senf-hahnchensalat-mit-avocado-65f867ae1d9f403b835b5238,amerikanische-rezepte,65f867ae1d9f403b835b5238,amerikanisch
https://www.hellofresh.de/recipes/feines-rinderhuftsteak-mit-cowboy-butter-sosse-6568888902bcfeab65559bca,amerikanische-rezepte,6568888902bcfeab65559bca,amerikanisch
https://www.hellofresh.de/recipes/knoblauch-garnelen-and-cajun-hahnchen-64ec9c0a9608f841d0f68b78,amerikanische-rezepte,64ec9c0a9608f841d0f68b78,amerikanisch
https://www.hellofresh.de/recipes/gerostete-paprika-suppe-660d3c791f3d24d03a717ce5,amerikanische-rezepte,660d3c791f3d24d03a717ce5,amerikanisch
https://www.hellofresh.de/recipes/cheesy-spinach-melt-65f814d24690e3c09046ff9d,amerikanische-rezepte,65f814d24690e3c09046ff9d,amerikanisch
https://www.hellofresh.de/recipes/honig-senf-hahnchensalat-mit-avocado-656468a62d94ad532d61faef,amerikanische-rezepte,656468a62d94ad532d61faef,amerikanisch
https://www.hellofresh.de/recipes/gruner-daumen-salat-mit-avocado-65a7b4eacbafa858007b761b,amerikanische-rezepte,65a7b4eacbafa858007b761b,amerikanisch
https://www.hellofresh.de/recipes/mini-burgers-fur-champions-65f963586680f7ad9b79f85b,amerikanische-rezepte,65f963586680f7ad9b79f85b,amerikanisch
https://www.hellofresh.de/recipes/cajun-chicken-mit-salat-in-buttermilch-dressing-651137234dbea4929878ce85,amerikanische-rezepte,651137234dbea4929878ce85,amerikanisch
https://www.hellofresh.de/recipes/grillhahnchen-burger-mit-kartoffelspalten-664c63987d59947cc3a734a4,amerikanische-rezepte,664c63987d59947cc3a734a4,amerikanisch
https://www.hellofresh.de/recipes/honig-senf-hahnchensalat-mit-avocado-65ae38d220524547906287fc,amerikanische-rezepte,65ae38d220524547906287fc,amerikanisch
https://www.hellofresh.de/recipes/family-ofenhit-mit-crispy-chicken-tenders-6682a572a0dfed75d9df9a34,amerikanische-rezepte,6682a572a0dfed75d9df9a34,amerikanisch
https://www.hellofresh.de/recipes/thousand-island-salad-mit-fajita-austernpilzen-65d489c9ebca12e273053945,amerikanische-rezepte,65d489c9ebca12e273053945,amerikanisch
https://www.hellofresh.de/recipes/kasefritten-mit-schwarz-rot-gold-dip-65f963a28b3de89f4a7863b0,amerikanische-rezepte,65f963a28b3de89f4a7863b0,amerikanisch
https://www.hellofresh.de/recipes/spicy-sriracha-chicken-burger-64df928fa2c417189e0d6b3c,amerikanische-rezepte,64df928fa2c417189e0d6b3c,amerikanisch
https://www.hellofresh.de/recipes/abenteuer-dino-park-6643656ddb12ba3a5e0fb70d,amerikanische-rezepte,6643656ddb12ba3a5e0fb70d,amerikanisch
https://www.hellofresh.de/recipes/cheese-melt-champignon-ofensandwich-6669cefe3acc3d3ec3368eb7,amerikanische-rezepte,6669cefe3acc3d3ec3368eb7,amerikanisch
https://www.hellofresh.de/recipes/gruner-daumen-salat-mit-susskartoffel-655652242d94ad532d60a9cf,amerikanische-rezepte,655652242d94ad532d60a9cf,amerikanisch
https://www.hellofresh.de/recipes/alfredo-s-style-frische-linguine-in-kokoscremesosse-65114bf4adeb498a75282505,amerikanische-rezepte,65114bf4adeb498a75282505,amerikanisch
https://www.hellofresh.de/recipes/honig-senf-hahnchensalat-mit-avocado-64e604482d4398dd75915346,amerikanische-rezepte,64e604482d4398dd75915346,amerikanisch
https://www.hellofresh.de/recipes/family-ofenhit-mit-crispy-chicken-tenders-64b684868244c2a8b6078895,amerikanische-rezepte,64b684868244c2a8b6078895,amerikanisch
https://www.hellofresh.de/recipes/chicken-pot-pie-65549b0a53b95b70f9978f91,amerikanische-rezepte,65549b0a53b95b70f9978f91,amerikanisch
https://www.hellofresh.de/recipes/gerostete-paprika-suppe-65d322eead601d3d957aade8,amerikanische-rezepte,65d322eead601d3d957aade8,amerikanisch
https://www.hellofresh.de/recipes/kasefritten-mit-schwarz-rot-gold-dip-66014ea8d3a080fba6906a17,amerikanische-rezepte,66014ea8d3a080fba6906a17,amerikanisch
https://www.hellofresh.de/recipes/susskartoffelsalat-mit-cajun-popcorn-tofu-661e8ed8a0f8bf5f811ea02f,amerikanische-rezepte,661e8ed8a0f8bf5f811ea02f,amerikanisch
https://www.hellofresh.de/recipes/green-goddess-salad-mit-avocado-659c0b12c7596f421e543bdc,amerikanische-rezepte,659c0b12c7596f421e543bdc,amerikanisch
https://www.hellofresh.de/recipes/sloppy-joe-burger-mit-rinderhackfleischsosse-64df815a552e10127649fc2f,amerikanische-rezepte,64df815a552e10127649fc2f,amerikanisch
https://www.hellofresh.de/recipes/pizzetta-mit-bbq-chicken-65d48946ebca12e273053227,amerikanische-rezepte,65d48946ebca12e273053227,amerikanisch
https://www.hellofresh.de/recipes/knoblauch-garnelen-und-cajun-hahnchen-65ef1b04a66a6a1427fc27de,amerikanische-rezepte,65ef1b04a66a6a1427fc27de,amerikanisch
https://www.hellofresh.de/recipes/californian-sandwich-mit-avocado-64c8726c3d69b521a8096341,amerikanische-rezepte,64c8726c3d69b521a8096341,amerikanisch
https://www.hellofresh.de/recipes/tuna-melt-wrap-64bf767d1783e4f31b032f21,amerikanische-rezepte,64bf767d1783e4f31b032f21,amerikanisch
https://www.hellofresh.de/recipes/thai-hahnchen-salat-mit-erdnuss-soja-dressing-64df2a16552e10127649eeda,amerikanische-rezepte,64df2a16552e10127649eeda,amerikanisch
https://www.hellofresh.de/recipes/green-goddess-salad-mit-avocado-6669cf0616b67b5e090532e3,amerikanische-rezepte,6669cf0616b67b5e090532e3,amerikanisch
https://www.hellofresh.de/recipes/smoky-westernpfanne-mit-hackballchen-64e860844e40d5c6cb1a51d9,amerikanische-rezepte,64e860844e40d5c6cb1a51d9,amerikanisch
https://www.hellofresh.de/recipes/honig-senf-hahnchensalat-mit-avocado-66963c35ec889096069b1dc8,amerikanische-rezepte,66963c35ec889096069b1dc8,amerikanisch
https://www.hellofresh.de/recipes/teriyaki-burger-mit-bio-rindfleisch-6643608fc72b4f891e542a83,amerikanische-rezepte,6643608fc72b4f891e542a83,amerikanisch
https://www.hellofresh.de/recipes/buffalo-blumenkohl-bites-mit-susskartoffeln-65d48923ebca12e273053053,amerikanische-rezepte,65d48923ebca12e273053053,amerikanisch
https://www.hellofresh.de/recipes/green-goddess-salad-mit-avocado-656468f95234ba85b73bdc01,amerikanische-rezepte,656468f95234ba85b73bdc01,amerikanisch
https://www.hellofresh.de/recipes/susskartoffelsalat-mit-cajun-popcorn-tofu-6527e382d07173a1e1f0c03e,amerikanische-rezepte,6527e382d07173a1e1f0c03e,amerikanisch
https://www.hellofresh.de/recipes/feines-rinderhuftsteak-mit-cowboy-butter-sosse-661e8ebc5c9ad41013c0a0ad,amerikanische-rezepte,661e8ebc5c9ad41013c0a0ad,amerikanisch
https://www.hellofresh.de/recipes/green-goddess-salad-mit-avocado-65b8d08ed1da3988cdd8d102,amerikanische-rezepte,65b8d08ed1da3988cdd8d102,amerikanisch
https://www.hellofresh.de/recipes/feines-rinderhuftsteak-mit-cowboy-butter-sosse-64d4d326afd8386312082dd1,amerikanische-rezepte,64d4d326afd8386312082dd1,amerikanisch
https://www.hellofresh.de/recipes/glazed-bbq-burger-mit-rinderhack-und-bacon-66544a8d3c6f67065179ae7a,amerikanische-rezepte,66544a8d3c6f67065179ae7a,amerikanisch
https://www.hellofresh.de/recipes/rubbles-marinara-nudelauflauf-mit-pfotenabdruck-64df35c5614f75555c20f152,amerikanische-rezepte,64df35c5614f75555c20f152,amerikanisch
https://www.hellofresh.de/recipes/knoblauch-garnelen-mit-thai-basilikum-gremolata-6479d6d1c6a10025e20d8c5e,thailandische-rezepte,6479d6d1c6a10025e20d8c5e,thailandisch
https://www.hellofresh.de/recipes/scharfe-chilinudeln-mit-hahnchengeschnetzeltem-64f5a36071b62ce128337962,thailandische-rezepte,64f5a36071b62ce128337962,thailandisch
https://www.hellofresh.de/recipes/chilinudel-pfanne-in-kokos-limetten-sosse-65859b12f9c7ff868994580d,thailandische-rezepte,65859b12f9c7ff868994580d,thailandisch
https://www.hellofresh.de/recipes/riesengarnelen-in-grunem-curry-mit-zucchini-6579cba3ff39caf2068d6342,thailandische-rezepte,6579cba3ff39caf2068d6342,thailandisch
https://www.hellofresh.de/recipes/pad-kra-pao-thai-wok-mit-basilikum-tofu-67470cbdfb7a3ff84744d074,thailandische-rezepte,67470cbdfb7a3ff84744d074,thailandisch
https://www.hellofresh.de/recipes/scharfes-grunes-gemusecurry-664c63798606e082f1884bcc,thailandische-rezepte,664c63798606e082f1884bcc,thailandisch
https://www.hellofresh.de/recipes/thai-basil-noodles-und-grune-bohnen-6548bcadd637bf067f0a03e0,thailandische-rezepte,6548bcadd637bf067f0a03e0,thailandisch
https://www.hellofresh.de/recipes/buntes-massaman-curry-in-erdnuss-kokos-sosse-6242daa70046911f63385b2b,thailandische-rezepte,6242daa70046911f63385b2b,thailandisch
https://www.hellofresh.de/recipes/thai-hahnchen-stir-fry-nach-art-pad-kra-pao-6551f7e22d94ad532d60306d,thailandische-rezepte,6551f7e22d94ad532d60306d,thailandisch
https://www.hellofresh.de/recipes/milde-chilinudeln-mit-hahnchengeschnetzeltem-62285ee6499906719026738d,thailandische-rezepte,62285ee6499906719026738d,thailandisch
https://www.hellofresh.de/recipes/thai-curry-hahnchen-mit-gemuse-in-kokossud-631b5b8c0fd910a9dd0d37bc,thailandische-rezepte,631b5b8c0fd910a9dd0d37bc,thailandisch
https://www.hellofresh.de/recipes/veganes-gemuse-kokos-curry-63b31bf00312435a5f021fc6,thailandische-rezepte,63b31bf00312435a5f021fc6,thailandisch
https://www.hellofresh.de/recipes/green-shrimp-curry-mit-zucchini-63f4715dd37c80c3480c4691,thailandische-rezepte,63f4715dd37c80c3480c4691,thailandisch
https://www.hellofresh.de/recipes/mildes-gelbes-fischcurry-mit-tomaten-64998c8b52d3f4d7ab0ac676,thailandische-rezepte,64998c8b52d3f4d7ab0ac676,thailandisch
https://www.hellofresh.de/recipes/rotes-thai-mango-curry-mit-susskartoffel-660586af5ce3cbf560d79bd6,thailandische-rezepte,660586af5ce3cbf560d79bd6,thailandisch
https://www.hellofresh.de/recipes/glasnudelsalat-mit-edamame-63f4711b9ea8471fd4091c31,thailandische-rezepte,63f4711b9ea8471fd4091c31,thailandisch
https://www.hellofresh.de/recipes/chilinudel-pfanne-mit-zitronengras-61095f7bb9b7615a1b25de87,thailandische-rezepte,61095f7bb9b7615a1b25de87,thailandisch
https://www.hellofresh.de/recipes/veganes-buntes-massaman-curry-63b6f7613ce9b06441098912,thailandische-rezepte,63b6f7613ce9b06441098912,thailandisch
https://www.hellofresh.de/recipes/thailandisches-kokos-limetten-curry-61de9d14d4f714022561c912,thailandische-rezepte,61de9d14d4f714022561c912,thailandisch
https://www.hellofresh.de/recipes/thai-hahnchen-stir-fry-nach-art-pad-kra-pao-64916bce6f953e02c405e77b,thailandische-rezepte,64916bce6f953e02c405e77b,thailandisch
https://www.hellofresh.de/recipes/goldenes-curry-mit-spitzkohl-und-karotten-62f0fc92086989a56b06c1b3,thailandische-rezepte,62f0fc92086989a56b06c1b3,thailandisch
https://www.hellofresh.de/recipes/teriyaki-hahnchenbrust-mit-edamame-625ec0a92439b76be452d51f,thailandische-rezepte,625ec0a92439b76be452d51f,thailandisch
https://www.hellofresh.de/recipes/glasnudelsalat-mit-edamame-and-erdnussdressing-62c436b57c1f6963ea06d719,thailandische-rezepte,62c436b57c1f6963ea06d719,thailandisch
https://www.hellofresh.de/recipes/teriyaki-hahnchenbrust-mit-edamame-63eb494e9b1b5e7b4e05836c,thailandische-rezepte,63eb494e9b1b5e7b4e05836c,thailandisch
https://www.hellofresh.de/recipes/thai-hahnchen-stir-fry-nach-art-pad-kra-pao-660d3ded4c86bc584f550460,thailandische-rezepte,660d3ded4c86bc584f550460,thailandisch
https://www.hellofresh.de/recipes/thai-glasnudelsalat-mit-limetten-chili-dressing-63d8eef61711ddb53b07f5fa,thailandische-rezepte,63d8eef61711ddb53b07f5fa,thailandisch
https://www.hellofresh.de/recipes/mildes-gelbes-curry-mit-zucchini-60ed9c139d915d2e06781697,thailandische-rezepte,60ed9c139d915d2e06781697,thailandisch
https://www.hellofresh.de/recipes/veganes-gemuse-kokos-curry-64ad72e5a886265bb70b989a,thailandische-rezepte,64ad72e5a886265bb70b989a,thailandisch
https://www.hellofresh.de/recipes/asiatische-hahnchenbrust-mit-edamame-60d49d0c2efa2235843f3cd7,thailandische-rezepte,60d49d0c2efa2235843f3cd7,thailandisch
https://www.hellofresh.de/recipes/chilinudel-pfanne-in-kokos-zitronengras-sosse-6238494bca449f7e715da62b,thailandische-rezepte,6238494bca449f7e715da62b,thailandisch
https://www.hellofresh.de/recipes/grunes-thai-curry-mit-garnelen-67470cab989edba91be313ff,thailandische-rezepte,67470cab989edba91be313ff,thailandisch
https://www.hellofresh.de/recipes/thai-basil-noodles-dazu-grune-bohnen-63d8eed7ac5e715445062baa,thailandische-rezepte,63d8eed7ac5e715445062baa,thailandisch
https://www.hellofresh.de/recipes/thai-curry-risotto-mit-kaiserschoten-und-pilzen-64631b4fdbee64452d075558,thailandische-rezepte,64631b4fdbee64452d075558,thailandisch
https://www.hellofresh.de/recipes/mildes-gelbes-fischcurry-mit-tomaten-662f5c284e3d82e3ad9317ff,thailandische-rezepte,662f5c284e3d82e3ad9317ff,thailandisch
https://www.hellofresh.de/recipes/spicy-tofu-buddha-bowl-66d81d58cc7423314febace9,thailandische-rezepte,66d81d58cc7423314febace9,thailandisch
https://www.hellofresh.de/recipes/beef-stir-fry-mit-pak-choi-6500837932e9107c6db8e4be,thailandische-rezepte,6500837932e9107c6db8e4be,thailandisch
https://www.hellofresh.de/recipes/vegane-gemusepfanne-mit-fenchel-63a02ed279310c8e4800507a,thailandische-rezepte,63a02ed279310c8e4800507a,thailandisch
https://www.hellofresh.de/recipes/thai-curry-brathahnchen-61560fd5aa4e5e171e3e7c31,thailandische-rezepte,61560fd5aa4e5e171e3e7c31,thailandisch
https://www.hellofresh.de/recipes/chilinudel-pfanne-in-kokos-zitronengras-sosse-628b9e35d8843cbfe906bc18,thailandische-rezepte,628b9e35d8843cbfe906bc18,thailandisch
https://www.hellofresh.de/recipes/vegane-gemusepfanne-mit-fenchel-665d8716c823a427aed19555,thailandische-rezepte,665d8716c823a427aed19555,thailandisch
https://www.hellofresh.de/recipes/gelbes-kokoscurry-mit-bohnen-and-champignons-665447e1d7e2204fdd09620d,thailandische-rezepte,665447e1d7e2204fdd09620d,thailandisch
https://www.hellofresh.de/recipes/chilinudeln-mit-hahnchengeschnetzeltem-65200f5c6c05521bbf6dd95a,thailandische-rezepte,65200f5c6c05521bbf6dd95a,thailandisch
https://www.hellofresh.de/recipes/glasnudelsalat-mit-edamame-and-erdnussdressing-64c8724accc4946b610ed9c1,thailandische-rezepte,64c8724accc4946b610ed9c1,thailandisch
https://www.hellofresh.de/recipes/mildes-gelbes-fischcurry-mit-tomaten-65f973616680f7ad9b79fe8a,thailandische-rezepte,65f973616680f7ad9b79fe8a,thailandisch
https://www.hellofresh.de/recipes/scharfes-grunes-gemusecurry-mit-limettenreis-6268ef1b6e6c72aa8e04fc7c,thailandische-rezepte,6268ef1b6e6c72aa8e04fc7c,thailandisch
https://www.hellofresh.de/recipes/beef-stir-fry-mit-pak-choi-65859af7f9c7ff8689945661,thailandische-rezepte,65859af7f9c7ff8689945661,thailandisch
https://www.hellofresh.de/recipes/rotes-thai-mango-curry-mit-susskartoffel-65f8673a473c4f42771cdf9f,thailandische-rezepte,65f8673a473c4f42771cdf9f,thailandisch
https://www.hellofresh.de/recipes/beef-stir-fry-mit-pak-choi-659529fe6b4bf2cf1c6794ed,thailandische-rezepte,659529fe6b4bf2cf1c6794ed,thailandisch
https://www.hellofresh.de/recipes/scharfes-grunes-gemusecurry-65ccb10108f1b9082fbd0166,thailandische-rezepte,65ccb10108f1b9082fbd0166,thailandisch
https://www.hellofresh.de/recipes/mildes-gelbes-fischcurry-mit-tomaten-65cb32b95d025093059458f2,thailandische-rezepte,65cb32b95d025093059458f2,thailandisch
https://www.hellofresh.de/recipes/chilinudel-pfanne-mit-zitronengras-618a3e2c7babf6304c12e410,thailandische-rezepte,618a3e2c7babf6304c12e410,thailandisch
https://www.hellofresh.de/recipes/beef-stir-fry-mit-pak-choi-6548bc33210a8fb22c33f27c,thailandische-rezepte,6548bc33210a8fb22c33f27c,thailandisch
https://www.hellofresh.de/recipes/veganes-gemuse-kokos-curry-64df2a83552e10127649f2e5,thailandische-rezepte,64df2a83552e10127649f2e5,thailandisch
https://www.hellofresh.de/recipes/spicy-tofu-buddha-bowl-668e68ec6d9531676611a7b7,thailandische-rezepte,668e68ec6d9531676611a7b7,thailandisch
https://www.hellofresh.de/recipes/chilinudel-pfanne-in-kokos-zitronengras-sosse-636a0e4261c58389820d26b2,thailandische-rezepte,636a0e4261c58389820d26b2,thailandisch
https://www.hellofresh.de/recipes/thai-curry-brathahnchen-610d4d6c628c976d36378978,thailandische-rezepte,610d4d6c628c976d36378978,thailandisch
https://www.hellofresh.de/recipes/gemusepfanne-mit-fenchel-und-thai-basilikum-624bfbb89d2dfc234f465cf1,thailandische-rezepte,624bfbb89d2dfc234f465cf1,thailandisch
https://www.hellofresh.de/recipes/green-shrimp-curry-mit-zucchini-64998c3366f307a0d0067751,thailandische-rezepte,64998c3366f307a0d0067751,thailandisch
https://www.hellofresh.de/recipes/grunes-gemusecurry-mit-extra-garnelen-60c9a26e3a70eb7d907df79b,thailandische-rezepte,60c9a26e3a70eb7d907df79b,thailandisch
https://www.hellofresh.de/recipes/grunes-gemusecurry-653299fc2fab1d7bab0f0f85,thailandische-rezepte,653299fc2fab1d7bab0f0f85,thailandisch
https://www.hellofresh.de/recipes/chinakohl-glasnudelsalat-mit-cremigem-erdnuss-dressing-62da9d6fc2945eff5e0b48b0,thailandische-rezepte,62da9d6fc2945eff5e0b48b0,thailandisch
https://www.hellofresh.de/recipes/in-kokosnussmilch-gegartes-fischfilet-60d5f0856ddae24a62686930,thailandische-rezepte,60d5f0856ddae24a62686930,thailandisch
https://www.hellofresh.de/recipes/beef-stir-fry-mit-pak-choi-und-koriander-661e8f0ba0f8bf5f811ea1f1,thailandische-rezepte,661e8f0ba0f8bf5f811ea1f1,thailandisch
https://www.hellofresh.de/recipes/teriyaki-hahnchenbrust-mit-edamame-62d00518dde8884ef608f982,thailandische-rezepte,62d00518dde8884ef608f982,thailandisch
https://www.hellofresh.de/recipes/veganes-gemuse-kokos-curry-6564688b53b95b70f999117b,thailandische-rezepte,6564688b53b95b70f999117b,thailandisch
https://www.hellofresh.de/recipes/mildes-fischcurry-mit-tomaten-und-spinat-624bfbc59b545f5c2839ba48,thailandische-rezepte,624bfbc59b545f5c2839ba48,thailandisch
https://www.hellofresh.de/recipes/miso-gemuse-puffer-mit-glasnudelsalat-and-erdnuss-dip-61937a4e2451582bb62a4820,thailandische-rezepte,61937a4e2451582bb62a4820,thailandisch
https://www.hellofresh.de/recipes/thai-grillplatte-mit-garnelen-and-kokoshahnchen-64631b29df4800194c0066e2,thailandische-rezepte,64631b29df4800194c0066e2,thailandisch
https://www.hellofresh.de/recipes/massaman-curry-mit-erdnuss-kokos-sosse-61c0b5d42f95b0705e270cf9,thailandische-rezepte,61c0b5d42f95b0705e270cf9,thailandisch
https://www.hellofresh.de/recipes/gebackene-curry-zucchini-mit-thai-basil-pesto-612e00c21ba99520e4778d2a,thailandische-rezepte,612e00c21ba99520e4778d2a,thailandisch
https://www.hellofresh.de/recipes/gelbes-kokoscurry-mit-bohnen-and-champignons-63eb497a5bc49351c90c0962,thailandische-rezepte,63eb497a5bc49351c90c0962,thailandisch
https://www.hellofresh.de/recipes/lutz-luftige-kokos-reis-wolke-6459e746476c8cdb4a02da01,thailandische-rezepte,6459e746476c8cdb4a02da01,thailandisch
https://www.hellofresh.de/recipes/scharfe-chilinudeln-mit-hahnchengeschnetzeltem-64b68480cfe86da0b0061817,thailandische-rezepte,64b68480cfe86da0b0061817,thailandisch
https://www.hellofresh.de/recipes/asiatische-hahnchenbrust-mit-edamame-61508a88bca68212ec5c22d7,thailandische-rezepte,61508a88bca68212ec5c22d7,thailandisch
https://www.hellofresh.de/recipes/thai-hahnchen-stir-fry-nach-art-pad-kra-pao-65b24245d1da3988cdd863ea,thailandische-rezepte,65b24245d1da3988cdd863ea,thailandisch
https://www.hellofresh.de/recipes/glasnudelsalat-mit-edamame-und-pak-choi-65faaa5f89ba98305e89c137,thailandische-rezepte,65faaa5f89ba98305e89c137,thailandisch
https://www.hellofresh.de/recipes/tofu-buddha-bowl-mit-cremiger-erdnusssosse-64e3b214e1f123211ed56445,thailandische-rezepte,64e3b214e1f123211ed56445,thailandisch
https://www.hellofresh.de/recipes/thai-hahnchen-stir-fry-nach-art-pad-kra-pao-661e926aa0f8bf5f811ea5b0,thailandische-rezepte,661e926aa0f8bf5f811ea5b0,thailandisch
https://www.hellofresh.de/recipes/one-pot-thai-curry-risotto-66b23b546e2625457a71d393,thailandische-rezepte,66b23b546e2625457a71d393,thailandisch
https://www.hellofresh.de/recipes/milde-chilinudeln-mit-hahnchengeschnetzeltem-628b9de7c3cd987755010712,thailandische-rezepte,628b9de7c3cd987755010712,thailandisch
https://www.hellofresh.de/recipes/green-shrimp-curry-mit-zucchini-64df2a89552e10127649f31b,thailandische-rezepte,64df2a89552e10127649f31b,thailandisch
https://www.hellofresh.de/recipes/pla-pad-krapow-thai-basilikum-fischfilet-66338e39270adf4f95c58ce7,thailandische-rezepte,66338e39270adf4f95c58ce7,thailandisch
https://www.hellofresh.de/recipes/veganes-gemuse-kokos-curry-65b242a7d1da3988cdd868f2,thailandische-rezepte,65b242a7d1da3988cdd868f2,thailandisch
https://www.hellofresh.de/recipes/thai-curry-hahnchen-mit-gemuse-in-kokossud-639882f73fbac07c0601bb10,thailandische-rezepte,639882f73fbac07c0601bb10,thailandisch
https://www.hellofresh.de/recipes/grunes-gemusecurry-auf-limettenreis-60c9a2b296493f14610ba701,thailandische-rezepte,60c9a2b296493f14610ba701,thailandisch
https://www.hellofresh.de/recipes/mildes-fischcurry-mit-tomaten-und-spinat-62a8799de71977d8e2036cd6,thailandische-rezepte,62a8799de71977d8e2036cd6,thailandisch
https://www.hellofresh.de/recipes/teriyaki-hahnchenbrust-mit-edamame-65b27dfaa8fb57b0b41e80ed,thailandische-rezepte,65b27dfaa8fb57b0b41e80ed,thailandisch
https://www.hellofresh.de/recipes/spicy-tofu-buddha-bowl-65859b7dc6869ff77feb0c30,thailandische-rezepte,65859b7dc6869ff77feb0c30,thailandisch
https://www.hellofresh.de/recipes/garnelen-in-grunem-curry-mit-zucchini-656468a953b95b70f999133e,thailandische-rezepte,656468a953b95b70f999133e,thailandisch
https://www.hellofresh.de/recipes/thai-erdnuss-curry-mit-krossem-chili-tofu-66fbccef9e82bf398e8fa419,thailandische-rezepte,66fbccef9e82bf398e8fa419,thailandisch
https://www.hellofresh.de/recipes/wurziges-massaman-curry-63e1b63ace75d526f60da72b,thailandische-rezepte,63e1b63ace75d526f60da72b,thailandisch
https://www.hellofresh.de/recipes/kaiserschoten-stir-fry-mit-kampot-pfeffer-64a2ae9ea86c6648d2058e5d,thailandische-rezepte,64a2ae9ea86c6648d2058e5d,thailandisch
https://www.hellofresh.de/recipes/veganes-buntes-curry-6446bd7115ab8a27030ae9c9,thailandische-rezepte,6446bd7115ab8a27030ae9c9,thailandisch
https://www.hellofresh.de/recipes/mildes-gelbes-fischcurry-mit-tomaten-64ca2bff443b161d250f1c4c,thailandische-rezepte,64ca2bff443b161d250f1c4c,thailandisch
https://www.hellofresh.de/recipes/drachenfeuer-hackballchen-mit-susskartoffelstampf-66b21d63a1293bffe8e016bd,thailandische-rezepte,66b21d63a1293bffe8e016bd,thailandisch
https://www.hellofresh.de/recipes/gelbes-kokoscurry-mit-bohnen-and-champignons-6283a8552e720ffe1109cf32,thailandische-rezepte,6283a8552e720ffe1109cf32,thailandisch
https://www.hellofresh.de/recipes/scharfes-grunes-gemusecurry-64e37ef8e1f123211ed56251,thailandische-rezepte,64e37ef8e1f123211ed56251,thailandisch
https://www.hellofresh.de/recipes/gelbes-kokoscurry-mit-bohnen-and-champignons-65e5d3abf5a5196d85e99288,thailandische-rezepte,65e5d3abf5a5196d85e99288,thailandisch
https://www.hellofresh.de/recipes/teriyaki-hahnchenbrust-mit-edamame-61a61f7170a27e0b295ccdcb,thailandische-rezepte,61a61f7170a27e0b295ccdcb,thailandisch
https://www.hellofresh.de/recipes/erdnuss-kokos-curry-mit-blumenkohlreis-61652b2ad945b0064611a7df,thailandische-rezepte,61652b2ad945b0064611a7df,thailandisch
https://www.hellofresh.de/recipes/thai-glasnudelsalat-mit-karottenspaghetti-getoppt-61373634ee4efd692531fba4,thailandische-rezepte,61373634ee4efd692531fba4,thailandisch
https://www.hellofresh.de/recipes/gemusepfanne-mit-fenchel-und-thai-basilikum-61e6b850a6eecb6ffd25ac3e,thailandische-rezepte,61e6b850a6eecb6ffd25ac3e,thailandisch
https://www.hellofresh.de/recipes/hahnchen-curry-eintopf-mit-buntem-gemuse-612e0078e67c6673dc580016,thailandische-rezepte,612e0078e67c6673dc580016,thailandisch
https://www.hellofresh.de/recipes/chilinudel-pfanne-in-kokos-zitronengras-sosse-63c1623a10a842ff100c0c0d,thailandische-rezepte,63c1623a10a842ff100c0c0d,thailandisch
https://www.hellofresh.de/recipes/veganes-massaman-curry-60d5f02f4cd12869a74f3cad,thailandische-rezepte,60d5f02f4cd12869a74f3cad,thailandisch
https://www.hellofresh.de/recipes/teriyaki-bowl-mit-pulled-mushrooms-62713a9c474af03e6004b67b,thailandische-rezepte,62713a9c474af03e6004b67b,thailandisch
https://www.hellofresh.de/recipes/scharfes-grunes-gemusecurry-62ab30c6cc5ee1977a0bf11e,thailandische-rezepte,62ab30c6cc5ee1977a0bf11e,thailandisch
https://www.hellofresh.de/recipes/thai-rinderhackfleisch-in-salatschiffchen-66a789ea1f846dd1854876dd,thailandische-rezepte,66a789ea1f846dd1854876dd,thailandisch
https://www.hellofresh.de/recipes/in-kokosnussmilch-gegartes-fischfilet-6177c421525bb941982977b2,thailandische-rezepte,6177c421525bb941982977b2,thailandisch
https://www.hellofresh.de/recipes/glasnudelsalat-mit-edamame-pak-choi-und-erdnussdressing-63b6f7256df541fbc005997f,thailandische-rezepte,63b6f7256df541fbc005997f,thailandisch
https://www.hellofresh.de/recipes/thai-hahnchen-stir-fry-nach-art-pad-kra-pao-658019d059e9d368332e4633,thailandische-rezepte,658019d059e9d368332e4633,thailandisch
https://www.hellofresh.de/recipes/glasnudelsalat-mit-edamame-and-erdnussdressing-628b955e1213130a1c08852c,thailandische-rezepte,628b955e1213130a1c08852c,thailandisch
https://www.hellofresh.de/recipes/thai-curry-risotto-mit-kaiserschoten-und-pilzen-64e5b3fb41604e0cb9156472,thailandische-rezepte,64e5b3fb41604e0cb9156472,thailandisch
https://www.hellofresh.de/recipes/veganes-gemuse-kokos-curry-64e888db4e40d5c6cb1a65a1,thailandische-rezepte,64e888db4e40d5c6cb1a65a1,thailandisch
https://www.hellofresh.de/recipes/tom-kha-gai-thailandische-kokossuppe-61e6b7bb03feba728228c250,thailandische-rezepte,61e6b7bb03feba728228c250,thailandisch
https://www.hellofresh.de/recipes/sweet-chili-kokos-nudeln-61937a7bf002f0086932838a,thailandische-rezepte,61937a7bf002f0086932838a,thailandisch
https://www.hellofresh.de/recipes/massaman-curry-mit-extra-kabeljaufilet-60e70b76039890350d5af8e1,thailandische-rezepte,60e70b76039890350d5af8e1,thailandisch
https://www.hellofresh.de/recipes/thailandische-erdnuss-curry-65e7441088209f753692e7a9,thailandische-rezepte,65e7441088209f753692e7a9,thailandisch
https://www.hellofresh.de/recipes/gelbes-kokoscurry-mit-bohnen-and-champignons-621f120dc507c764e7273d03,thailandische-rezepte,621f120dc507c764e7273d03,thailandisch
https://www.hellofresh.de/recipes/thai-basil-noodles-und-grune-bohnen-64df2a8dedeb8104eac90c43,thailandische-rezepte,64df2a8dedeb8104eac90c43,thailandisch
https://www.hellofresh.de/recipes/veganes-buntes-massaman-curry-6149af306e96b87fe21016f8,thailandische-rezepte,6149af306e96b87fe21016f8,thailandisch
https://www.hellofresh.de/recipes/thai-curry-risotto-mit-kaiserschoten-und-pilzen-6548f4e9210a8fb22c33fcab,thailandische-rezepte,6548f4e9210a8fb22c33fcab,thailandisch
https://www.hellofresh.de/recipes/milde-chilinudeln-mit-hahnchengeschnetzeltem-61de9d2fd5b7606b9012c28f,thailandische-rezepte,61de9d2fd5b7606b9012c28f,thailandisch
https://www.hellofresh.de/recipes/grunes-thai-ofen-curry-mit-knoblauch-fladenbrot-64e4c577e1f123211ed571a9,thailandische-rezepte,64e4c577e1f123211ed571a9,thailandisch
https://www.hellofresh.de/recipes/thai-grillplatte-mit-garnelen-and-kokoshahnchen-64998c9960d47a861302ee04,thailandische-rezepte,64998c9960d47a861302ee04,thailandisch
https://www.hellofresh.de/recipes/glasnudelsalat-mit-panierten-austernpilzen-6242daa114661e6eb15d3745,thailandische-rezepte,6242daa114661e6eb15d3745,thailandisch
https://www.hellofresh.de/recipes/thai-mango-linsensalat-mit-hahnchen-66b0c60abf297390a8bc9721,thailandische-rezepte,66b0c60abf297390a8bc9721,thailandisch
https://www.hellofresh.de/recipes/thai-curry-risotto-mit-kaiserschoten-und-pilzen-6582ce2e600988fb9c0636fc,thailandische-rezepte,6582ce2e600988fb9c0636fc,thailandisch
https://www.hellofresh.de/recipes/drachenfeuer-hackballchen-mit-susskartoffelstampf-671f97164251e0dbe4bdf410,thailandische-rezepte,671f97164251e0dbe4bdf410,thailandisch
https://www.hellofresh.de/recipes/knoblauch-garnelen-mit-thai-basilikum-gremolata-64e4c51be1f123211ed5719a,thailandische-rezepte,64e4c51be1f123211ed5719a,thailandisch
https://www.hellofresh.de/recipes/thai-curry-hahnchen-mit-gemuse-in-kokossud-61de9d351659e25fef12abe3,thailandische-rezepte,61de9d351659e25fef12abe3,thailandisch
https://www.hellofresh.de/recipes/lachs-aus-dem-ofen-mit-kokos-curry-gemuse-61c8be97f6f32205060223de,thailandische-rezepte,61c8be97f6f32205060223de,thailandisch
https://www.hellofresh.de/recipes/thai-curry-risotto-mit-pak-choi-und-pilzen-61af6ff1cc64035f067f0c5c,thailandische-rezepte,61af6ff1cc64035f067f0c5c,thailandisch
https://www.hellofresh.de/recipes/thai-curry-risotto-mit-kaiserschoten-und-pilzen-63e9e0634aabbbcff7001e5f,thailandische-rezepte,63e9e0634aabbbcff7001e5f,thailandisch
https://www.hellofresh.de/recipes/wurziges-massaman-curry-6421481b79df100e590a739c,thailandische-rezepte,6421481b79df100e590a739c,thailandisch
https://www.hellofresh.de/recipes/veganes-gemuse-kokos-curry-668e693a018283f1f439becc,thailandische-rezepte,668e693a018283f1f439becc,thailandisch
https://www.hellofresh.de/recipes/thai-style-wraps-mit-knuspertofu-and-erdnusssosse-63b31c508ecf4ca02f0cb1e0,thailandische-rezepte,63b31c508ecf4ca02f0cb1e0,thailandisch
https://www.hellofresh.de/recipes/scharfe-chilinudel-pfanne-in-kokos-zitronengras-sosse-64a2aea3f2c965df86056a6b,thailandische-rezepte,64a2aea3f2c965df86056a6b,thailandisch
https://www.hellofresh.de/recipes/green-shrimp-curry-mit-zucchini-653f82e19f9fbc0b0a51e40b,thailandische-rezepte,653f82e19f9fbc0b0a51e40b,thailandisch
https://www.hellofresh.de/recipes/vegane-bowl-nach-thai-art-60d49ccd246296636177bb9e,thailandische-rezepte,60d49ccd246296636177bb9e,thailandisch
https://www.hellofresh.de/recipes/gelbes-kokoscurry-mit-bohnen-and-champignons-63282e5f321ad5044404f898,thailandische-rezepte,63282e5f321ad5044404f898,thailandisch
https://www.hellofresh.de/recipes/one-pot-thai-curry-risotto-66fbccf24c6de2e4afe6743e,thailandische-rezepte,66fbccf24c6de2e4afe6743e,thailandisch
https://www.hellofresh.de/recipes/thai-basilikum-stir-fry-nach-art-pad-kra-pao-62ab3088dba50c49b9096564,thailandische-rezepte,62ab3088dba50c49b9096564,thailandisch
https://www.hellofresh.de/recipes/tom-kha-gai-thailandische-kokossuppe-6283a80f7f6ee41b5f02f83a,thailandische-rezepte,6283a80f7f6ee41b5f02f83a,thailandisch
https://www.hellofresh.de/recipes/scharfe-chilinudel-pfanne-in-kokos-zitronengras-sosse-6527b3816720825b47fd4f9f,thailandische-rezepte,6527b3816720825b47fd4f9f,thailandisch
https://www.hellofresh.de/recipes/gelbes-kokoscurry-mit-bohnen-and-champignons-6478aa30f1f12bc5840df669,thailandische-rezepte,6478aa30f1f12bc5840df669,thailandisch
https://www.hellofresh.de/recipes/chilinudel-pfanne-mit-zitronengras-61de9d45bbed0d51ba7703b1,thailandische-rezepte,61de9d45bbed0d51ba7703b1,thailandisch
https://www.hellofresh.de/recipes/teriyaki-hahnchenbrust-mit-edamame-63171dc5175e7b29d50ca05a,thailandische-rezepte,63171dc5175e7b29d50ca05a,thailandisch
https://www.hellofresh.de/recipes/chilinudel-pfanne-in-kokos-limetten-sosse-65952a0eaa12a55eb352c30b,thailandische-rezepte,65952a0eaa12a55eb352c30b,thailandisch
https://www.hellofresh.de/recipes/green-shrimp-curry-mit-zucchini-660fc000267f7c03f617281f,thailandische-rezepte,660fc000267f7c03f617281f,thailandisch
https://www.hellofresh.de/recipes/vegane-gemusepfanne-mit-fenchel-60bddd9d7160460c124afb28,thailandische-rezepte,60bddd9d7160460c124afb28,thailandisch
https://www.hellofresh.de/recipes/massaman-curry-mit-extra-kabeljaufilet-60d5f03cc816915263621f40,thailandische-rezepte,60d5f03cc816915263621f40,thailandisch
https://www.hellofresh.de/recipes/mildes-gelbes-fischcurry-mit-tomaten-664c638d8606e082f1884c45,thailandische-rezepte,664c638d8606e082f1884c45,thailandisch
https://www.hellofresh.de/recipes/gelbes-kokoscurry-mit-bohnen-and-champignons-63a02675afb166880d08ff82,thailandische-rezepte,63a02675afb166880d08ff82,thailandisch
https://www.hellofresh.de/recipes/gebratene-chilinudeln-in-wurziger-asiasosse-60c9a2bf3f61385d8e7c875b,thailandische-rezepte,60c9a2bf3f61385d8e7c875b,thailandisch
https://www.hellofresh.de/recipes/thai-hahnchen-stir-fry-nach-art-pad-kra-pao-662b95553b46bb8bbaebd735,thailandische-rezepte,662b95553b46bb8bbaebd735,thailandisch
https://www.hellofresh.de/recipes/scharfe-chilinudeln-mit-hahnchengeschnetzeltem-64df2a2f552e10127649efed,thailandische-rezepte,64df2a2f552e10127649efed,thailandisch
https://www.hellofresh.de/recipes/thai-basil-noodles-dazu-grune-bohnen-632c3d4e56e2fed94408d8b4,thailandische-rezepte,632c3d4e56e2fed94408d8b4,thailandisch
https://www.hellofresh.de/recipes/vegane-gemusepfanne-mit-fenchel-618a3dd3b3979939f6659162,thailandische-rezepte,618a3dd3b3979939f6659162,thailandisch
https://www.hellofresh.de/recipes/veganes-gemuse-kokos-curry-6536650416f966aee924052a,thailandische-rezepte,6536650416f966aee924052a,thailandisch
https://www.hellofresh.de/recipes/veganes-gemuse-kokos-curry-659529f1aa12a55eb352c1d8,thailandische-rezepte,659529f1aa12a55eb352c1d8,thailandisch
https://www.hellofresh.de/recipes/thai-curry-hahnchen-mit-gemuse-in-kokossud-62d69f6ac5fa44dc510b74be,thailandische-rezepte,62d69f6ac5fa44dc510b74be,thailandisch
https://www.hellofresh.de/recipes/scharfes-grunes-gemusecurry-64ca2b9b05642788e70732cf,thailandische-rezepte,64ca2b9b05642788e70732cf,thailandisch
https://www.hellofresh.de/recipes/vegane-gemusepfanne-mit-fenchel-62a8798f456a9523c9080a2f,thailandische-rezepte,62a8798f456a9523c9080a2f,thailandisch
https://www.hellofresh.de/recipes/rotes-thai-curry-mit-garnelen-611a083f28a1f97a8a1d584b,thailandische-rezepte,611a083f28a1f97a8a1d584b,thailandisch
https://www.hellofresh.de/recipes/thai-grillplatte-mit-garnelen-and-kokoshahnchen-60cc7deee3db24347f3ef67b,thailandische-rezepte,60cc7deee3db24347f3ef67b,thailandisch
https://www.hellofresh.de/recipes/sweet-chili-kokos-nudeln-6149af5938c86358657ddb39,thailandische-rezepte,6149af5938c86358657ddb39,thailandisch
https://www.hellofresh.de/recipes/mildes-gelbes-fischcurry-mit-tomaten-6446bd81ddb4fa02af018cab,thailandische-rezepte,6446bd81ddb4fa02af018cab,thailandisch
https://www.hellofresh.de/recipes/thai-hahnchen-stir-fry-nach-art-pad-kra-pao-67470d74b1d252afb328d9a5,thailandische-rezepte,67470d74b1d252afb328d9a5,thailandisch
https://www.hellofresh.de/recipes/teriyaki-hahnchenbrust-mit-sesamreis-6666bdffd824d78597575823,thailandische-rezepte,6666bdffd824d78597575823,thailandisch
https://www.hellofresh.de/recipes/glasnudelsalat-mit-edamame-and-erdnussdressing-656468e52d94ad532d61fdb0,thailandische-rezepte,656468e52d94ad532d61fdb0,thailandisch
https://www.hellofresh.de/recipes/rotes-thai-mango-curry-mit-susskartoffel-67470cbcb1d252afb328d7ca,thailandische-rezepte,67470cbcb1d252afb328d7ca,thailandisch
https://www.hellofresh.de/recipes/thai-curry-risotto-mit-kaiserschoten-und-pilzen-63734f226f4c464c0e065e02,thailandische-rezepte,63734f226f4c464c0e065e02,thailandisch
https://www.hellofresh.de/recipes/thai-curry-risotto-mit-kaiserschoten-und-pilzen-64a2aea952711d1d6c06875c,thailandische-rezepte,64a2aea952711d1d6c06875c,thailandisch
https://www.hellofresh.de/recipes/thai-curry-risotto-mit-pak-choi-und-pilzen-62dc3faa400bd9c927055d15,thailandische-rezepte,62dc3faa400bd9c927055d15,thailandisch
https://www.hellofresh.de/recipes/lachs-aus-dem-ofen-mit-kokos-curry-gemuse-621f124456647862176b69a4,thailandische-rezepte,621f124456647862176b69a4,thailandisch
https://www.hellofresh.de/recipes/pla-pad-krapow-thai-basilikum-fischfilet-671f96e04251e0dbe4bdf0d5,thailandische-rezepte,671f96e04251e0dbe4bdf0d5,thailandisch
https://www.hellofresh.de/recipes/knoblauch-garnelen-mit-thai-basilikum-gremolata-664dfcb67d59947cc3a752c8,thailandische-rezepte,664dfcb67d59947cc3a752c8,thailandisch
https://www.hellofresh.de/recipes/scharfes-grunes-gemusecurry-64916ba71a572f9a8a02a817,thailandische-rezepte,64916ba71a572f9a8a02a817,thailandisch
https://www.hellofresh.de/recipes/veganes-gelbes-kokoscurry-mit-bohnen-612e01007562b20483729af1,thailandische-rezepte,612e01007562b20483729af1,thailandisch
https://www.hellofresh.de/recipes/scharfes-grunes-gemusecurry-66262319ad72ee2f0f4b8fcf,thailandische-rezepte,66262319ad72ee2f0f4b8fcf,thailandisch
https://www.hellofresh.de/recipes/vegane-gemusepfanne-mit-fenchel-65e5d637762a70483e9da0c0,thailandische-rezepte,65e5d637762a70483e9da0c0,thailandisch
https://www.hellofresh.de/recipes/teriyaki-hahnchenbrust-mit-edamame-6450be3bc3257e9a440326e2,thailandische-rezepte,6450be3bc3257e9a440326e2,thailandisch
https://www.hellofresh.de/recipes/glasnudelsalat-mit-edamame-und-erdnussdressing-6450be21b68cada9b00d924d,thailandische-rezepte,6450be21b68cada9b00d924d,thailandisch
https://www.hellofresh.de/recipes/stir-fry-gebratenes-gemuse-mit-schellfisch-60cc7d78f1672661311e4819,thailandische-rezepte,60cc7d78f1672661311e4819,thailandisch
https://www.hellofresh.de/recipes/thai-basil-noodles-dazu-grune-bohnen-6419090b246bc5098307278f,thailandische-rezepte,6419090b246bc5098307278f,thailandisch
https://www.hellofresh.de/recipes/asiatische-rinderhackfleisch-pfanne-61c8be3404b953527f52bcd5,thailandische-rezepte,61c8be3404b953527f52bcd5,thailandisch
https://www.hellofresh.de/recipes/rotes-thai-curry-mit-garnelen-62a879c16ec470918a08f9c2,thailandische-rezepte,62a879c16ec470918a08f9c2,thailandisch
https://www.hellofresh.de/recipes/rotes-thai-curry-mit-garnelen-62024f229b83d6110e67fa18,thailandische-rezepte,62024f229b83d6110e67fa18,thailandisch
https://www.hellofresh.de/recipes/rotes-thai-susskartoffel-mango-curry-65b2421c3ebf28940b2ff9ef,thailandische-rezepte,65b2421c3ebf28940b2ff9ef,thailandisch
https://www.hellofresh.de/recipes/teriyaki-hahnchenbrust-mit-edamame-620400baab89f17cab37e9c9,thailandische-rezepte,620400baab89f17cab37e9c9,thailandisch
https://www.hellofresh.de/recipes/scharfes-grunes-gemusecurry-664f48a2d9c97d64003ac4ec,thailandische-rezepte,664f48a2d9c97d64003ac4ec,thailandisch
https://www.hellofresh.de/recipes/thai-curry-hahnchen-mit-gemuse-in-kokossud-6268eef2400401f6880c3af6,thailandische-rezepte,6268eef2400401f6880c3af6,thailandisch
https://www.hellofresh.de/recipes/veganes-gemuse-kokos-curry-61937aa86eee2022041affe6,thailandische-rezepte,61937aa86eee2022041affe6,thailandisch
https://www.hellofresh.de/recipes/rotes-thai-mango-curry-mit-susskartoffel-6669cf6ec2b46cc6d5535520,thailandische-rezepte,6669cf6ec2b46cc6d5535520,thailandisch
https://www.hellofresh.de/recipes/scharfes-grunes-gemusecurry-auf-limettenreis-617ffbef7479a977794944c5,thailandische-rezepte,617ffbef7479a977794944c5,thailandisch
https://www.hellofresh.de/recipes/rotes-thai-curry-mit-garnelen-671f977210bbc833b98f9044,thailandische-rezepte,671f977210bbc833b98f9044,thailandisch
https://www.hellofresh.de/recipes/veganes-gemuse-kokos-curry-63f4714bbb74b74a9704de2a,thailandische-rezepte,63f4714bbb74b74a9704de2a,thailandisch
https://www.hellofresh.de/recipes/veganes-gemuse-kokos-curry-6331c4dc39dedc5b1a010cd7,thailandische-rezepte,6331c4dc39dedc5b1a010cd7,thailandisch
https://www.hellofresh.de/recipes/sesam-lachsfilet-auf-sweet-chili-glasnudeln-61af6fc8ad0b5649161fc6e4,thailandische-rezepte,61af6fc8ad0b5649161fc6e4,thailandisch
https://www.hellofresh.de/recipes/mildes-fischcurry-mit-tomaten-und-spinat-638dc1089ff206a2d60fc757,thailandische-rezepte,638dc1089ff206a2d60fc757,thailandisch
https://www.hellofresh.de/recipes/thai-hahnchen-stir-fry-nach-art-pad-kra-pao-671f9774662b2e47e398cdb9,thailandische-rezepte,671f9774662b2e47e398cdb9,thailandisch
https://www.hellofresh.de/recipes/pla-pad-krapow-thai-basilikum-fischfilet-671664829661bdb70be4fb8f,thailandische-rezepte,671664829661bdb70be4fb8f,thailandisch
https://www.hellofresh.de/recipes/chilinudel-pfanne-mit-extra-dorade-61de9cc246b32c1fdb702192,thailandische-rezepte,61de9cc246b32c1fdb702192,thailandisch
https://www.hellofresh.de/recipes/rotes-thai-curry-mit-garnelen-616e9c29d3b1bf25b5743d3a,thailandische-rezepte,616e9c29d3b1bf25b5743d3a,thailandisch
https://www.hellofresh.de/recipes/veganes-gemuse-kokos-curry-620bc2da65450c0cb167099a,thailandische-rezepte,620bc2da65450c0cb167099a,thailandisch
https://www.hellofresh.de/recipes/chilinudel-pfanne-mit-extra-heilbuttfilet-in-panade-61095eef0d3b974dc74f1e02,thailandische-rezepte,61095eef0d3b974dc74f1e02,thailandisch
https://www.hellofresh.de/recipes/glasnudelsalat-mit-edamame-and-erdnussdressing-63734ec06527dec3bc054042,thailandische-rezepte,63734ec06527dec3bc054042,thailandisch
https://www.hellofresh.de/recipes/scharfes-grunes-gemusecurry-643e11b279cb344610052af3,thailandische-rezepte,643e11b279cb344610052af3,thailandisch
https://www.hellofresh.de/recipes/sweet-chili-kokos-nudeln-60f6cdd3862164799430a74d,thailandische-rezepte,60f6cdd3862164799430a74d,thailandisch
https://www.hellofresh.de/recipes/thai-mango-hahnchen-salat-662fa2b34e3d82e3ad932544,thailandische-rezepte,662fa2b34e3d82e3ad932544,thailandisch
https://www.hellofresh.de/recipes/mildes-gelbes-fischcurry-mit-tomaten-63e1b646079ea2e48c0d317d,thailandische-rezepte,63e1b646079ea2e48c0d317d,thailandisch
https://www.hellofresh.de/recipes/thai-curry-risotto-mit-kaiserschoten-und-pilzen-6523c227be675f371f8b0480,thailandische-rezepte,6523c227be675f371f8b0480,thailandisch
https://www.hellofresh.de/recipes/wurziges-massaman-curry-637c848edd67705dd004b595,thailandische-rezepte,637c848edd67705dd004b595,thailandisch
https://www.hellofresh.de/recipes/rotes-thai-susskartoffel-mango-curry-64e8609a00af9633818bac41,thailandische-rezepte,64e8609a00af9633818bac41,thailandisch
https://www.hellofresh.de/recipes/thai-beef-lettuce-cups-65afcac5205245479062b58a,thailandische-rezepte,65afcac5205245479062b58a,thailandisch
https://www.hellofresh.de/recipes/pad-krapow-thailandisches-wok-gericht-64e860ab00af9633818bae9c,thailandische-rezepte,64e860ab00af9633818bae9c,thailandisch
https://www.hellofresh.de/recipes/thai-kokos-curry-suppe-mit-seehecht-6242da6d2f621764b72aeab1,thailandische-rezepte,6242da6d2f621764b72aeab1,thailandisch
https://www.hellofresh.de/recipes/veganes-gemuse-kokos-curry-671f96f210bbc833b98f8945,thailandische-rezepte,671f96f210bbc833b98f8945,thailandisch
https://www.hellofresh.de/recipes/scharfes-grunes-gemusecurry-63c161f2db53750fd705ee41,thailandische-rezepte,63c161f2db53750fd705ee41,thailandisch
https://www.hellofresh.de/recipes/mildes-gelbes-fischcurry-mit-tomaten-6564689453b95b70f99911b7,thailandische-rezepte,6564689453b95b70f99911b7,thailandisch
https://www.hellofresh.de/recipes/fischfilet-mit-sesamkruste-and-kokos-kartoffel-stampf-62fbdf2678900a85280e316e,thailandische-rezepte,62fbdf2678900a85280e316e,thailandisch
https://www.hellofresh.de/recipes/chilinudel-pfanne-in-kokos-zitronengras-sosse-6446bdc07f3a11441606efab,thailandische-rezepte,6446bdc07f3a11441606efab,thailandisch
https://www.hellofresh.de/recipes/green-shrimp-curry-mit-zucchini-64c92d444e9e3df10e0d1edb,thailandische-rezepte,64c92d444e9e3df10e0d1edb,thailandisch
https://www.hellofresh.de/recipes/thai-glasnudelsalat-mit-limetten-chili-dressing-629f52e63826a63e7d08eb78,thailandische-rezepte,629f52e63826a63e7d08eb78,thailandisch
https://www.hellofresh.de/recipes/lutz-luftige-kokos-reis-wolke-64e888d94e40d5c6cb1a6590,thailandische-rezepte,64e888d94e40d5c6cb1a6590,thailandisch
https://www.hellofresh.de/recipes/scharfes-grunes-gemusecurry-638dc0aa983acdacae0971d6,thailandische-rezepte,638dc0aa983acdacae0971d6,thailandisch
https://www.hellofresh.de/recipes/rotes-thai-curry-mit-garnelen-61b896a5531bb67743040db6,thailandische-rezepte,61b896a5531bb67743040db6,thailandisch
https://www.hellofresh.de/recipes/cremiges-thai-curry-risotto-66436065e15adad53cab1ab2,thailandische-rezepte,66436065e15adad53cab1ab2,thailandisch
https://www.hellofresh.de/recipes/thai-rinderhackfleisch-in-salatschiffchen-66fbccbb9e82bf398e8fa2a6,thailandische-rezepte,66fbccbb9e82bf398e8fa2a6,thailandisch
https://www.hellofresh.de/recipes/thai-grillplatte-mit-garnelen-and-kokoshahnchen-62bb049eab20411e7205b5f2,thailandische-rezepte,62bb049eab20411e7205b5f2,thailandisch
https://www.hellofresh.de/recipes/scharfes-grunes-gemusecurry-mit-limettenreis-6121f5e6eacf0f7dc6661f5e,thailandische-rezepte,6121f5e6eacf0f7dc6661f5e,thailandisch
https://www.hellofresh.de/recipes/schnelles-green-shrimp-curry-64e483a8e1f123211ed56ad9,thailandische-rezepte,64e483a8e1f123211ed56ad9,thailandisch
https://www.hellofresh.de/recipes/thai-hahnchen-stir-fry-nach-art-pad-kra-pao-65200f37be675f371f8ad4a2,thailandische-rezepte,65200f37be675f371f8ad4a2,thailandisch
https://www.hellofresh.de/recipes/knoblauch-garnelen-mit-thai-basilikum-gremolata-65859b7cc6869ff77feb0c0c,thailandische-rezepte,65859b7cc6869ff77feb0c0c,thailandisch
https://www.hellofresh.de/recipes/veganes-gemuse-kokos-curry-6669cf3616b67b5e090535b9,thailandische-rezepte,6669cf3616b67b5e090535b9,thailandisch
https://www.hellofresh.de/recipes/thai-basil-beef-stir-fry-64631b0d27a2e544280a83c3,thailandische-rezepte,64631b0d27a2e544280a83c3,thailandisch
https://www.hellofresh.de/recipes/gelbes-kokoscurry-mit-bohnen-and-champignons-62d69f36999d6040ad0c21ac,thailandische-rezepte,62d69f36999d6040ad0c21ac,thailandisch
https://www.hellofresh.de/recipes/veganes-massaman-curry-62cd76f1a2f5b5a7520da9c1,thailandische-rezepte,62cd76f1a2f5b5a7520da9c1,thailandisch
https://www.hellofresh.de/recipes/thailandischer-larb-mit-tofu-64e8609e00af9633818bace6,thailandische-rezepte,64e8609e00af9633818bace6,thailandisch
https://www.hellofresh.de/recipes/sesam-lachsfilet-auf-sweet-chili-glasnudeln-60f6cde6f47424455a3ebe1b,thailandische-rezepte,60f6cde6f47424455a3ebe1b,thailandisch
https://www.hellofresh.de/recipes/glasnudelsalat-mit-edamame-and-erdnussdressing-60ed9c370d3821756d771437,thailandische-rezepte,60ed9c370d3821756d771437,thailandisch
https://www.hellofresh.de/recipes/glasnudelsalat-mit-edamame-und-pak-choi-65e7261588209f753692e39e,thailandische-rezepte,65e7261588209f753692e39e,thailandisch
https://www.hellofresh.de/recipes/alfredo-s-style-frische-linguine-in-kokoscremesosse-6421487193115e88ea01329f,thailandische-rezepte,6421487193115e88ea01329f,thailandisch
https://www.hellofresh.de/recipes/massaman-curry-mit-extra-kabeljaufilet-61c0b597041844733b788464,thailandische-rezepte,61c0b597041844733b788464,thailandisch
https://www.hellofresh.de/recipes/chilinudel-pfanne-in-kokos-zitronengras-sosse-66b23b2ea1293bffe8e01b9c,thailandische-rezepte,66b23b2ea1293bffe8e01b9c,thailandisch
https://www.hellofresh.de/recipes/thai-glasnudelsalat-mit-limetten-chili-dressing-634e51425ee51358710c99a4,thailandische-rezepte,634e51425ee51358710c99a4,thailandisch
https://www.hellofresh.de/recipes/glasnudelsalat-mit-pak-choi-6643608fdb12ba3a5e0fb366,thailandische-rezepte,6643608fdb12ba3a5e0fb366,thailandisch
https://www.hellofresh.de/recipes/green-shrimp-curry-mit-zucchini-65859b0df9c7ff868994577d,thailandische-rezepte,65859b0df9c7ff868994577d,thailandisch
https://www.hellofresh.de/recipes/thai-erdnuss-curry-mit-krossem-chili-tofu-671f97184251e0dbe4bdf421,thailandische-rezepte,671f97184251e0dbe4bdf421,thailandisch
https://www.hellofresh.de/recipes/salat-vom-turkischen-forst-6568c34f5234ba85b73c4487,tofu,6568c34f5234ba85b73c4487,tofu
https://www.hellofresh.de/recipes/japanische-sakura-bowl-mit-pinkem-reis-65cf73ef52f6e2fd05cce17b,tofu,65cf73ef52f6e2fd05cce17b,tofu
https://www.hellofresh.de/recipes/tofu-gemuse-pfanne-54c91f526ced6e5f178b4573,tofu,54c91f526ced6e5f178b4573,tofu
https://www.hellofresh.de/recipes/spicy-sweet-chili-tofu-bowl-mit-pak-choi-6613e5b8c415e87791187e01,tofu,6613e5b8c415e87791187e01,tofu
https://www.hellofresh.de/recipes/in-der-buddha-bowl-knackiges-gemuse-57ebeeb6bfba3d431939fef2,tofu,57ebeeb6bfba3d431939fef2,tofu
https://www.hellofresh.de/recipes/teriyaki-gemusepfanne-mit-tofu-584fb0ebd4d92c33483c79e3,tofu,584fb0ebd4d92c33483c79e3,tofu
https://www.hellofresh.de/recipes/asiatische-nudelsuppe-58de61b44f78db628c5d8fe4,tofu,58de61b44f78db628c5d8fe4,tofu
https://www.hellofresh.de/recipes/bulgur-bowl-mit-spicy-harissa-tofu-628b958970230ef6140ec004,tofu,628b958970230ef6140ec004,tofu
https://www.hellofresh.de/recipes/french-onion-sandwich-mit-tofu-zwiebel-aufstrich-6669cf12c2b46cc6d55350a9,tofu,6669cf12c2b46cc6d55350a9,tofu
https://www.hellofresh.de/recipes/pak-choi-tofu-pfanne-hoi-sin-53468dd1ff604d3d0d8b4568,tofu,53468dd1ff604d3d0d8b4568,tofu
https://www.hellofresh.de/recipes/knuspriger-tofu-auf-bulgur-6613e6789064812f6170ad37,tofu,6613e6789064812f6170ad37,tofu
https://www.hellofresh.de/recipes/ofenkartoffeln-mit-wurziger-frischkase-tofu-fullung-525ceb0e301bbf2b038b4567,tofu,525ceb0e301bbf2b038b4567,tofu
https://www.hellofresh.de/recipes/sushi-bowl-mit-glasiertem-tofu-5c9a4124c445fa02672b76f2,tofu,5c9a4124c445fa02672b76f2,tofu
https://www.hellofresh.de/recipes/satay-tofu-hack-auf-glasnudelsalat-mit-pak-choi-6405c85ed23cab1ea90638bc,tofu,6405c85ed23cab1ea90638bc,tofu
https://www.hellofresh.de/recipes/spicy-sticky-tofu-636a0e54afa695f92400ffd8,tofu,636a0e54afa695f92400ffd8,tofu
https://www.hellofresh.de/recipes/vegane-gelbe-laksa-suppe-mit-tofu-and-glasnudeln-62fbdf5b26bf233cd4091e06,tofu,62fbdf5b26bf233cd4091e06,tofu
https://www.hellofresh.de/recipes/afrikanischer-erdnusseintopf-mit-tofu-54632d16ff604d14af8b456f,tofu,54632d16ff604d14af8b456f,tofu
https://www.hellofresh.de/recipes/spicy-sticky-tofu-mit-kokos-limetten-reis-62da9d018c94db84b302d533,tofu,62da9d018c94db84b302d533,tofu
https://www.hellofresh.de/recipes/tofu-paprika-grill-cajun-534d608fff604d80b88b4567,tofu,534d608fff604d80b88b4567,tofu
https://www.hellofresh.de/recipes/satay-tofu-hack-auf-glasnudelsalat-65b24251a8fb57b0b41e736a,tofu,65b24251a8fb57b0b41e736a,tofu
https://www.hellofresh.de/recipes/kebab-teller-mit-gerauchertem-tofu-64ad7356cfe86da0b0061732,tofu,64ad7356cfe86da0b0061732,tofu
https://www.hellofresh.de/recipes/vietnamesische-bun-cha-reisnudeln-mit-krossem-tofu-530f7554ff604da56c8b4568,tofu,530f7554ff604da56c8b4568,tofu
https://www.hellofresh.de/recipes/rustikale-tofu-gemuse-pfanne-58e4cc5351d3f168d41314e2,tofu,58e4cc5351d3f168d41314e2,tofu
https://www.hellofresh.de/recipes/vegan-sabich-harissa-auberginen-sandwich-66fabcb44c6de2e4afe6500f,tofu,66fabcb44c6de2e4afe6500f,tofu
https://www.hellofresh.de/recipes/vietnamesischer-nudelsalat-mit-knusprigem-tofu-64ca2c24ef082d78fb0ac226,tofu,64ca2c24ef082d78fb0ac226,tofu
https://www.hellofresh.de/recipes/glasnudel-bowl-mit-tofu-in-aprikosensosse-620bc2a92ff310517e03d3c0,tofu,620bc2a92ff310517e03d3c0,tofu
https://www.hellofresh.de/recipes/japanische-sakura-bowl-mit-pinkem-reis-65f083ecd4f9506890148ce5,tofu,65f083ecd4f9506890148ce5,tofu
https://www.hellofresh.de/recipes/asia-tofu-spiesse-52b05592453bc0d5ec8b4567,tofu,52b05592453bc0d5ec8b4567,tofu
https://www.hellofresh.de/recipes/orange-tofu-bowl-64e860a600af9633818badf7,tofu,64e860a600af9633818badf7,tofu
https://www.hellofresh.de/recipes/knuspriges-baguette-mit-erdnuss-tofu-creme-58908c43803b506d5d4d7cc2,tofu,58908c43803b506d5d4d7cc2,tofu
https://www.hellofresh.de/recipes/vietnamesischer-reissalat-mit-sesam-tofu-6666f9dd4c35a80bd36e26c5,tofu,6666f9dd4c35a80bd36e26c5,tofu
https://www.hellofresh.de/recipes/paniertes-tofu-sandwich-mit-basilikum-mayo-625ec0d9b626fd704116f1db,tofu,625ec0d9b626fd704116f1db,tofu
https://www.hellofresh.de/recipes/hirsepfanne-mit-schwarzen-bohnen-547f5562ff604ddc248b456c,tofu,547f5562ff604ddc248b456c,tofu
https://www.hellofresh.de/recipes/sweet-chili-tofu-bowl-mit-pak-choi-salat-6513e966723522b64ef4faa8,tofu,6513e966723522b64ef4faa8,tofu
https://www.hellofresh.de/recipes/susskartoffelsalat-mit-cajun-popcorn-tofu-641908d50266a73af0005e53,tofu,641908d50266a73af0005e53,tofu
https://www.hellofresh.de/recipes/asian-tofu-bolognese-mit-somennudeln-61b896c5b15b365a69348281,tofu,61b896c5b15b365a69348281,tofu
https://www.hellofresh.de/recipes/vietnamesischer-nudelsalat-mit-knusprigem-tofu-668cf31d6b6e4f7872082455,tofu,668cf31d6b6e4f7872082455,tofu
https://www.hellofresh.de/recipes/spicy-harissa-ragout-mit-tofu-hack-657711d9ba37c0febace2c2c,tofu,657711d9ba37c0febace2c2c,tofu
https://www.hellofresh.de/recipes/vegane-katsu-bowl-mit-paniertem-tofu-and-avocado-6553a0662d94ad532d6058e4,tofu,6553a0662d94ad532d6058e4,tofu
https://www.hellofresh.de/recipes/japanische-sakura-bowl-mit-pinkem-reis-65cf72a752f6e2fd05cce10e,tofu,65cf72a752f6e2fd05cce10e,tofu
https://www.hellofresh.de/recipes/thailandische-nudelpfanne-pad-see-ew-53d8df28ff604d64708b4567,tofu,53d8df28ff604d64708b4567,tofu
https://www.hellofresh.de/recipes/japanische-tacos-mit-umami-tofu-und-erdnuss-631b5baa83d30f178e0a9b3b,tofu,631b5baa83d30f178e0a9b3b,tofu
https://www.hellofresh.de/recipes/tofu-katsu-schnitzel-bowl-mit-avocado-65d48c1d6c4f223989876545,tofu,65d48c1d6c4f223989876545,tofu
https://www.hellofresh.de/recipes/spicy-crispy-tofu-burger-mit-eingelegtem-gemuse-64e860fe40ec4203972fae16,tofu,64e860fe40ec4203972fae16,tofu
https://www.hellofresh.de/recipes/bao-buns-mit-hoisin-popcorn-tofu-and-sesam-mayo-62024f6381d698698c6155f8,tofu,62024f6381d698698c6155f8,tofu
https://www.hellofresh.de/recipes/japanische-sakura-bowl-mit-pinkem-reis-65534d8753b95b70f9975741,tofu,65534d8753b95b70f9975741,tofu
https://www.hellofresh.de/recipes/pikante-indische-reispfanne-527cc81d301bbfac3d8b4567,tofu,527cc81d301bbfac3d8b4567,tofu
https://www.hellofresh.de/recipes/spicy-sticky-tofu-dazu-kokos-limetten-reis-61508aa574f35253dc6b3807,tofu,61508aa574f35253dc6b3807,tofu
https://www.hellofresh.de/recipes/salat-vom-turkischen-forst-65b24280d1da3988cdd866ba,tofu,65b24280d1da3988cdd866ba,tofu
https://www.hellofresh.de/recipes/scharfe-tacos-mit-mariniertem-tofu-59846af8ad1d6c033e5a1ed2,tofu,59846af8ad1d6c033e5a1ed2,tofu
https://www.hellofresh.de/recipes/tofu-katsu-schnitzel-bowl-mit-avocado-65d48c41ebca12e273053a9b,tofu,65d48c41ebca12e273053a9b,tofu
https://www.hellofresh.de/recipes/spicy-sweet-chili-tofu-bowl-mit-pak-choi-65d489c7ebca12e273053923,tofu,65d489c7ebca12e273053923,tofu
https://www.hellofresh.de/recipes/krosser-tofu-hoisin-stir-fry-54047492ff604d877e8b456a,tofu,54047492ff604d877e8b456a,tofu
https://www.hellofresh.de/recipes/knusper-sticks-aus-rauchigem-kichererbsentofu-61937a9ad19f4e13836188bb,tofu,61937a9ad19f4e13836188bb,tofu
https://www.hellofresh.de/recipes/vegan-frisch-fruchtig-tomaten-tofu-56f1240ff8b25e9c438b4568,tofu,56f1240ff8b25e9c438b4568,tofu
https://www.hellofresh.de/recipes/tofu-katsu-schnitzel-bowl-mit-avocado-65d4899b6c4f22398987613f,tofu,65d4899b6c4f22398987613f,tofu
https://www.hellofresh.de/recipes/spicy-sticky-tofu-64916bc122a17ea08c051d07,tofu,64916bc122a17ea08c051d07,tofu
https://www.hellofresh.de/recipes/susskartoffelsalat-mit-cajun-popcorn-tofu-634e5199d1dab0c4890f5ccd,tofu,634e5199d1dab0c4890f5ccd,tofu
https://www.hellofresh.de/recipes/rauchige-kofu-sticks-in-knuspriger-panade-60522df9ab52603be9783a82,tofu,60522df9ab52603be9783a82,tofu
https://www.hellofresh.de/recipes/susskartoffelsalat-mit-cajun-popcorn-tofu-63d8eeeb0c3945380007b160,tofu,63d8eeeb0c3945380007b160,tofu
https://www.hellofresh.de/recipes/spicy-crispy-tofu-burger-mit-eingelegtem-gemuse-66d81d4fb2e781f533137a72,tofu,66d81d4fb2e781f533137a72,tofu
https://www.hellofresh.de/recipes/fein-asiatisch-tofu-gemuse-pfanne-5784b6af13e9d6033f8b4568,tofu,5784b6af13e9d6033f8b4568,tofu
https://www.hellofresh.de/recipes/susskartoffelsalat-mit-cajun-popcorn-tofu-66fd379d9e82bf398e8fc80d,tofu,66fd379d9e82bf398e8fc80d,tofu
https://www.hellofresh.de/recipes/spicy-sticky-tofu-mit-brokkoli-65f963cb6680f7ad9b79fbe3,tofu,65f963cb6680f7ad9b79fbe3,tofu
https://www.hellofresh.de/recipes/susskartoffelsalat-mit-cajun-popcorn-tofu-66c5f5da148d730f514f801f,tofu,66c5f5da148d730f514f801f,tofu
https://www.hellofresh.de/recipes/spicy-sticky-tofu-mit-brokkoli-6605867d9b244e4ad68eb8b2,tofu,6605867d9b244e4ad68eb8b2,tofu
https://www.hellofresh.de/recipes/susskartoffelsalat-mit-cajun-popcorn-tofu-62713af0d35dd84eaf057736,tofu,62713af0d35dd84eaf057736,tofu
https://www.hellofresh.de/recipes/knusper-sticks-aus-rauchigem-kichererbsentofu-6121f62e4e4fef141469dc55,tofu,6121f62e4e4fef141469dc55,tofu
https://www.hellofresh.de/recipes/french-onion-sandwich-mit-tofu-zwiebel-aufstrich-6421486174ef5e08d90183cc,tofu,6421486174ef5e08d90183cc,tofu
https://www.hellofresh.de/recipes/sweet-chili-tofu-bowl-mit-pak-choi-salat-6669cf49c2b46cc6d5535328,tofu,6669cf49c2b46cc6d5535328,tofu
https://www.hellofresh.de/recipes/asiatische-pak-choi-tofu-pfanne-52584685301bbfd64d8b4572,tofu,52584685301bbfd64d8b4572,tofu
https://www.hellofresh.de/recipes/spicy-crispy-tofu-burger-mit-eingelegtem-gemuse-65859b19c6869ff77feb07b3,tofu,65859b19c6869ff77feb07b3,tofu
https://www.hellofresh.de/recipes/spicy-sticky-tofu-mit-brokkoli-65859b48c6869ff77feb091e,tofu,65859b48c6869ff77feb091e,tofu
https://www.hellofresh.de/recipes/knackige-gemusepfanne-mit-gerauchertem-tofu-58b98882d0d6bd11d67c77d3,tofu,58b98882d0d6bd11d67c77d3,tofu
https://www.hellofresh.de/recipes/sommerlicher-tofu-gemuse-wrap-5756c3f9fd2cb9c14f8b4567,tofu,5756c3f9fd2cb9c14f8b4567,tofu
https://www.hellofresh.de/recipes/stir-fry-mit-sticky-tofu-chinakohl-and-kaiserschoten-627a7293e4c47d657a0f95af,tofu,627a7293e4c47d657a0f95af,tofu
https://www.hellofresh.de/recipes/wurziger-tofu-mit-sesamkruste-5968bedd4f78db47f46b0443,tofu,5968bedd4f78db47f46b0443,tofu
https://www.hellofresh.de/recipes/knuspriger-chili-tofu-auf-bulgur-66544f8e3c6f67065179affe,tofu,66544f8e3c6f67065179affe,tofu
https://www.hellofresh.de/recipes/spicy-sticky-tofu-dazu-kokos-limetten-reis-61fa4a25321e4f7d9d69ecfb,tofu,61fa4a25321e4f7d9d69ecfb,tofu
https://www.hellofresh.de/recipes/terriyaki-ofen-tofu-auf-jasminreis-52b47839453bc016328b4567,tofu,52b47839453bc016328b4567,tofu
https://www.hellofresh.de/recipes/asiatisch-gebackener-tofu-583d42e4c6243b385821fd12,tofu,583d42e4c6243b385821fd12,tofu
https://www.hellofresh.de/recipes/rauchiger-ofen-tofu-58f9c22f4f78db497d725392,tofu,58f9c22f4f78db497d725392,tofu
https://www.hellofresh.de/recipes/sweet-chili-tofu-bowl-mit-pak-choi-auf-reis-6446bdc64069b54f170ff77d,tofu,6446bdc64069b54f170ff77d,tofu
https://www.hellofresh.de/recipes/japanische-sakura-bowl-mit-pinkem-reis-65cf75c452f6e2fd05cce1fb,tofu,65cf75c452f6e2fd05cce1fb,tofu
https://www.hellofresh.de/recipes/paniertes-tofu-sandwich-mit-basilikum-dip-612e00f72ad29e3147182b61,tofu,612e00f72ad29e3147182b61,tofu
https://www.hellofresh.de/recipes/tofu-katsu-schnitzel-bowl-mit-avocado-66b23b1e1047ce9880456dce,tofu,66b23b1e1047ce9880456dce,tofu
https://www.hellofresh.de/recipes/tofu-kartoffel-stir-fry-58c66f6399052d086138e563,tofu,58c66f6399052d086138e563,tofu
https://www.hellofresh.de/recipes/spicy-sticky-tofu-6500838332e9107c6db8e515,tofu,6500838332e9107c6db8e515,tofu
https://www.hellofresh.de/recipes/spicy-sticky-tofu-mit-brokkoli-671f97194251e0dbe4bdf433,tofu,671f97194251e0dbe4bdf433,tofu
https://www.hellofresh.de/recipes/sweet-chili-tofu-bowl-mit-pak-choi-salat-64bf76b05853e2d98809b6ba,tofu,64bf76b05853e2d98809b6ba,tofu
https://www.hellofresh.de/recipes/tofu-katsu-schnitzel-bowl-mit-avocado-65b2425e3ebf28940b2ffd70,tofu,65b2425e3ebf28940b2ffd70,tofu
https://www.hellofresh.de/recipes/satay-tofu-hack-auf-glasnudelsalat-and-pak-choi-64c872847878e63862065260,tofu,64c872847878e63862065260,tofu
https://www.hellofresh.de/recipes/scharfes-sambal-satay-tofu-auf-glasnudelsalat-66436078c72b4f891e542927,tofu,66436078c72b4f891e542927,tofu
https://www.hellofresh.de/recipes/gado-gado-tofu-mit-satay-sosse-auf-gemusebett-64998cb421789513bb0de336,tofu,64998cb421789513bb0de336,tofu
https://www.hellofresh.de/recipes/laksa-suppe-mit-tofu-baby-pak-choi-and-glasnudeln-6398832abc9bc1a73605e994,tofu,6398832abc9bc1a73605e994,tofu
https://www.hellofresh.de/recipes/spicy-crispy-tofu-burger-mit-eingelegtem-gemuse-668bd9ad018283f1f4397d27,tofu,668bd9ad018283f1f4397d27,tofu
https://www.hellofresh.de/recipes/vietnamesischer-nudelsalat-mit-knusprigem-tofu-66fbcccc9e82bf398e8fa337,tofu,66fbcccc9e82bf398e8fa337,tofu
https://www.hellofresh.de/recipes/spicy-sticky-tofu-mit-brokkoli-66b23b7ca1293bffe8e01ee2,tofu,66b23b7ca1293bffe8e01ee2,tofu
https://www.hellofresh.de/recipes/spicy-crispy-tofu-burger-mit-eingelegtem-gemuse-660586a69b244e4ad68eb9da,tofu,660586a69b244e4ad68eb9da,tofu
https://www.hellofresh.de/recipes/spicy-crispy-tofu-burger-mit-eingelegtem-gemuse-65f867ec4690e3c090471687,tofu,65f867ec4690e3c090471687,tofu
https://www.hellofresh.de/recipes/marokkanische-rindfleisch-burger-5a9920d3ae08b5762805a4f2,marokkanische-rezepte,5a9920d3ae08b5762805a4f2,marokkanisch
https://www.hellofresh.de/recipes/marokkanische-rindfleisch-burger-5a16ef77d56afa5c5b69e9c2,marokkanische-rezepte,5a16ef77d56afa5c5b69e9c2,marokkanisch
https://www.hellofresh.de/recipes/tajine-mit-aubergine-aprikose-and-kichererbsen-63a0265fdc9db0bc35054bd5,marokkanische-rezepte,63a0265fdc9db0bc35054bd5,marokkanisch
https://www.hellofresh.de/recipes/marokkanische-rindfleisch-burger-59a90a5bd56afa2391489222,marokkanische-rezepte,59a90a5bd56afa2391489222,marokkanisch
https://www.hellofresh.de/recipes/marokkanischer-gemuseeintopf-64df2a81edeb8104eac90bef,marokkanische-rezepte,64df2a81edeb8104eac90bef,marokkanisch
https://www.hellofresh.de/recipes/marokkanischer-rindfleischburger-5be01add30006c2606295352,marokkanische-rezepte,5be01add30006c2606295352,marokkanisch
https://www.hellofresh.de/recipes/marokkanischer-rindfleischburger-5b2a53b4ae08b547b734ca82,marokkanische-rezepte,5b2a53b4ae08b547b734ca82,marokkanisch
https://www.hellofresh.de/recipes/aprikosen-kichererbsen-tajine-63c1622bdc1be262d0084132,marokkanische-rezepte,63c1622bdc1be262d0084132,marokkanisch
https://www.hellofresh.de/recipes/tomatenhummus-mit-pastinake-und-rote-beete-64df35eb614f75555c20f15f,marokkanische-rezepte,64df35eb614f75555c20f15f,marokkanisch
https://www.hellofresh.de/recipes/marokkanischer-gemuseeintopf-636a0deea6454515370f2a28,marokkanische-rezepte,636a0deea6454515370f2a28,marokkanisch
https://www.hellofresh.de/recipes/marokkanische-rindfleisch-burger-593e5b92c9fd08292175eaf1,marokkanische-rezepte,593e5b92c9fd08292175eaf1,marokkanisch
https://www.hellofresh.de/recipes/tajine-mit-aubergine-aprikose-and-kichererbsen-62f0fc7da59f4b20e40f2a1d,marokkanische-rezepte,62f0fc7da59f4b20e40f2a1d,marokkanisch
https://www.hellofresh.de/recipes/harissa-hahnchen-auf-quinoa-mit-grunen-oliven-652d0111d07173a1e1f0ecb4,marokkanische-rezepte,652d0111d07173a1e1f0ecb4,marokkanisch
https://www.hellofresh.de/recipes/linsenauflauf-mit-aubergine-595600d5d0d6bd38b1618682,marokkanische-rezepte,595600d5d0d6bd38b1618682,marokkanisch
https://www.hellofresh.de/recipes/karotten-hummus-bowl-mit-tricolor-quinoa-and-kalamata-oliven-63e9e075182dd0f8d70935fa,marokkanische-rezepte,63e9e075182dd0f8d70935fa,marokkanisch
https://www.hellofresh.de/recipes/wurziges-harissa-hahnchen-mit-zucchini-60522d9c1508554ee0639e82,marokkanische-rezepte,60522d9c1508554ee0639e82,marokkanisch
https://www.hellofresh.de/recipes/marokkanischer-rindfleisch-burger-5d80e9c0f74a392109406a00,marokkanische-rezepte,5d80e9c0f74a392109406a00,marokkanisch
https://www.hellofresh.de/recipes/rost-blumenkohl-auf-kartoffel-karotten-puree-6268eee5e11b986c980c8d25,marokkanische-rezepte,6268eee5e11b986c980c8d25,marokkanisch
https://www.hellofresh.de/recipes/harissa-hahnchen-auf-quinoa-6540c16ee06ba9910277dd6f,marokkanische-rezepte,6540c16ee06ba9910277dd6f,marokkanisch
https://www.hellofresh.de/recipes/hahnchenbrust-in-harissa-tomaten-marinade-64e8611340ec4203972faf03,marokkanische-rezepte,64e8611340ec4203972faf03,marokkanisch
https://www.hellofresh.de/recipes/fischfilet-mit-lemon-pepper-couscous-66337ff01939c041d7ab50b3,marokkanische-rezepte,66337ff01939c041d7ab50b3,marokkanisch
https://www.hellofresh.de/recipes/harissa-hahnchen-auf-quinoa-mit-grunen-oliven-64fed0d332e9107c6db8b507,marokkanische-rezepte,64fed0d332e9107c6db8b507,marokkanisch
https://www.hellofresh.de/recipes/mit-juwelen-bulgur-gefullter-hokkaido-63a02637fef89427aa05ab22,marokkanische-rezepte,63a02637fef89427aa05ab22,marokkanisch
https://www.hellofresh.de/recipes/harissa-hahnchen-auf-quinoa-und-grunen-oliven-64df2a6fedeb8104eac90b53,marokkanische-rezepte,64df2a6fedeb8104eac90b53,marokkanisch
https://www.hellofresh.de/recipes/marokkanischer-rindfleisch-burger-5df3a05ed56540140223fc89,marokkanische-rezepte,5df3a05ed56540140223fc89,marokkanisch
https://www.hellofresh.de/recipes/marokkanischer-kichererbsen-gemuseeintopf-6548ba2cd637bf067f0a027f,marokkanische-rezepte,6548ba2cd637bf067f0a027f,marokkanisch
https://www.hellofresh.de/recipes/wurziges-hahnchen-mit-ajvar-dip-610d4ce6e8767a68d8232701,marokkanische-rezepte,610d4ce6e8767a68d8232701,marokkanisch
https://www.hellofresh.de/recipes/levantinischer-blumenkohlsalat-mit-tahini-dressing-64df2a1f552e10127649ef55,marokkanische-rezepte,64df2a1f552e10127649ef55,marokkanisch
https://www.hellofresh.de/recipes/garnelen-tajine-mit-sultaninen-bulgur-and-paprika-6405c87835f29dadab0c25f2,marokkanische-rezepte,6405c87835f29dadab0c25f2,marokkanisch
https://www.hellofresh.de/recipes/fruchtige-tajine-mit-aubergine-und-aprikose-6177c47f543252605d2e7dda,marokkanische-rezepte,6177c47f543252605d2e7dda,marokkanisch
https://www.hellofresh.de/recipes/tajine-mit-aubergine-aprikose-and-kichererbsen-62a8797ec5681760d40c3e82,marokkanische-rezepte,62a8797ec5681760d40c3e82,marokkanisch
https://www.hellofresh.de/recipes/levantinischer-blumenkohlsalat-mit-sultaninen-64c872a196b62fe32d025a37,marokkanische-rezepte,64c872a196b62fe32d025a37,marokkanisch
https://www.hellofresh.de/recipes/rindfleischburger-mit-extra-cheddar-patty-5b2a6196ae08b552961e98a2,marokkanische-rezepte,5b2a6196ae08b552961e98a2,marokkanisch
https://www.hellofresh.de/recipes/marokkanische-hackfleisch-pfanne-65d87a0c13ff8a4fe7076ef7,marokkanische-rezepte,65d87a0c13ff8a4fe7076ef7,marokkanisch
https://www.hellofresh.de/recipes/marokkanischer-rindfleisch-burger-5e5790412b6a4433505c1a3d,marokkanische-rezepte,5e5790412b6a4433505c1a3d,marokkanisch
https://www.hellofresh.de/recipes/harissa-putenbrust-auf-quinoa-6556311f5234ba85b73a61a8,marokkanische-rezepte,6556311f5234ba85b73a61a8,marokkanisch
https://www.hellofresh.de/recipes/quinoa-tabouleh-mit-zatar-hahnchen-64bf771fa5ca5447de0b14e8,marokkanische-rezepte,64bf771fa5ca5447de0b14e8,marokkanisch
https://www.hellofresh.de/recipes/fruchtige-tajine-mit-aubergine-und-aprikose-60a36e954aa7ec6c65636cac,marokkanische-rezepte,60a36e954aa7ec6c65636cac,marokkanisch
https://www.hellofresh.de/recipes/tajine-mit-aubergine-aprikose-and-kichererbsen-63e9e007f2442618db0cf37b,marokkanische-rezepte,63e9e007f2442618db0cf37b,marokkanisch
https://www.hellofresh.de/recipes/mexican-torta-pulled-pork-sandwich-6512b102adeb498a752850b6,sandwich-rezepte,6512b102adeb498a752850b6,sandwich-rezepte
https://www.hellofresh.de/recipes/californian-sandwich-mit-avocado-640ff1440e23d828360b3755,sandwich-rezepte,640ff1440e23d828360b3755,sandwich-rezepte
https://www.hellofresh.de/recipes/korean-beef-sandwich-mit-karotten-63e9e06ab2e4871a2f0ea1dc,sandwich-rezepte,63e9e06ab2e4871a2f0ea1dc,sandwich-rezepte
https://www.hellofresh.de/recipes/vegan-sabich-auberginen-sandwich-64e860a640ec4203972fa81d,sandwich-rezepte,64e860a640ec4203972fa81d,sandwich-rezepte
https://www.hellofresh.de/recipes/mediterranes-focaccia-sandwich-5f994c9e334c8e3ebd476de8,sandwich-rezepte,5f994c9e334c8e3ebd476de8,sandwich-rezepte
https://www.hellofresh.de/recipes/sandwich-mit-aubergine-guacamole-5ceea59647a05b001611d8b6,sandwich-rezepte,5ceea59647a05b001611d8b6,sandwich-rezepte
https://www.hellofresh.de/recipes/avocado-tomaten-sandwich-57ecdd94383a7f278a7c6803,sandwich-rezepte,57ecdd94383a7f278a7c6803,sandwich-rezepte
https://www.hellofresh.de/recipes/kurbis-and-apfel-gefulltes-sandwich-mit-zwiebelringen-634e5187aea804dc4f0b032b,sandwich-rezepte,634e5187aea804dc4f0b032b,sandwich-rezepte
https://www.hellofresh.de/recipes/californian-sandwich-mit-avocado-and-cream-cheese-61b8dd466c387564454936ab,sandwich-rezepte,61b8dd466c387564454936ab,sandwich-rezepte
https://www.hellofresh.de/recipes/saftiges-pulled-pork-sandwich-mit-kase-60522e337d7f950b8951f74a,sandwich-rezepte,60522e337d7f950b8951f74a,sandwich-rezepte
https://www.hellofresh.de/recipes/knusperfisch-sandwich-mit-remoulade-60c9a2812a32614e27056d80,sandwich-rezepte,60c9a2812a32614e27056d80,sandwich-rezepte
https://www.hellofresh.de/recipes/fladenbrot-sandwich-mit-hahnchenbrust-6149af6ce09ade1ca4460692,sandwich-rezepte,6149af6ce09ade1ca4460692,sandwich-rezepte
https://www.hellofresh.de/recipes/thuringer-bratwurst-sandwich-6459e72c61e12686a50c8b2c,sandwich-rezepte,6459e72c61e12686a50c8b2c,sandwich-rezepte
https://www.hellofresh.de/recipes/camembert-sandwich-mit-feigen-zwiebel-relish-6419090f73aa4874930edfbf,sandwich-rezepte,6419090f73aa4874930edfbf,sandwich-rezepte
https://www.hellofresh.de/recipes/tonnato-sandwich-64e860b34e40d5c6cb1a5521,sandwich-rezepte,64e860b34e40d5c6cb1a5521,sandwich-rezepte
https://www.hellofresh.de/recipes/bestes-sandwich-in-town-truthahn-blt-sandwich-56fb7b544dab71ac068b4567,sandwich-rezepte,56fb7b544dab71ac068b4567,sandwich-rezepte
https://www.hellofresh.de/recipes/sandwich-aus-naan-brot-und-dukkah-karotten-5cc05182e8462b00115046e8,sandwich-rezepte,5cc05182e8462b00115046e8,sandwich-rezepte
https://www.hellofresh.de/recipes/riesengarnelen-auf-spaghetti-in-frischer-sahnesosse-656dbfa902bcfeab65561493,fleisch-rezepte,656dbfa902bcfeab65561493,fleisch-rezepte
https://www.hellofresh.de/recipes/flammkuchen-lahmacun-style-67470e57b1d252afb328dd5a,fleisch-rezepte,67470e57b1d252afb328dd5a,fleisch-rezepte
https://www.hellofresh.de/recipes/garnelen-auf-spaghetti-in-frischer-sahnesosse-64f5beb871b62ce128337f60,fleisch-rezepte,64f5beb871b62ce128337f60,fleisch-rezepte
https://www.hellofresh.de/recipes/falscher-hase-mit-ei-gefullter-hackbraten-5d6fcd96764e8b00127b9376,fleisch-rezepte,5d6fcd96764e8b00127b9376,fleisch-rezepte
https://www.hellofresh.de/recipes/hackbraten-im-baconmantel-mit-zwiebelsosse-6121f5fe91118d554d54eadf,fleisch-rezepte,6121f5fe91118d554d54eadf,fleisch-rezepte
https://www.hellofresh.de/recipes/stroganoff-cremige-pilz-hackfleisch-sosse-66d81d66cc7423314febad73,fleisch-rezepte,66d81d66cc7423314febad73,fleisch-rezepte
https://www.hellofresh.de/recipes/carnitas-mit-wurziger-kasesalsa-zum-dippen-66d98af846b0e9f48d99ed8a,fleisch-rezepte,66d98af846b0e9f48d99ed8a,fleisch-rezepte
https://www.hellofresh.de/recipes/hackfleisch-pasta-in-cremiger-miso-sosse-67b74c1c870aa70842120056,fleisch-rezepte,67b74c1c870aa70842120056,fleisch-rezepte
https://www.hellofresh.de/recipes/schweinelachssteak-in-wildpreiselbeer-sosse-6655c141d9c97d64003b2145,fleisch-rezepte,6655c141d9c97d64003b2145,fleisch-rezepte
https://www.hellofresh.de/recipes/frische-spatzle-in-hackfleisch-bratensosse-6669cf203acc3d3ec3369006,fleisch-rezepte,6669cf203acc3d3ec3369006,fleisch-rezepte
https://www.hellofresh.de/recipes/suss-saure-glasnudelpfanne-mit-hackfleisch-66c353d73853f8b644ad1f34,fleisch-rezepte,66c353d73853f8b644ad1f34,fleisch-rezepte
https://www.hellofresh.de/recipes/frische-spatzle-in-hackfleisch-bratensosse-66d81d8ecc7423314febaf05,fleisch-rezepte,66d81d8ecc7423314febaf05,fleisch-rezepte
https://www.hellofresh.de/recipes/suss-saure-glasnudelpfanne-mit-hackfleisch-67c0891a6c214d706c7703bd,fleisch-rezepte,67c0891a6c214d706c7703bd,fleisch-rezepte
https://www.hellofresh.de/recipes/stroganoff-cremige-pilz-hackfleisch-sosse-671f97334251e0dbe4bdf514,fleisch-rezepte,671f97334251e0dbe4bdf514,fleisch-rezepte
https://www.hellofresh.de/recipes/frische-spatzle-in-hackfleisch-bratensosse-66f187aa58baf82d2a967ac2,fleisch-rezepte,66f187aa58baf82d2a967ac2,fleisch-rezepte
https://www.hellofresh.de/recipes/kartoffeleintopf-mit-bacon-65859b25c6869ff77feb07e9,fleisch-rezepte,65859b25c6869ff77feb07e9,fleisch-rezepte
https://www.hellofresh.de/recipes/bbq-burritos-mit-hackfleisch-66b0c3935c3f820fac0df7b4,fleisch-rezepte,66b0c3935c3f820fac0df7b4,fleisch-rezepte
https://www.hellofresh.de/recipes/hackbraten-im-baconmantel-mit-zwiebelsosse-5ef478df2af9653ee91b1f06,fleisch-rezepte,5ef478df2af9653ee91b1f06,fleisch-rezepte
https://www.hellofresh.de/recipes/frische-hahnchenpasta-mit-kapern-668bdc966b6e4f7872081728,fleisch-rezepte,668bdc966b6e4f7872081728,fleisch-rezepte
https://www.hellofresh.de/recipes/flammkuchen-lahmacun-style-678a77f000ea0a08f0b22a4e,fleisch-rezepte,678a77f000ea0a08f0b22a4e,fleisch-rezepte
https://www.hellofresh.de/recipes/falscher-hase-mit-ei-gefullter-hackbraten-5cb5b10fc445fa7b3f3bd092,fleisch-rezepte,5cb5b10fc445fa7b3f3bd092,fleisch-rezepte
https://www.hellofresh.de/recipes/paprika-hahnchenbrust-mit-kohlrabi-kartoffel-stampf-669f78a744e4fbb9d21318f5,fleisch-rezepte,669f78a744e4fbb9d21318f5,fleisch-rezepte
https://www.hellofresh.de/recipes/fettuccine-dandan-style-mit-hackfleisch-66d9643eb2e781f533139d33,fleisch-rezepte,66d9643eb2e781f533139d33,fleisch-rezepte
https://www.hellofresh.de/recipes/hahnchenbrust-mit-zwiebel-chutney-haube-669f804744e4fbb9d2131a0a,fleisch-rezepte,669f804744e4fbb9d2131a0a,fleisch-rezepte
https://www.hellofresh.de/recipes/stroganoff-cremige-pilz-hackfleisch-sosse-66b23b3ea1293bffe8e01c6b,fleisch-rezepte,66b23b3ea1293bffe8e01c6b,fleisch-rezepte
https://www.hellofresh.de/recipes/schweinelachssteak-auf-gerostetem-kurbis-salat-6633b6ba5811a6c936043e8a,fleisch-rezepte,6633b6ba5811a6c936043e8a,fleisch-rezepte
https://www.hellofresh.de/recipes/kabeljau-getoppt-mit-zitronen-thymian-panko-6579cdc7ff39caf2068d6450,fleisch-rezepte,6579cdc7ff39caf2068d6450,fleisch-rezepte
https://www.hellofresh.de/recipes/karibischer-hahnchensalat-mit-kiwi-chili-dressing-669f72cf44e4fbb9d2131838,fleisch-rezepte,669f72cf44e4fbb9d2131838,fleisch-rezepte
https://www.hellofresh.de/recipes/frische-spatzle-in-hackfleisch-bratensosse-668e6908da99f37bb7c06d9b,fleisch-rezepte,668e6908da99f37bb7c06d9b,fleisch-rezepte
https://www.hellofresh.de/recipes/falscher-hase-mit-ei-gefullter-hackbraten-5bc5b5b9ae08b54f424d3f52,fleisch-rezepte,5bc5b5b9ae08b54f424d3f52,fleisch-rezepte
https://www.hellofresh.de/recipes/weihnachtliches-geschnetzeltes-mit-mini-knodel-66b23ba41047ce9880457545,fleisch-rezepte,66b23ba41047ce9880457545,fleisch-rezepte
https://www.hellofresh.de/recipes/bbq-burritos-mit-hackfleisch-66753f2e011c8aeaadadd107,fleisch-rezepte,66753f2e011c8aeaadadd107,fleisch-rezepte
https://www.hellofresh.de/recipes/pollo-asado-mit-kidneybohnen-mais-salat-6656ef3c3c6f6706517a04ab,fleisch-rezepte,6656ef3c3c6f6706517a04ab,fleisch-rezepte
https://www.hellofresh.de/recipes/schnelles-schweinefilet-mit-rotkohl-6718e89dd68888376c8d20b1,fleisch-rezepte,6718e89dd68888376c8d20b1,fleisch-rezepte
https://www.hellofresh.de/recipes/fettuccine-dandan-style-mit-hackfleisch-6762bd459c860f1cdc11ba15,fleisch-rezepte,6762bd459c860f1cdc11ba15,fleisch-rezepte
https://www.hellofresh.de/recipes/hahnchen-unter-senfbrosel-haube-64998c1a53e7e753180d8223,proteinreiche-rezepte,64998c1a53e7e753180d8223,proteinreich
https://www.hellofresh.de/recipes/hawaii-bowl-mit-bbq-chicken-auf-reis-64998c7521789513bb0de32e,proteinreiche-rezepte,64998c7521789513bb0de32e,proteinreich
https://www.hellofresh.de/recipes/griechischer-stifado-eintopf-mit-rinderhackballchen-678a780200ea0a08f0b22b0b,proteinreiche-rezepte,678a780200ea0a08f0b22b0b,proteinreich
https://www.hellofresh.de/recipes/asia-tacos-mit-hahnchengeschnetzeltem-67c08928fee699bdfef7b59e,proteinreiche-rezepte,67c08928fee699bdfef7b59e,proteinreich
https://www.hellofresh.de/recipes/american-bowl-mit-hahnchen-und-avocado-67c089329d75dd14bb52c470,proteinreiche-rezepte,67c089329d75dd14bb52c470,proteinreich
https://www.hellofresh.de/recipes/bio-rindersteak-auf-balsamico-linsen-salat-67c089046c214d706c7702ca,proteinreiche-rezepte,67c089046c214d706c7702ca,proteinreich
https://www.hellofresh.de/recipes/beef-and-bean-salat-mit-mais-67a094b2da71ffe9a070c35d,proteinreiche-rezepte,67a094b2da71ffe9a070c35d,proteinreich
https://www.hellofresh.de/recipes/hahnchenpfanne-susssauer-mit-paprika-6489dd2e9ec058aadd0c9d67,proteinreiche-rezepte,6489dd2e9ec058aadd0c9d67,proteinreich
https://www.hellofresh.de/recipes/griechische-grillplatte-mit-zweierlei-souflaki-647f4a9215b2328ffd0bfa18,proteinreiche-rezepte,647f4a9215b2328ffd0bfa18,proteinreich
https://www.hellofresh.de/recipes/kasespatzlepfanne-mit-bacon-648820214f294ecb020636cc,proteinreiche-rezepte,648820214f294ecb020636cc,proteinreich
https://www.hellofresh.de/recipes/mezze-rinderhackpfanne-auf-tomatenreis-6797985f89d6104200fdd5bc,proteinreiche-rezepte,6797985f89d6104200fdd5bc,proteinreich
https://www.hellofresh.de/recipes/rinderhuftsteak-mit-kartoffelgratin-67c089449d75dd14bb52c530,proteinreiche-rezepte,67c089449d75dd14bb52c530,proteinreich
https://www.hellofresh.de/recipes/american-bowl-mit-bio-steakstreifen-und-avocado-67c089346c214d706c770513,proteinreiche-rezepte,67c089346c214d706c770513,proteinreich
https://www.hellofresh.de/recipes/griechisches-souflaki-rindersteak-und-aioli-joghurt-678fc633a76fdc80e3947243,proteinreiche-rezepte,678fc633a76fdc80e3947243,proteinreich
https://www.hellofresh.de/recipes/mezze-rinderhackpfanne-auf-tomatenreis-66b23b62a1293bffe8e01de0,proteinreiche-rezepte,66b23b62a1293bffe8e01de0,proteinreich
https://www.hellofresh.de/recipes/harissa-fischfilet-mit-bulgursalat-64a2ae578c59fb9faa0b9612,proteinreiche-rezepte,64a2ae578c59fb9faa0b9612,proteinreich
https://www.hellofresh.de/recipes/thai-hahnchen-stir-fry-nach-art-pad-kra-pao-67c70c9408108e6b05aa2319,proteinreiche-rezepte,67c70c9408108e6b05aa2319,proteinreich
https://www.hellofresh.de/recipes/wurzig-gebratenes-schweinelachssteak-64a594208d6915c832095aa3,proteinreiche-rezepte,64a594208d6915c832095aa3,proteinreich
https://www.hellofresh.de/recipes/hahnchenbrust-auf-balsamico-linsen-salat-67c089036c214d706c7702af,proteinreiche-rezepte,67c089036c214d706c7702af,proteinreich
https://www.hellofresh.de/recipes/griechische-grillplatte-mit-zweierlei-souflaki-6446bda75983520b670733f7,proteinreiche-rezepte,6446bda75983520b670733f7,proteinreich
https://www.hellofresh.de/recipes/skandi-seehecht-in-sahne-senf-sosse-64916bc8d2c5b21184022cc7,proteinreiche-rezepte,64916bc8d2c5b21184022cc7,proteinreich
https://www.hellofresh.de/recipes/chicken-teriyaki-mit-sesam-67c0891d6c214d706c7703f3,proteinreiche-rezepte,67c0891d6c214d706c7703f3,proteinreich
https://www.hellofresh.de/recipes/hahnchengeschnetzeltes-in-tomaten-sahne-sosse-64881f9bf39ee0e603098697,proteinreiche-rezepte,64881f9bf39ee0e603098697,proteinreich
https://www.hellofresh.de/recipes/teriyaki-fischfilet-auf-ingwer-susskartoffelstampf-6798eaad029e601edf04b46d,proteinreiche-rezepte,6798eaad029e601edf04b46d,proteinreich
https://www.hellofresh.de/recipes/wurzige-hahnchenstrips-mit-karotten-slaw-64a2ae5eb8fe0c973a0b8f5c,proteinreiche-rezepte,64a2ae5eb8fe0c973a0b8f5c,proteinreich
https://www.hellofresh.de/recipes/lachsfilet-mit-knoblauch-chili-butter-64881ff7b4505ddcd3071990,proteinreiche-rezepte,64881ff7b4505ddcd3071990,proteinreich
https://www.hellofresh.de/recipes/bio-rindersteak-auf-balsamico-linsen-salat-6797983789d6104200fdd258,proteinreiche-rezepte,6797983789d6104200fdd258,proteinreich
https://www.hellofresh.de/recipes/bio-schweinefilets-auf-krauterbutter-spatzle-67c089126c214d706c770342,proteinreiche-rezepte,67c089126c214d706c770342,proteinreich
https://www.hellofresh.de/recipes/hahnchen-im-prosciuttomantel-auf-gnocchi-67a377e4f5f1773a0107cd85,proteinreiche-rezepte,67a377e4f5f1773a0107cd85,proteinreich
https://www.hellofresh.de/recipes/chimichurri-tuna-salad-mit-butterbohnen-67c089519d75dd14bb52c5ed,proteinreiche-rezepte,67c089519d75dd14bb52c5ed,proteinreich
https://www.hellofresh.de/recipes/hahnchenbrust-auf-balsamico-linsen-salat-6797984b5fbdb4aa73bc7d2d,proteinreiche-rezepte,6797984b5fbdb4aa73bc7d2d,proteinreich
https://www.hellofresh.de/recipes/hahnchen-mit-kohlrabi-brokkoli-auflauf-67b481d4399c569c61200efc,proteinreiche-rezepte,67b481d4399c569c61200efc,proteinreich
https://www.hellofresh.de/recipes/chicken-bites-mit-susskartoffel-bohnen-salat-64916b8cf5918c450c075024,proteinreiche-rezepte,64916b8cf5918c450c075024,proteinreich
https://www.hellofresh.de/recipes/hahnchen-florentiner-art-64881fdb966e003c550e5341,proteinreiche-rezepte,64881fdb966e003c550e5341,proteinreich
https://www.hellofresh.de/recipes/schweinelachs-in-senf-zwiebel-sosse-67c0894d6c214d706c7706ae,proteinreiche-rezepte,67c0894d6c214d706c7706ae,proteinreich
https://www.hellofresh.de/recipes/backfisch-mit-buntem-gemuse-stampf-64998c70687a12060300c5c0,proteinreiche-rezepte,64998c70687a12060300c5c0,proteinreich
https://www.hellofresh.de/recipes/zarter-zitronenlachs-mit-kapern-butter-67920e089f544ba4784c962f,proteinreiche-rezepte,67920e089f544ba4784c962f,proteinreich
https://www.hellofresh.de/recipes/hahnchen-pasta-mit-brokkoliroschen-6450bde19aefbdba5707cb9a,proteinreiche-rezepte,6450bde19aefbdba5707cb9a,proteinreich
https://www.hellofresh.de/recipes/aromatischer-gemuse-eintopf-mit-bulgogi-hack-66d81d8ccc7423314febaee7,proteinreiche-rezepte,66d81d8ccc7423314febaee7,proteinreich
https://www.hellofresh.de/recipes/bio-rindersteak-auf-balsamico-linsen-salat-6797986389d6104200fdd60d,proteinreiche-rezepte,6797986389d6104200fdd60d,proteinreich
https://www.hellofresh.de/recipes/teriyaki-fischfilet-auf-ingwer-susskartoffelstampf-6798ead8b06e6e163a9114a9,proteinreiche-rezepte,6798ead8b06e6e163a9114a9,proteinreich
https://www.hellofresh.de/recipes/salat-mit-thunfisch-und-butterbohnen-647f24ce1189d1eebc0b0ee8,proteinreiche-rezepte,647f24ce1189d1eebc0b0ee8,proteinreich
https://www.hellofresh.de/recipes/uberbackene-hahnchenbrust-parmigiana-679a1986029e601edf04dda9,proteinreiche-rezepte,679a1986029e601edf04dda9,proteinreich
https://www.hellofresh.de/recipes/bifteki-mit-hirtenkase-auf-orzotto-677265ef67cf697e9b6204b9,proteinreiche-rezepte,677265ef67cf697e9b6204b9,proteinreich
https://www.hellofresh.de/recipes/hahnchenbrust-auf-balsamico-linsen-salat-6797986189d6104200fdd5f2,proteinreiche-rezepte,6797986189d6104200fdd5f2,proteinreich
https://www.hellofresh.de/recipes/rinderhackfleisch-kofte-auf-bulgur-66e430d086402bd101d3555c,proteinreiche-rezepte,66e430d086402bd101d3555c,proteinreich
https://www.hellofresh.de/recipes/orzo-salat-mit-mediterran-gewurzten-garnelen-6459e70f18f669ba220110d6,proteinreiche-rezepte,6459e70f18f669ba220110d6,proteinreich
https://www.hellofresh.de/recipes/jambalaya-kreolische-hahnchen-chorizo-pfanne-64a2ae8b52711d1d6c068758,proteinreiche-rezepte,64a2ae8b52711d1d6c068758,proteinreich
https://www.hellofresh.de/recipes/orzo-salat-mit-mediterran-gewurzten-garnelen-64916be3d3d36cf4de09478a,proteinreiche-rezepte,64916be3d3d36cf4de09478a,proteinreich
https://www.hellofresh.de/recipes/schnelle-pasta-mac-and-cheese-style-60b66a71d5711416d240cd4b,pasta-rezepte,60b66a71d5711416d240cd4b,pasta-rezepte
https://www.hellofresh.de/recipes/fettuccine-mit-lachsfilet-609a9c528516956bbf1632a5,pasta-rezepte,609a9c528516956bbf1632a5,pasta-rezepte
https://www.hellofresh.de/recipes/schnelle-winterliche-pasta-mit-kurbis-sahne-sosse-618a3e1bd91cb27fd056f271,pasta-rezepte,618a3e1bd91cb27fd056f271,pasta-rezepte
https://www.hellofresh.de/recipes/italienischer-nudelauflauf-mit-champignons-5638931ff8b25e1f3e8b4567,pasta-rezepte,5638931ff8b25e1f3e8b4567,pasta-rezepte
https://www.hellofresh.de/recipes/kasiger-nudelauflauf-mit-bunten-kirschtomaten-64bf768e96b62fe32d0257a8,pasta-rezepte,64bf768e96b62fe32d0257a8,pasta-rezepte
https://www.hellofresh.de/recipes/linguine-calabrese-mit-scharfen-kapern-6446bdd95b83168d32080187,pasta-rezepte,6446bdd95b83168d32080187,pasta-rezepte
https://www.hellofresh.de/recipes/schupfnudeln-mit-veganem-pesto-rosso-6450be6756d1dd8e2f005455,pasta-rezepte,6450be6756d1dd8e2f005455,pasta-rezepte
https://www.hellofresh.de/recipes/barenhunger-auf-schawarma-chicken-64916c277853b52c6600113c,pasta-rezepte,64916c277853b52c6600113c,pasta-rezepte
https://www.hellofresh.de/recipes/penne-mit-hahnchen-und-brokkoli-61c8be1e4cb75a75d812679d,pasta-rezepte,61c8be1e4cb75a75d812679d,pasta-rezepte
https://www.hellofresh.de/recipes/hahnchenbrust-auf-ricotta-spinat-tortelli-6268ee602fae1fb41c0cf567,pasta-rezepte,6268ee602fae1fb41c0cf567,pasta-rezepte
https://www.hellofresh.de/recipes/gratinierter-tortellini-auflauf-6149af0a38c86358657ddb2d,pasta-rezepte,6149af0a38c86358657ddb2d,pasta-rezepte
https://www.hellofresh.de/recipes/mini-maultaschen-in-kase-sahne-sosse-61508a2115e2bd69655068c9,pasta-rezepte,61508a2115e2bd69655068c9,pasta-rezepte
https://www.hellofresh.de/recipes/gnocchi-mit-gebackenem-kurbis-und-salbei-61652ac28a375d2de70c494a,pasta-rezepte,61652ac28a375d2de70c494a,pasta-rezepte
https://www.hellofresh.de/recipes/gnocchi-stern-auf-der-spitze-des-bolognese-baums-66b23b806e2625457a71d52b,pasta-rezepte,66b23b806e2625457a71d52b,pasta-rezepte
https://www.hellofresh.de/recipes/vegane-spaghetti-al-limone-mit-mandel-topping-6450be6361bbb8284f0f87fe,pasta-rezepte,6450be6361bbb8284f0f87fe,pasta-rezepte
https://www.hellofresh.de/recipes/nudelauflauf-mit-bunten-kirschtomaten-61f0fbf437144d2b12247952,pasta-rezepte,61f0fbf437144d2b12247952,pasta-rezepte
https://www.hellofresh.de/recipes/barenhunger-auf-omas-schupfnudeln-mit-hack-6488202fe5c3ea383904cf01,pasta-rezepte,6488202fe5c3ea383904cf01,pasta-rezepte
https://www.hellofresh.de/recipes/conchiglie-mac-and-cheese-style-64a2aeac12826c25880e6568,pasta-rezepte,64a2aeac12826c25880e6568,pasta-rezepte
https://www.hellofresh.de/recipes/kasiger-nudelauflauf-mit-kirschtomaten-65d489a96c4f223989876255,pasta-rezepte,65d489a96c4f223989876255,pasta-rezepte
https://www.hellofresh.de/recipes/schnelle-fusilli-mit-brokkoli-kase-sosse-61a61f8039127e47390f6d4b,pasta-rezepte,61a61f8039127e47390f6d4b,pasta-rezepte
https://www.hellofresh.de/recipes/alfredo-s-style-frische-linguine-in-kokoscremesosse-63e3c3d6b8ecb4a94002987f,pasta-rezepte,63e3c3d6b8ecb4a94002987f,pasta-rezepte
https://www.hellofresh.de/recipes/ricotta-tortellini-alla-panna-647f4acae93273b463074e6c,pasta-rezepte,647f4acae93273b463074e6c,pasta-rezepte
https://www.hellofresh.de/recipes/herbstliches-orzotto-mit-hokkaido-und-pilzen-630cb731ebb5495b350a8679,pasta-rezepte,630cb731ebb5495b350a8679,pasta-rezepte
https://www.hellofresh.de/recipes/lasagnerollen-mit-kurbis-ricotta-fullung-616e9b9602b7c75067181c92,pasta-rezepte,616e9b9602b7c75067181c92,pasta-rezepte
https://www.hellofresh.de/recipes/leckerer-gemuse-nudelauflauf-mit-tomatensosse-565ea5d879a23c867f8b4567,pasta-rezepte,565ea5d879a23c867f8b4567,pasta-rezepte
https://www.hellofresh.de/recipes/kasiger-nudelauflauf-mit-kirschtomaten-661ce86b019ddbd535bff3ab,pasta-rezepte,661ce86b019ddbd535bff3ab,pasta-rezepte
https://www.hellofresh.de/recipes/frische-paccheri-in-piri-piri-paprikasosse-63b31c3f772e2e5807023028,pasta-rezepte,63b31c3f772e2e5807023028,pasta-rezepte
https://www.hellofresh.de/recipes/ricotta-tortellini-in-paprika-tomaten-suppe-63c162a3c5fb8449ac072270,pasta-rezepte,63c162a3c5fb8449ac072270,pasta-rezepte
https://www.hellofresh.de/recipes/kasig-cremige-linguine-mit-paprika-und-kresse-6450be759b860400610bcad9,pasta-rezepte,6450be759b860400610bcad9,pasta-rezepte
https://www.hellofresh.de/recipes/vegan-bbq-burger-mit-karamellisierten-zwiebeln-61a61f91d7eb5d760943d835,burger,61a61f91d7eb5d760943d835,burger
https://www.hellofresh.de/recipes/veganer-bbq-burger-60d49d414a643b005576d2c8,burger,60d49d414a643b005576d2c8,burger
https://www.hellofresh.de/recipes/chimichurri-burger-mit-kasigem-bio-rinderhack-6654b10856caac7d79183d73,burger,6654b10856caac7d79183d73,burger
https://www.hellofresh.de/recipes/teriyaki-burger-mit-bio-rinderhackfleisch-67470df0989edba91be317f1,burger,67470df0989edba91be317f1,burger
https://www.hellofresh.de/recipes/burger-aus-hackfleisch-und-champignons-5e4d32d7d2d5da556d74ea4b,burger,5e4d32d7d2d5da556d74ea4b,burger
https://www.hellofresh.de/recipes/halloumi-burger-mit-karotten-bete-sticks-5dea35be916a98568e39e042,burger,5dea35be916a98568e39e042,burger
https://www.hellofresh.de/recipes/glazed-bbq-burger-mit-bacon-und-kase-64998c9321789513bb0de332,burger,64998c9321789513bb0de332,burger
https://www.hellofresh.de/recipes/kiwi-halloumi-burger-mit-joghurt-aioli-620bc2727440907c3c378228,burger,620bc2727440907c3c378228,burger
https://www.hellofresh.de/recipes/vegan-bbq-burger-mit-karamellisierten-zwiebeln-64631b420a33870c480083a6,burger,64631b420a33870c480083a6,burger
https://www.hellofresh.de/recipes/sloppy-joe-burger-mit-rinderhackfleischsosse-66d81d90cc7423314febaf23,burger,66d81d90cc7423314febaf23,burger
https://www.hellofresh.de/recipes/beef-burger-mit-chimichurri-6023a41f184fe2195e3628a2,burger,6023a41f184fe2195e3628a2,burger
https://www.hellofresh.de/recipes/leberkase-burger-mit-schmorzwiebeln-61002af139d6181a3d6c4e42,burger,61002af139d6181a3d6c4e42,burger
https://www.hellofresh.de/recipes/burger-mit-chimichurri-5f3e3362a549455b8f7e7901,burger,5f3e3362a549455b8f7e7901,burger
https://www.hellofresh.de/recipes/bulgogi-beef-burger-63b6f746df3c42700f0809a7,burger,63b6f746df3c42700f0809a7,burger
https://www.hellofresh.de/recipes/burger-mit-birnen-zwiebel-chutney-5fd38796eecdfb6752722aeb,burger,5fd38796eecdfb6752722aeb,burger
https://www.hellofresh.de/recipes/harissa-chicken-burger-mit-zaatar-dip-avocado-66fbccd9acc2c87562468d87,burger,66fbccd9acc2c87562468d87,burger
https://www.hellofresh.de/recipes/grillkase-auberginen-burger-65b242093ebf28940b2ff937,burger,65b242093ebf28940b2ff937,burger
https://www.hellofresh.de/recipes/hahnchenschnitzel-burger-mit-gurkensalat-619cc2ad6b21395272662979,burger,619cc2ad6b21395272662979,burger
https://www.hellofresh.de/recipes/mushroom-burger-mit-onion-rings-and-carrot-slaw-61e6b7b68e560705495cf48c,burger,61e6b7b68e560705495cf48c,burger
https://www.hellofresh.de/recipes/mediterraner-rindfleischburger-5dcd2d007075b722811b9d3d,burger,5dcd2d007075b722811b9d3d,burger
https://www.hellofresh.de/recipes/halloumi-burger-mit-karotten-beete-sticks-612e008de4f3212ac52d5c5d,burger,612e008de4f3212ac52d5c5d,burger
https://www.hellofresh.de/recipes/vegan-winner-winner-crispy-burger-dinner-6721188d4251e0dbe4be58c7,burger,6721188d4251e0dbe4be58c7,burger
https://www.hellofresh.de/recipes/veganer-falafel-smash-burger-6643607ce15adad53cab1c05,burger,6643607ce15adad53cab1c05,burger
https://www.hellofresh.de/recipes/veggie-burger-mit-pilz-patty-5ee1e87d73868144e5257b64,burger,5ee1e87d73868144e5257b64,burger
https://www.hellofresh.de/recipes/spicy-sriracha-chicken-burger-64214859be3696f4c908e22b,burger,64214859be3696f4c908e22b,burger
https://www.hellofresh.de/recipes/fladenbrot-burger-mit-gebratenem-halloumi-60c9a29c26819b685a4f4e85,burger,60c9a29c26819b685a4f4e85,burger
https://www.hellofresh.de/recipes/bulgogi-beef-burger-6268eeec21f1fbc9f00c35bd,burger,6268eeec21f1fbc9f00c35bd,burger
https://www.hellofresh.de/recipes/vegan-bbq-burger-mit-karamellisierten-zwiebeln-631b5ba4a869bbc48c0a06a0,burger,631b5ba4a869bbc48c0a06a0,burger
https://www.hellofresh.de/recipes/burger-espanola-mit-hahnchen-and-paprika-antipasti-61af6fb2c294dd2c9d7da88c,burger,61af6fb2c294dd2c9d7da88c,burger
https://www.hellofresh.de/recipes/burger-espanola-mit-hahnchen-and-paprika-antipasti-62d69f6147566e58f60bc318,burger,62d69f6147566e58f60bc318,burger
https://www.hellofresh.de/recipes/halloumi-burger-mit-honig-senf-dip-5f1020e32a1258000b1c9a31,burger,5f1020e32a1258000b1c9a31,burger
https://www.hellofresh.de/recipes/glazed-bbq-burger-mit-bio-rinderhack-and-bacon-66e8286ac8935318fe560a81,burger,66e8286ac8935318fe560a81,burger
https://www.hellofresh.de/recipes/bbq-rindfleisch-burger-5e60cb46881bfa28a751fdb1,burger,5e60cb46881bfa28a751fdb1,burger
https://www.hellofresh.de/recipes/naked-burger-mit-hackpatty-kase-and-zwiebeln-62da9d19286d9758a200e3a5,burger,62da9d19286d9758a200e3a5,burger
https://www.hellofresh.de/recipes/veganer-falafel-smash-burger-64e745fd00af9633818b8ca7,burger,64e745fd00af9633818b8ca7,burger
https://www.hellofresh.de/recipes/mediterraner-burger-5fb3f9c83f38474f0b7e42d9,burger,5fb3f9c83f38474f0b7e42d9,burger
https://www.hellofresh.de/recipes/beyond-burger-bowl-mit-harissa-kartoffel-chips-67470dd1989edba91be316b4,burger,67470dd1989edba91be316b4,burger
https://www.hellofresh.de/recipes/bbq-burger-mit-bacon-und-kase-63d8eec6b9d2ccd5ec0e997b,burger,63d8eec6b9d2ccd5ec0e997b,burger
https://www.hellofresh.de/recipes/sloppy-joe-burger-mit-rinderhackfleischsosse-664f489d2f920ffe29e930fb,burger,664f489d2f920ffe29e930fb,burger
https://www.hellofresh.de/recipes/mexican-chicken-burger-mit-chorizo-659419a46b4bf2cf1c677fda,burger,659419a46b4bf2cf1c677fda,burger
https://www.hellofresh.de/recipes/bulgogi-beef-burger-61b8dd30dc65d108172fd80f,burger,61b8dd30dc65d108172fd80f,burger
https://www.hellofresh.de/recipes/bio-beef-burger-mit-raclettekase-sosse-67470d6e989edba91be31564,burger,67470d6e989edba91be31564,burger
https://www.hellofresh.de/recipes/bulgogi-beef-burger-647f4a8a3df56db6ea03e6d5,burger,647f4a8a3df56db6ea03e6d5,burger
https://www.hellofresh.de/recipes/burger-aus-hackfleisch-und-champignons-5fa27c43f6e96d0c35234387,burger,5fa27c43f6e96d0c35234387,burger
https://www.hellofresh.de/recipes/falafel-smash-burger-mit-gelbem-karotten-zaziki-624bfbb0d33a496858614d56,burger,624bfbb0d33a496858614d56,burger
https://www.hellofresh.de/recipes/crispy-chicken-burger-mit-spicy-slaw-67470cac989edba91be3140e,burger,67470cac989edba91be3140e,burger
https://www.hellofresh.de/recipes/bulgogi-beef-burger-62c436c7480d1df9db0ea59b,burger,62c436c7480d1df9db0ea59b,burger
https://www.hellofresh.de/recipes/sloppy-joe-burger-mit-rinderhackfleischsosse-6478a8817aaa77a75b052d51,burger,6478a8817aaa77a75b052d51,burger
https://www.hellofresh.de/recipes/mexican-chicken-burger-mit-chorizo-646c936ce28bb39b54068cc7,burger,646c936ce28bb39b54068cc7,burger
https://www.hellofresh.de/recipes/mushroom-burger-mit-glasiertem-portobello-6459e7387d17aea2150868ba,burger,6459e7387d17aea2150868ba,burger
https://www.hellofresh.de/recipes/sloppy-joe-burger-mit-rinderhackfleischsosse-63b31bd0afc76082350dc756,burger,63b31bd0afc76082350dc756,burger
https://www.hellofresh.de/recipes/fladenbrot-burger-mit-gebratenem-halloumi-607e8cac96e5806db1668529,burger,607e8cac96e5806db1668529,burger
https://www.hellofresh.de/recipes/captains-burger-mit-veganen-knusperstabchen-6405c89b8a164edef00823da,burger,6405c89b8a164edef00823da,burger
https://www.hellofresh.de/recipes/laugen-burger-mit-gebratenem-camembert-64b6842b350b1f19790744f9,burger,64b6842b350b1f19790744f9,burger
https://www.hellofresh.de/recipes/vegane-burger-bowl-mit-harissa-susskartoffeln-646c93724db08f83f90d6b9e,burger,646c93724db08f83f90d6b9e,burger
https://www.hellofresh.de/recipes/satay-pulled-chicken-burger-mit-kaiserschoten-6405c826ee8cc985c501df72,burger,6405c826ee8cc985c501df72,burger
https://www.hellofresh.de/recipes/halloumi-auberginen-burger-5f514b4b3352ac1f1846f0d0,burger,5f514b4b3352ac1f1846f0d0,burger
https://www.hellofresh.de/recipes/halloumi-auberginen-burger-5efdb0c50ab01023fc2d5674,burger,5efdb0c50ab01023fc2d5674,burger
https://www.hellofresh.de/recipes/vegan-winner-winner-crispy-burger-dinner-66fbcce29e82bf398e8fa3f2,burger,66fbcce29e82bf398e8fa3f2,burger
https://www.hellofresh.de/recipes/beyond-burger-mit-karamellisierten-miso-zwiebeln-65fd49307b309a7a47f520c5,burger,65fd49307b309a7a47f520c5,burger
https://www.hellofresh.de/recipes/burger-mit-chimichurri-5eafd8b9d6a93648c60b66c6,burger,5eafd8b9d6a93648c60b66c6,burger
https://www.hellofresh.de/recipes/veganer-bbq-burger-5ff573770af6112d1f29775b,burger,5ff573770af6112d1f29775b,burger
https://www.hellofresh.de/recipes/laugen-burger-mit-gebratenem-camembert-637c8464794ae7856a003bad,burger,637c8464794ae7856a003bad,burger
https://www.hellofresh.de/recipes/grillkase-burger-mit-karotten-beete-sticks-64881fc8c7d602ed730011a0,burger,64881fc8c7d602ed730011a0,burger
https://www.hellofresh.de/recipes/bulgogi-beef-burger-64e4c9b90989be803362fab4,burger,64e4c9b90989be803362fab4,burger
https://www.hellofresh.de/recipes/fish-and-chips-burger-mit-knoblauch-dip-605cf21b0c149748a3243499,burger,605cf21b0c149748a3243499,burger
https://www.hellofresh.de/recipes/mexican-chicken-burger-mit-chorizo-65d86c6caf98375703346aa9,burger,65d86c6caf98375703346aa9,burger
https://www.hellofresh.de/recipes/halloumi-auberginen-burger-60b66a10c891d9004719527c,burger,60b66a10c891d9004719527c,burger
https://www.hellofresh.de/recipes/halloumi-auberginen-burger-5ffdb98e71958d22130abaf3,burger,5ffdb98e71958d22130abaf3,burger
https://www.hellofresh.de/recipes/teriyaki-burger-mit-bio-rindfleisch-66d99276b2e781f53313a47f,burger,66d99276b2e781f53313a47f,burger
https://www.hellofresh.de/recipes/sloppy-joe-burger-mit-rinderhackfleischsosse-64072238d6c3cf202307df25,burger,64072238d6c3cf202307df25,burger
https://www.hellofresh.de/recipes/melted-cheese-bacon-burger-mit-bio-rinderhack-66753f08011c8aeaadadcf8c,burger,66753f08011c8aeaadadcf8c,burger
https://www.hellofresh.de/recipes/smash-burger-und-ein-milkshake-677265bc67cf697e9b620218,burger,677265bc67cf697e9b620218,burger
https://www.hellofresh.de/recipes/vegan-pulled-bbq-and-onion-burger-mit-jalapeno-64916c101a572f9a8a02a81f,burger,64916c101a572f9a8a02a81f,burger
https://www.hellofresh.de/recipes/laugen-burger-mit-gebratenem-camembert-62dc3f3a89e09a35cb0306ee,burger,62dc3f3a89e09a35cb0306ee,burger
https://www.hellofresh.de/recipes/beef-burger-mit-chimichurri-6050dad74794211bec1a2cd4,burger,6050dad74794211bec1a2cd4,burger
https://www.hellofresh.de/recipes/beyond-burger-bowl-mit-harissa-kartoffel-chips-668e691bda99f37bb7c06df8,burger,668e691bda99f37bb7c06df8,burger
https://www.hellofresh.de/recipes/fish-and-chips-seelachs-burger-mit-grunem-salat-62f6756e6a0c6d30a1078c7f,burger,62f6756e6a0c6d30a1078c7f,burger
https://www.hellofresh.de/recipes/veganer-crispy-chickimicki-burger-mit-truffelmayo-6353d379393099a22a075e53,burger,6353d379393099a22a075e53,burger
https://www.hellofresh.de/recipes/captains-burger-mit-veganen-knusperstabchen-62306046ad0f8c4b3020ec1a,burger,62306046ad0f8c4b3020ec1a,burger
https://www.hellofresh.de/recipes/mediterran-gewurzter-burger-636a0db11437e37ce0077536,burger,636a0db11437e37ce0077536,burger
https://www.hellofresh.de/recipes/buffalo-chicken-burger-mit-karotten-slaw-607e8d0d9cbe1b02372d4f65,burger,607e8d0d9cbe1b02372d4f65,burger
https://www.hellofresh.de/recipes/veggie-burger-mit-pilz-patty-5fdca9c4fd31024911015641,burger,5fdca9c4fd31024911015641,burger
https://www.hellofresh.de/recipes/melted-cheese-bacon-burger-mit-bio-rinderhack-66d81d49cc7423314febac68,burger,66d81d49cc7423314febac68,burger
https://www.hellofresh.de/recipes/chicken-harissa-chicken-burger-mit-zatar-dip-avocado-64f5b640c09936aa866c823a,burger,64f5b640c09936aa866c823a,burger
https://www.hellofresh.de/recipes/korean-bao-buns-mit-knusper-pilzen-64e860aa40ec4203972fa8ef,burger,64e860aa40ec4203972fa8ef,burger
https://www.hellofresh.de/recipes/teriyaki-burger-mit-bio-rindfleisch-672118684251e0dbe4be56dc,burger,672118684251e0dbe4be56dc,burger
https://www.hellofresh.de/recipes/mexican-chicken-burger-mit-chorizo-659535d3c7596f421e53d2c2,burger,659535d3c7596f421e53d2c2,burger
https://www.hellofresh.de/recipes/kiwi-halloumi-burger-mit-joghurt-aioli-60f6cd5c6fe6eb50f6691a2c,burger,60f6cd5c6fe6eb50f6691a2c,burger
https://www.hellofresh.de/recipes/crispy-chicken-burger-mit-spicy-slaw-671f96db4251e0dbe4bdf078,burger,671f96db4251e0dbe4bdf078,burger
https://www.hellofresh.de/recipes/pulled-mushroom-burger-mit-austernpilzen-60bddd96746ca142a20187e3,burger,60bddd96746ca142a20187e3,burger
https://www.hellofresh.de/recipes/halloumi-burger-mit-karotten-beete-sticks-60768666e1b5937f6620353c,burger,60768666e1b5937f6620353c,burger
https://www.hellofresh.de/recipes/captains-burger-61560fefb38a59715d02ded7,burger,61560fefb38a59715d02ded7,burger
https://www.hellofresh.de/recipes/burger-mit-birnen-zwiebel-chutney-5ec7d1ef2396b20401437cac,burger,5ec7d1ef2396b20401437cac,burger
https://www.hellofresh.de/recipes/bulgogi-beef-burger-6434c00500bc6c336a029798,burger,6434c00500bc6c336a029798,burger
https://www.hellofresh.de/recipes/vegane-frikadelle-mit-kartoffelstampf-651d1d35be675f371f8a7806,burger,651d1d35be675f371f8a7806,burger
https://www.hellofresh.de/recipes/burger-espanola-mit-pikantem-hahnchen-63c16265b6df1866240e87c0,burger,63c16265b6df1866240e87c0,burger
https://www.hellofresh.de/recipes/vegan-bbq-black-bean-burger-mit-ananas-salsa-621f125ec507c764e7273d07,burger,621f125ec507c764e7273d07,burger
https://www.hellofresh.de/recipes/crispy-chicken-burger-mit-spicy-slaw-6772658a0200888b9f0f887b,burger,6772658a0200888b9f0f887b,burger
https://www.hellofresh.de/recipes/bbq-burger-mit-bacon-und-kase-630cb71b1fbe0b45c1051eb8,burger,630cb71b1fbe0b45c1051eb8,burger
https://www.hellofresh.de/recipes/bulgogi-beef-burger-634e516e109171931003ed06,burger,634e516e109171931003ed06,burger
https://www.hellofresh.de/recipes/kiwi-halloumi-burger-mit-joghurt-aioli-6268ee6e40a64568940a9b51,burger,6268ee6e40a64568940a9b51,burger
https://www.hellofresh.de/recipes/leberkase-burger-mit-schmorzwiebeln-61c8be2c7e658516061d8e5b,burger,61c8be2c7e658516061d8e5b,burger
https://www.hellofresh.de/recipes/buffalo-chicken-burger-mit-karotten-slaw-61652ac848f540593524f077,burger,61652ac848f540593524f077,burger
https://www.hellofresh.de/recipes/mexican-chicken-burger-mit-chorizo-64a2ae91350b1f19790742b0,burger,64a2ae91350b1f19790742b0,burger
https://www.hellofresh.de/recipes/veganer-bbq-burger-606c3c246c6464474f01c1dc,burger,606c3c246c6464474f01c1dc,burger
https://www.hellofresh.de/recipes/laugen-burger-mit-gebratenem-camembert-63b6f70076d1e92c2c04bd3e,burger,63b6f70076d1e92c2c04bd3e,burger
https://www.hellofresh.de/recipes/grillhahnchen-burger-mit-kartoffelspalten-66b23b896e2625457a71d58b,burger,66b23b896e2625457a71d58b,burger
https://www.hellofresh.de/recipes/honig-teriyaki-burger-5ea93ddbc23bc358bf37e940,burger,5ea93ddbc23bc358bf37e940,burger
https://www.hellofresh.de/recipes/burger-espanola-mit-paprika-hahnchen-63734ee5c5b220d8d90553d8,burger,63734ee5c5b220d8d90553d8,burger
https://www.hellofresh.de/recipes/burger-espanola-mit-hahnchen-and-paprika-antipasti-61fa49f79ec1362f6e1787ab,burger,61fa49f79ec1362f6e1787ab,burger
https://www.hellofresh.de/recipes/crispy-chicken-burger-mit-spicy-slaw-66549b083c6f67065179b67b,burger,66549b083c6f67065179b67b,burger
https://www.hellofresh.de/recipes/burger-espanola-mit-pikantem-hahnchen-642ba0ff20d97b438e024a2d,burger,642ba0ff20d97b438e024a2d,burger
https://www.hellofresh.de/recipes/raclette-burger-mit-blechkartoffeln-67470e63fb7a3ff84744d7d0,burger,67470e63fb7a3ff84744d7d0,burger
https://www.hellofresh.de/recipes/veganer-sweet-chili-burger-chicken-style-616e9c4f7fa1c0435c3c773c,burger,616e9c4f7fa1c0435c3c773c,burger
https://www.hellofresh.de/recipes/burger-mit-birnen-zwiebel-chutney-5e09ff847107e12c983f6366,burger,5e09ff847107e12c983f6366,burger
https://www.hellofresh.de/recipes/grillhahnchen-burger-mit-kartoffelspalten-664f486c4e62706bac1c3c89,burger,664f486c4e62706bac1c3c89,burger
https://www.hellofresh.de/recipes/bulgogi-beef-burger-62f0fcb5240933db510c6eb6,burger,62f0fcb5240933db510c6eb6,burger
https://www.hellofresh.de/recipes/beyond-burger-mit-onion-rings-und-tomate-671f96d610bbc833b98f87b8,burger,671f96d610bbc833b98f87b8,burger
https://www.hellofresh.de/recipes/teriyaki-burger-mit-bio-rindfleisch-66d81d9db2e781f533137d99,burger,66d81d9db2e781f533137d99,burger
https://www.hellofresh.de/recipes/kiwi-halloumi-burger-5ea047a316bf67377f1b3b47,burger,5ea047a316bf67377f1b3b47,burger
https://www.hellofresh.de/recipes/fish-and-chips-seelachs-burger-mit-grunem-salat-62540a2ade4d4b7ee5532012,burger,62540a2ade4d4b7ee5532012,burger
https://www.hellofresh.de/recipes/halloumi-auberginen-burger-5e285ed637001e445117feff,burger,5e285ed637001e445117feff,burger
https://www.hellofresh.de/recipes/peking-style-burger-mit-perlhuhnfilet-and-hoisin-mayo-62fbdee4648c95a7b106a6bb,burger,62fbdee4648c95a7b106a6bb,burger
https://www.hellofresh.de/recipes/grillkase-burger-mit-karotten-beete-sticks-63c1621d2dab4308bc0e7dae,burger,63c1621d2dab4308bc0e7dae,burger
https://www.hellofresh.de/recipes/grillkase-auberginen-burger-668e68bfda99f37bb7c06c0f,burger,668e68bfda99f37bb7c06c0f,burger
https://www.hellofresh.de/recipes/halloumi-burger-mit-karotten-beete-sticks-5f2ac4e4b5d5965bfe6b4942,burger,5f2ac4e4b5d5965bfe6b4942,burger
https://www.hellofresh.de/recipes/burger-espanola-mit-hahnchen-and-paprika-antipasti-6283a826e356c13a1f0adac2,burger,6283a826e356c13a1f0adac2,burger
https://www.hellofresh.de/recipes/bbq-rindfleisch-burger-mit-bacon-und-kase-60a36e9bccdf4a74c951da71,burger,60a36e9bccdf4a74c951da71,burger
https://www.hellofresh.de/recipes/teriyaki-burger-mit-bio-rindfleisch-668e68cada99f37bb7c06c81,burger,668e68cada99f37bb7c06c81,burger
https://www.hellofresh.de/recipes/halloumi-burger-mit-karotten-beete-sticks-61f0fbe2723eb1338260c83b,burger,61f0fbe2723eb1338260c83b,burger
https://www.hellofresh.de/recipes/bbq-rinderfleisch-burger-mit-baconstreifen-5f49277bd7c00d197544b4b5,burger,5f49277bd7c00d197544b4b5,burger
https://www.hellofresh.de/recipes/mexican-chicken-burger-mit-chorizo-65d489b26c4f2239898762ff,burger,65d489b26c4f2239898762ff,burger
https://www.hellofresh.de/recipes/bulgogi-beef-burger-6006e628f47dc12ddb2c1ca8,burger,6006e628f47dc12ddb2c1ca8,burger
https://www.hellofresh.de/recipes/mexican-chicken-burger-mit-chorizo-63e9dfe67f1abd5e5200f989,burger,63e9dfe67f1abd5e5200f989,burger
https://www.hellofresh.de/recipes/kiwi-halloumi-burger-mit-joghurt-aioli-62cd766cc82f12fcf602666d,burger,62cd766cc82f12fcf602666d,burger
https://www.hellofresh.de/recipes/burger-espanola-mit-smoky-hahnchen-633192bc0e033eb45d06896f,burger,633192bc0e033eb45d06896f,burger
https://www.hellofresh.de/recipes/bio-bulgogi-beef-burger-6540c1149f9fbc0b0a5291d0,burger,6540c1149f9fbc0b0a5291d0,burger
https://www.hellofresh.de/recipes/teriyaki-burger-mit-sriracha-dip-61095f31b4e96d7feb5a0454,burger,61095f31b4e96d7feb5a0454,burger
https://www.hellofresh.de/recipes/halloumi-burger-mit-karotten-beete-sticks-5fbb9835b405883ab46e5328,burger,5fbb9835b405883ab46e5328,burger
https://www.hellofresh.de/recipes/vegan-jalapeno-cheese-burger-in-brioche-643e11cdda7395228e0eabbd,burger,643e11cdda7395228e0eabbd,burger
https://www.hellofresh.de/recipes/vegan-bbq-burger-mit-karamellisierten-zwiebeln-6149af762514bc3afa30997a,burger,6149af762514bc3afa30997a,burger
https://www.hellofresh.de/recipes/burger-mit-selbst-gemachtem-champignon-patty-617ffc4979a55c696c79a1cb,burger,617ffc4979a55c696c79a1cb,burger
https://www.hellofresh.de/recipes/honig-teriyaki-burger-5fbe259190acc543b25bb6be,burger,5fbe259190acc543b25bb6be,burger
https://www.hellofresh.de/recipes/halloumi-burger-mit-karotten-bete-sticks-5e7249d5d26b2e229f2602dc,burger,5e7249d5d26b2e229f2602dc,burger
https://www.hellofresh.de/recipes/bbq-rindfleisch-burger-mit-bacon-und-kase-619cc305c27ca873d462d8d8,burger,619cc305c27ca873d462d8d8,burger
https://www.hellofresh.de/recipes/beyond-burger-bowl-mit-harissa-kartoffel-chips-669e8fb6180815c793276677,burger,669e8fb6180815c793276677,burger
https://www.hellofresh.de/recipes/satay-pulled-chicken-burger-mit-kaiserschoten-6450bdbfad90bff78000eca2,burger,6450bdbfad90bff78000eca2,burger
https://www.hellofresh.de/recipes/grillkase-burger-mit-karotten-beete-sticks-634e5129f55e251a2a052fa2,burger,634e5129f55e251a2a052fa2,burger
https://www.hellofresh.de/recipes/chimichurri-burger-mit-kasigem-bio-rinderhack-677265530200888b9f0f8596,burger,677265530200888b9f0f8596,burger
https://www.hellofresh.de/recipes/vegan-bbq-burger-mit-karamellisierten-zwiebeln-63e1b62e1a0b36ba0603d007,burger,63e1b62e1a0b36ba0603d007,burger
https://www.hellofresh.de/recipes/honig-teriyaki-burger-mit-scharfer-mayo-60531c22d738682517471cea,burger,60531c22d738682517471cea,burger
https://www.hellofresh.de/recipes/harissa-chicken-burger-mit-zaatar-dip-avocado-65840475600988fb9c06637c,burger,65840475600988fb9c06637c,burger
https://www.hellofresh.de/recipes/bbq-rindfleisch-burger-mit-baconstreifen-602b84494f918e58da32a361,burger,602b84494f918e58da32a361,burger
https://www.hellofresh.de/recipes/hahnchenschnitzel-burger-mit-gurkensalat-60d5f05004a8ef29232f8a46,burger,60d5f05004a8ef29232f8a46,burger
https://www.hellofresh.de/recipes/miso-beef-burger-64e860a44e40d5c6cb1a5335,burger,64e860a44e40d5c6cb1a5335,burger
https://www.hellofresh.de/recipes/halloumi-auberginen-burger-62713a953eb1bcec48045938,burger,62713a953eb1bcec48045938,burger
https://www.hellofresh.de/recipes/kiwi-halloumi-burger-mit-joghurt-aioli-6091355eb262a50d535c9bb0,burger,6091355eb262a50d535c9bb0,burger
https://www.hellofresh.de/recipes/griechischer-souflaki-hahnchen-burger-640ff1675ce27546ad080359,burger,640ff1675ce27546ad080359,burger
https://www.hellofresh.de/recipes/vegan-bbq-burger-mit-karamellisierten-zwiebeln-638dc137d54c3c98980fd802,burger,638dc137d54c3c98980fd802,burger
https://www.hellofresh.de/recipes/bulgogi-beef-burger-6384c14c3fc79816a6071dd7,burger,6384c14c3fc79816a6071dd7,burger
https://www.hellofresh.de/recipes/captains-burger-mit-veganen-knusperstabchen-628b9e126c6767a7ff00e390,burger,628b9e126c6767a7ff00e390,burger
https://www.hellofresh.de/recipes/mexican-chicken-burger-mit-chorizo-641908a52270ba35ee0a4478,burger,641908a52270ba35ee0a4478,burger
https://www.hellofresh.de/recipes/bbq-rindfleisch-burger-mit-bacon-und-kase-61095f589596f177530b36c4,burger,61095f589596f177530b36c4,burger
https://www.hellofresh.de/recipes/honig-teriyaki-burger-mit-scharfer-mayo-613f11cc9d6c9a4b7c2c3f6a,burger,613f11cc9d6c9a4b7c2c3f6a,burger
https://www.hellofresh.de/recipes/burger-mit-birnen-zwiebel-chutney-5f6d9584a5f8903748746b00,burger,5f6d9584a5f8903748746b00,burger
https://www.hellofresh.de/recipes/burger-mit-selbst-gemachtem-champignon-patty-60ed9c76f0590e4f0a2ba9fe,burger,60ed9c76f0590e4f0a2ba9fe,burger
https://www.hellofresh.de/recipes/teriyaki-burger-mit-bio-rindfleisch-671f9740662b2e47e398cbc3,burger,671f9740662b2e47e398cbc3,burger
https://www.hellofresh.de/recipes/spicy-sriracha-chicken-burger-671f977f10bbc833b98f90ed,burger,671f977f10bbc833b98f90ed,burger
https://www.hellofresh.de/recipes/leberkase-burger-5f34f53934cbd41c026aa93e,burger,5f34f53934cbd41c026aa93e,burger
https://www.hellofresh.de/recipes/kiwi-halloumi-burger-mit-joghurt-aioli-5f8045e7f62367537e0082d2,burger,5f8045e7f62367537e0082d2,burger
https://www.hellofresh.de/recipes/portobello-burger-mit-ziegenkase-64e3b211a2c417189e0daad6,burger,64e3b211a2c417189e0daad6,burger
https://www.hellofresh.de/recipes/burger-espanola-mit-pikantem-hahnchen-63f33a8bcd47b051240a74c5,burger,63f33a8bcd47b051240a74c5,burger
https://www.hellofresh.de/recipes/kiwi-halloumi-burger-5d9cab090cd5301d126d1a67,burger,5d9cab090cd5301d126d1a67,burger
https://www.hellofresh.de/recipes/bbq-rindfleisch-burger-mit-bacon-und-kase-61508a7cb2e4a23583707eea,burger,61508a7cb2e4a23583707eea,burger
https://www.hellofresh.de/recipes/bulgogi-beef-burger-63f4712e35051b2249013db4,burger,63f4712e35051b2249013db4,burger
https://www.hellofresh.de/recipes/veggie-tex-mex-mushroom-burger-6242da78bc755559d465f796,burger,6242da78bc755559d465f796,burger
https://www.hellofresh.de/recipes/beyond-meat-burger-mit-feigen-zwiebel-relish-66fbcd23acc2c87562468f34,burger,66fbcd23acc2c87562468f34,burger
https://www.hellofresh.de/recipes/glazed-bbq-burger-mit-bacon-und-kase-643e11f1111dd93eb20d2dca,burger,643e11f1111dd93eb20d2dca,burger
https://www.hellofresh.de/recipes/sommer-im-herbst-vietnamesische-reispapierrollen-5435164cff604dee2d8b456a,kalorienreduzierte-rezepte,5435164cff604dee2d8b456a,kalorienreduziert
https://www.hellofresh.de/recipes/linsenauflauf-mit-braunen-champignons-5c113ae1c445fa6727081f92,kalorienreduzierte-rezepte,5c113ae1c445fa6727081f92,kalorienreduziert
https://www.hellofresh.de/recipes/bandnudeln-mit-im-ofen-geschmorten-kirschtomaten-54632b72ff604dfaac8b456f,kalorienreduzierte-rezepte,54632b72ff604dfaac8b456f,kalorienreduziert
https://www.hellofresh.de/recipes/teriyaki-glasnudeln-mit-schweinefilet-5f3e339933459a5b1c260473,kalorienreduzierte-rezepte,5f3e339933459a5b1c260473,kalorienreduziert
https://www.hellofresh.de/recipes/seehecht-mit-linsen-spinat-gemuse-62da9d20b2087d5a98004bdb,kalorienreduzierte-rezepte,62da9d20b2087d5a98004bdb,kalorienreduziert
https://www.hellofresh.de/recipes/scharfes-hahnchen-kokos-curry-5b225787ae08b57d1f73c362,kalorienreduzierte-rezepte,5b225787ae08b57d1f73c362,kalorienreduziert
https://www.hellofresh.de/recipes/sukower-wels-in-honig-senf-marinade-5af06cdcae08b536ef2a2e42,kalorienreduzierte-rezepte,5af06cdcae08b536ef2a2e42,kalorienreduziert
https://www.hellofresh.de/recipes/garnelen-auf-krauter-pastinakenstampf-64ad737df18420f5b30bb360,kalorienreduzierte-rezepte,64ad737df18420f5b30bb360,kalorienreduziert
https://www.hellofresh.de/recipes/puy-linsen-salat-553fad7f6ced6ea43f8b4567,kalorienreduzierte-rezepte,553fad7f6ced6ea43f8b4567,kalorienreduziert
https://www.hellofresh.de/recipes/gebratener-reis-mit-garnelen-5e445cce194a911d314a5acc,kalorienreduzierte-rezepte,5e445cce194a911d314a5acc,kalorienreduziert
https://www.hellofresh.de/recipes/tagliatelle-pasta-mit-dreierlei-pilzen-542981f8ff604d76338b4567,kalorienreduzierte-rezepte,542981f8ff604d76338b4567,kalorienreduziert
https://www.hellofresh.de/recipes/porree-blumenkohl-tarte-5491c52aff604dda598b4569,kalorienreduzierte-rezepte,5491c52aff604dda598b4569,kalorienreduziert
https://www.hellofresh.de/recipes/gebratener-seehecht-auf-balsamico-linsen-64214822b2f507d6af0e5628,kalorienreduzierte-rezepte,64214822b2f507d6af0e5628,kalorienreduziert
https://www.hellofresh.de/recipes/zarte-piri-piri-putenbrust-58eca5d699052d38a94ffe02,kalorienreduzierte-rezepte,58eca5d699052d38a94ffe02,kalorienreduziert
https://www.hellofresh.de/recipes/beef-eintopf-5491c3efff604dc37a8b456a,kalorienreduzierte-rezepte,5491c3efff604dc37a8b456a,kalorienreduziert
https://www.hellofresh.de/recipes/knusprig-gebratene-spatzlepfanne-54632c5eff604dcfae8b4568,kalorienreduzierte-rezepte,54632c5eff604dcfae8b4568,kalorienreduziert
https://www.hellofresh.de/recipes/herzhafte-tiroler-pizza-mit-rauchertofu-546a0030ff604d358b8b456a,kalorienreduzierte-rezepte,546a0030ff604d358b8b456a,kalorienreduziert
https://www.hellofresh.de/recipes/kross-gebratene-schupfnudeln-popeye-542030c7ff604d3a278b4569,kalorienreduzierte-rezepte,542030c7ff604d3a278b4569,kalorienreduziert
https://www.hellofresh.de/recipes/herzhafte-krauterknodel-543514c0ff604d782f8b4568,kalorienreduzierte-rezepte,543514c0ff604d782f8b4568,kalorienreduziert
https://www.hellofresh.de/recipes/mediterraner-kartoffel-salat-provence-541984fbff604df5418b4569,kalorienreduzierte-rezepte,541984fbff604df5418b4569,kalorienreduziert
https://www.hellofresh.de/recipes/nudeln-aus-edamame-mit-bacon-5ea07e8fccc6c83ed1576449,kalorienreduzierte-rezepte,5ea07e8fccc6c83ed1576449,kalorienreduziert
https://www.hellofresh.de/recipes/porreetarte-mit-senf-und-schnittlauch-dip-5fa27c6efdec8525056bfc25,kalorienreduzierte-rezepte,5fa27c6efdec8525056bfc25,kalorienreduziert
https://www.hellofresh.de/recipes/crostini-mit-forellentatar-5903388b31310050a016b832,kalorienreduzierte-rezepte,5903388b31310050a016b832,kalorienreduziert
https://www.hellofresh.de/recipes/thailandisches-auberginen-curry-54632ccaff604dcfae8b4569,kalorienreduzierte-rezepte,54632ccaff604dcfae8b4569,kalorienreduziert
https://www.hellofresh.de/recipes/gebratenes-welsfilet-58a2d06b31310047337c0023,kalorienreduzierte-rezepte,58a2d06b31310047337c0023,kalorienreduziert
https://www.hellofresh.de/recipes/thailandische-erdnuss-satay-pfanne-54298309ff604d80338b456a,kalorienreduzierte-rezepte,54298309ff604d80338b456a,kalorienreduziert
https://www.hellofresh.de/recipes/italienisches-steak-sandwich-caprese-54588a4cff604d48188b456a,kalorienreduzierte-rezepte,54588a4cff604d48188b456a,kalorienreduziert
https://www.hellofresh.de/recipes/veganes-maronen-pilz-ragout-5fbb984a45816351eb7763a2,kalorienreduzierte-rezepte,5fbb984a45816351eb7763a2,kalorienreduziert
https://www.hellofresh.de/recipes/pikante-susskartoffel-kokosmilch-suppe-5491c421ff604def628b456a,kalorienreduzierte-rezepte,5491c421ff604def628b456a,kalorienreduziert
https://www.hellofresh.de/recipes/herzhaftes-blumenkohl-linsen-dal-58ecadcfc6243b3651170cb4,kalorienreduzierte-rezepte,58ecadcfc6243b3651170cb4,kalorienreduziert
https://www.hellofresh.de/recipes/delikate-quiche-lorraine-54588b98ff604d48188b456b,kalorienreduzierte-rezepte,54588b98ff604d48188b456b,kalorienreduziert
https://www.hellofresh.de/recipes/gebratener-seehecht-auf-balsamico-linsen-63c1625f633cd7d8dc03ea5c,kalorienreduzierte-rezepte,63c1625f633cd7d8dc03ea5c,kalorienreduziert
https://www.hellofresh.de/recipes/zitroniges-fischfilet-5e74dc4f38c4c817150e79da,kalorienreduzierte-rezepte,5e74dc4f38c4c817150e79da,kalorienreduziert
https://www.hellofresh.de/recipes/indischer-kartoffeleintopf-paneer-5469ffc0ff604d358b8b4569,kalorienreduzierte-rezepte,5469ffc0ff604d358b8b4569,kalorienreduziert
https://www.hellofresh.de/recipes/indischer-kartoffel-bohneneintopf-547f54ffff604dc31f8b4578,kalorienreduzierte-rezepte,547f54ffff604dc31f8b4578,kalorienreduziert
https://www.hellofresh.de/recipes/blumenkohl-austernpilz-pfanne-mit-petersilien-mojo-570390dbfd2cb9402b8b4567,kalorienreduzierte-rezepte,570390dbfd2cb9402b8b4567,kalorienreduziert
https://www.hellofresh.de/recipes/tomaten-mascarpone-pastaauflauf-54b65d626ced6e667a8b456f,kalorienreduzierte-rezepte,54b65d626ced6e667a8b456f,kalorienreduziert
https://www.hellofresh.de/recipes/mexikanische-kase-enchiladas-547f53b1ff604dc31f8b4577,kalorienreduzierte-rezepte,547f53b1ff604dc31f8b4577,kalorienreduziert
https://www.hellofresh.de/recipes/bunter-bulgursalat-5447debcff604d87338b456a,kalorienreduzierte-rezepte,5447debcff604d87338b456a,kalorienreduziert
https://www.hellofresh.de/recipes/roter-reis-salat-54198564ff604db0238b4568,kalorienreduzierte-rezepte,54198564ff604db0238b4568,kalorienreduziert
https://www.hellofresh.de/recipes/cremiges-kartoffelgratin-mit-karamellisierten-zwiebeln-54db214e6ced6e541f8b456b,kalorienreduzierte-rezepte,54db214e6ced6e541f8b456b,kalorienreduziert
https://www.hellofresh.de/recipes/knuspriges-krauterschnitzel-5902ec12171c584090693d02,kalorienreduzierte-rezepte,5902ec12171c584090693d02,kalorienreduziert
https://www.hellofresh.de/recipes/garnelen-auf-krauter-pastinakenstampf-64ca2c52ca2527546f089328,kalorienreduzierte-rezepte,64ca2c52ca2527546f089328,kalorienreduziert
https://www.hellofresh.de/recipes/libanesische-susskartoffel-wraps-543e32a9ff604ddd4c8b456a,kalorienreduzierte-rezepte,543e32a9ff604ddd4c8b456a,kalorienreduziert
https://www.hellofresh.de/recipes/leichte-kokos-puten-spiesse-mit-karotten-ingwer-puree-56c43c6dfd2cb938488b4567,kalorienreduzierte-rezepte,56c43c6dfd2cb938488b4567,kalorienreduziert
https://www.hellofresh.de/recipes/schweinelachssteak-mit-rauchigen-kartoffeln-606c3c5dee79bd729d2690b9,kalorienreduzierte-rezepte,606c3c5dee79bd729d2690b9,kalorienreduziert
https://www.hellofresh.de/recipes/zitronenhahnchen-schnitzel-547f3bf6ff604dce0b8b4568,kalorienreduzierte-rezepte,547f3bf6ff604dce0b8b4568,kalorienreduziert
https://www.hellofresh.de/recipes/lauwarmer-linsensalat-mit-stangensellerie-547f3d9bff604ddb238b456c,kalorienreduzierte-rezepte,547f3d9bff604ddb238b456c,kalorienreduziert
https://www.hellofresh.de/recipes/schweinefilet-mit-delikater-krauterkruste-5450e1d5ff604dcc2f8b456d,kalorienreduzierte-rezepte,5450e1d5ff604dcc2f8b456d,kalorienreduziert
https://www.hellofresh.de/recipes/cremiger-kartoffel-curry-eintopf-543e3361ff604ddb4c8b456d,kalorienreduzierte-rezepte,543e3361ff604ddb4c8b456d,kalorienreduziert
https://www.hellofresh.de/recipes/penne-mit-zweierlei-tomaten-sahnesosse-543e30b1ff604ddb4c8b456b,kalorienreduzierte-rezepte,543e30b1ff604ddb4c8b456b,kalorienreduziert
https://www.hellofresh.de/recipes/knollensellerie-creme-suppe-francais-543e306aff604ddb4c8b456a,kalorienreduzierte-rezepte,543e306aff604ddb4c8b456a,kalorienreduziert
https://www.hellofresh.de/recipes/knusprige-rosmarin-hasselback-kartoffeln-542982a9ff604d73338b4569,kalorienreduzierte-rezepte,542982a9ff604d73338b4569,kalorienreduziert
https://www.hellofresh.de/recipes/mediterrane-pita-pizzen-mit-gebratenem-blumenkohl-54298233ff604d049f8b456b,kalorienreduzierte-rezepte,54298233ff604d049f8b456b,kalorienreduziert
https://www.hellofresh.de/recipes/schweinefilet-mit-honig-rosmarinsosse-5d0210e414c74f001413e049,kalorienreduzierte-rezepte,5d0210e414c74f001413e049,kalorienreduziert
https://www.hellofresh.de/recipes/winterpasta-mit-wirsing-54ad682a6ced6e803c8b456c,kalorienreduzierte-rezepte,54ad682a6ced6e803c8b456c,kalorienreduziert
https://www.hellofresh.de/recipes/italienischer-zucchini-mozzarella-reis-auflauf-547f54cdff604dce0b8b456c,kalorienreduzierte-rezepte,547f54cdff604dce0b8b456c,kalorienreduziert
https://www.hellofresh.de/recipes/schweinelachssteak-an-delikater-champignon-stroganoff-sosse-543e2fd3ff604ddd4c8b4568,kalorienreduzierte-rezepte,543e2fd3ff604ddd4c8b4568,kalorienreduziert
https://www.hellofresh.de/recipes/karottencremesuppchen-54c0c9736ced6ed7628b4569,kalorienreduzierte-rezepte,54c0c9736ced6ed7628b4569,kalorienreduziert
https://www.hellofresh.de/recipes/kase-toastie-sandwiches-54b65d9d6ced6e567a8b456e,kalorienreduzierte-rezepte,54b65d9d6ced6e567a8b456e,kalorienreduziert
https://www.hellofresh.de/recipes/paprika-garnelen-auf-buntem-gemusestampf-6577233cba37c0febace3084,kalorienreduzierte-rezepte,6577233cba37c0febace3084,kalorienreduziert
https://www.hellofresh.de/recipes/cremiges-schweinegeschnetzeltes-an-farfalle-547f4b85ff604ddc248b456a,kalorienreduzierte-rezepte,547f4b85ff604ddc248b456a,kalorienreduziert
https://www.hellofresh.de/recipes/marokkanische-susskartoffel-tagine-547f3d20ff604ddc248b4568,kalorienreduzierte-rezepte,547f3d20ff604ddc248b4568,kalorienreduziert
https://www.hellofresh.de/recipes/veganer-doner-mit-selbstgemachter-cashew-mayo-54588f36ff604d65418b456b,kalorienreduzierte-rezepte,54588f36ff604d65418b456b,kalorienreduziert
https://www.hellofresh.de/recipes/cremiger-eintopf-mit-seelachs-5ee1ecedc37c85631a273e91,kalorienreduzierte-rezepte,5ee1ecedc37c85631a273e91,kalorienreduziert
https://www.hellofresh.de/recipes/bunte-gemuse-paella-54588b5aff604d45ac8b456d,kalorienreduzierte-rezepte,54588b5aff604d45ac8b456d,kalorienreduziert
https://www.hellofresh.de/recipes/caesar-salat-mit-gebratenen-gnocchi-5ffdb9a56abd0a51877d5b52,kalorienreduzierte-rezepte,5ffdb9a56abd0a51877d5b52,kalorienreduziert
https://www.hellofresh.de/recipes/scharfes-hahnchen-kokos-curry-5c45d010e3f3394b67285102,kalorienreduzierte-rezepte,5c45d010e3f3394b67285102,kalorienreduziert
https://www.hellofresh.de/recipes/unsere-mezze-platte-5447dd94ff604d1f7e8b4567,kalorienreduzierte-rezepte,5447dd94ff604d1f7e8b4567,kalorienreduziert
https://www.hellofresh.de/recipes/gebratener-seehecht-auf-balsamico-linsen-6478aa4a0c625504e40cb189,kalorienreduzierte-rezepte,6478aa4a0c625504e40cb189,kalorienreduziert
https://www.hellofresh.de/recipes/mexikanische-burrito-ofen-gemuse-wraps-54588beaff604d4e178b456e,kalorienreduzierte-rezepte,54588beaff604d4e178b456e,kalorienreduziert
https://www.hellofresh.de/recipes/herbstliches-pastinaken-rosmarin-risotto-54203117ff604de8268b456a,kalorienreduzierte-rezepte,54203117ff604de8268b456a,kalorienreduziert
https://www.hellofresh.de/recipes/orzo-nudel-auflauf-mit-viel-gemuse-5874dbde4348d239600fdcb2,kalorienreduzierte-rezepte,5874dbde4348d239600fdcb2,kalorienreduziert
https://www.hellofresh.de/recipes/beef-steak-burger-54632ae0ff604d14af8b456b,kalorienreduzierte-rezepte,54632ae0ff604d14af8b456b,kalorienreduziert
https://www.hellofresh.de/recipes/spatzle-porree-auflauf-verfeinert-mit-gratin-kase-54351408ff604dee2d8b4568,kalorienreduzierte-rezepte,54351408ff604dee2d8b4568,kalorienreduziert
https://www.hellofresh.de/recipes/rindersteaks-an-karottensticks-und-cremigem-kartoffelstampf-5447dc61ff604d87338b4567,kalorienreduzierte-rezepte,5447dc61ff604d87338b4567,kalorienreduziert
https://www.hellofresh.de/recipes/tundra-teller-fischfilet-nach-art-bordelaise-6353d30aadb42b14d8019057,kalorienreduzierte-rezepte,6353d30aadb42b14d8019057,kalorienreduziert
https://www.hellofresh.de/recipes/porree-spatzle-pfanne-mit-schmelzzwiebeln-64c92d2a8bb4c147c2039926,kalorienreduzierte-rezepte,64c92d2a8bb4c147c2039926,kalorienreduziert
https://www.hellofresh.de/recipes/linsenauflauf-mit-champignons-5d19bafd2af8ef001233482f,kalorienreduzierte-rezepte,5d19bafd2af8ef001233482f,kalorienreduziert
https://www.hellofresh.de/recipes/glasierte-pute-suss-sauer-54632b31ff604d53ae8b456a,kalorienreduzierte-rezepte,54632b31ff604d53ae8b456a,kalorienreduziert
https://www.hellofresh.de/recipes/stremellachs-auf-lauwarmem-perlgraupen-salat-54298266ff604d80338b4569,kalorienreduzierte-rezepte,54298266ff604d80338b4569,kalorienreduziert
https://www.hellofresh.de/recipes/uberbackene-portobello-pilze-571f356c4dab7136258b4567,kalorienreduzierte-rezepte,571f356c4dab7136258b4567,kalorienreduziert
https://www.hellofresh.de/recipes/spinat-malfatti-54edd0036ced6e38038b456a,kalorienreduzierte-rezepte,54edd0036ced6e38038b456a,kalorienreduziert
https://www.hellofresh.de/recipes/bratwurst-gemuse-spiesse-543e3256ff604ddb4c8b456c,kalorienreduzierte-rezepte,543e3256ff604ddb4c8b456c,kalorienreduziert
https://www.hellofresh.de/recipes/caesar-salad-mit-gebratenen-gnocchi-6088ef6d4df0671436686b8f,kalorienreduzierte-rezepte,6088ef6d4df0671436686b8f,kalorienreduziert
https://www.hellofresh.de/recipes/asia-nudelpfanne-mit-gerostetem-sesam-54c0ca106ced6e69608b4569,kalorienreduzierte-rezepte,54c0ca106ced6e69608b4569,kalorienreduziert
https://www.hellofresh.de/recipes/cajun-gumbo-eintopf-54351525ff604dee2d8b4569,kalorienreduzierte-rezepte,54351525ff604dee2d8b4569,kalorienreduziert
https://www.hellofresh.de/recipes/steckrubensuppe-541984acff604db0238b4567,kalorienreduzierte-rezepte,541984acff604db0238b4567,kalorienreduziert
https://www.hellofresh.de/recipes/pikantes-seelachsfilet-in-krautermarinade-6268eefd4428c2751e067ed7,kalorienreduzierte-rezepte,6268eefd4428c2751e067ed7,kalorienreduziert
https://www.hellofresh.de/recipes/putenspiesse-in-limetten-chili-marinade-58906a21803b502aa9080d12,kalorienreduzierte-rezepte,58906a21803b502aa9080d12,kalorienreduziert
https://www.hellofresh.de/recipes/bandnudeln-547f552cff604ddb238b456d,kalorienreduzierte-rezepte,547f552cff604ddb238b456d,kalorienreduziert
https://www.hellofresh.de/recipes/zitroniges-tilapia-fischfilet-5c0e5a96e3f3395d833ac5f3,kalorienreduzierte-rezepte,5c0e5a96e3f3395d833ac5f3,kalorienreduziert
https://www.hellofresh.de/recipes/veganes-maronen-pilz-ragout-60101ee68cf3fb769543ace2,kalorienreduzierte-rezepte,60101ee68cf3fb769543ace2,kalorienreduziert
https://www.hellofresh.de/recipes/gebratener-seehecht-5e85b26c9f95662c5707e0f8,kalorienreduzierte-rezepte,5e85b26c9f95662c5707e0f8,kalorienreduziert
https://www.hellofresh.de/recipes/ajvarbulgur-mit-schweinegeschnetzeltem-5da86e1758b6fb41076fde2f,kalorienreduzierte-rezepte,5da86e1758b6fb41076fde2f,kalorienreduziert
https://www.hellofresh.de/recipes/knusprige-kartoffel-wedges-mit-brokkoli-bratlingen-543515e6ff604d51958b4568,kalorienreduzierte-rezepte,543515e6ff604d51958b4568,kalorienreduziert
https://www.hellofresh.de/recipes/mexikanische-tacos-5420303aff604de9268b4567,kalorienreduzierte-rezepte,5420303aff604de9268b4567,kalorienreduziert
https://www.hellofresh.de/recipes/vegetarische-fajitas-54b65e826ced6e567a8b4570,kalorienreduzierte-rezepte,54b65e826ced6e567a8b4570,kalorienreduziert
https://www.hellofresh.de/recipes/mexikanisch-im-winter-5469fe74ff604d2b8b8b456a,kalorienreduzierte-rezepte,5469fe74ff604d2b8b8b456a,kalorienreduziert
https://www.hellofresh.de/recipes/schneller-teriyaki-seelachs-65afe32b205245479062bc7b,kalorienreduzierte-rezepte,65afe32b205245479062bc7b,kalorienreduziert
https://www.hellofresh.de/recipes/teriyaki-glasnudeln-mit-schweinefilet-5fc66b294fabcd47aa2ecfe9,kalorienreduzierte-rezepte,5fc66b294fabcd47aa2ecfe9,kalorienreduziert
https://www.hellofresh.de/recipes/der-klassiker-elsasser-flammkuchen-5469ff0dff604d358b8b4568,kalorienreduzierte-rezepte,5469ff0dff604d358b8b4568,kalorienreduziert
https://www.hellofresh.de/recipes/teriyaki-garnelen-mit-brokkoli-5ecf98c350510e792e404406,kalorienreduzierte-rezepte,5ecf98c350510e792e404406,kalorienreduziert
https://www.hellofresh.de/recipes/spargelsalat-mit-kartoffeln-aus-dem-ofen-5e85b155ca2ebd704300aac1,kalorienreduzierte-rezepte,5e85b155ca2ebd704300aac1,kalorienreduziert
https://www.hellofresh.de/recipes/socca-mit-antipastigemuse-5c35c717c445fa7ac21db982,kalorienreduzierte-rezepte,5c35c717c445fa7ac21db982,kalorienreduziert
https://www.hellofresh.de/recipes/fruhlingseintopf-mit-sauerkraut-und-krautercreme-6405c8acef95911f810722aa,kalorienreduzierte-rezepte,6405c8acef95911f810722aa,kalorienreduziert
https://www.hellofresh.de/recipes/ofengemuse-550927f66ced6eb2028b456c,kalorienreduzierte-rezepte,550927f66ced6eb2028b456c,kalorienreduziert
https://www.hellofresh.de/recipes/indisches-curry-550927936ced6e65488b4599,kalorienreduzierte-rezepte,550927936ced6e65488b4599,kalorienreduziert
https://www.hellofresh.de/recipes/knuspriger-zwiebel-und-krauterfrischkase-flammkuchen-54984e7aff604ddc048b4568,kalorienreduzierte-rezepte,54984e7aff604ddc048b4568,kalorienreduziert
https://www.hellofresh.de/recipes/bratwurst-rigatoni-5491c3beff604dda598b4568,kalorienreduzierte-rezepte,5491c3beff604dda598b4568,kalorienreduziert
https://www.hellofresh.de/recipes/schnelle-indische-spinat-reispfanne-571f3beafd2cb96a4f8b4567,kalorienreduzierte-rezepte,571f3beafd2cb96a4f8b4567,kalorienreduziert
https://www.hellofresh.de/recipes/lauwarmer-quinoa-salat-mit-feta-5491c57bff604dc37a8b456b,kalorienreduzierte-rezepte,5491c57bff604dc37a8b456b,kalorienreduziert
https://www.hellofresh.de/recipes/knuspriger-winter-flammkuchen-mit-rosenkohl-und-geriebenem-edamer-5447dd3aff604d87338b4569,kalorienreduzierte-rezepte,5447dd3aff604d87338b4569,kalorienreduziert
https://www.hellofresh.de/recipes/klassische-mozzarella-tomaten-basilikum-pizza-54203141ff604de9268b4568,kalorienreduzierte-rezepte,54203141ff604de9268b4568,kalorienreduziert
https://www.hellofresh.de/recipes/seehecht-mit-linsen-spinat-gemuse-621f1226840ca13bd5123d37,kalorienreduzierte-rezepte,621f1226840ca13bd5123d37,kalorienreduziert
https://www.hellofresh.de/recipes/veggie-moussaka-58de5f912310a869742ad942,kalorienreduzierte-rezepte,58de5f912310a869742ad942,kalorienreduziert
https://www.hellofresh.de/recipes/in-kokosmilch-gebackene-putenbrust-54ad67a26ced6e603c8b456c,kalorienreduzierte-rezepte,54ad67a26ced6e603c8b456c,kalorienreduziert
https://www.hellofresh.de/recipes/mediterranes-fladenbrot-5475f529ff604dea348b4571,kalorienreduzierte-rezepte,5475f529ff604dea348b4571,kalorienreduziert
https://www.hellofresh.de/recipes/seehecht-mit-linsen-spinat-gemuse-6283a8004a1acc87b10365c4,kalorienreduzierte-rezepte,6283a8004a1acc87b10365c4,kalorienreduziert
https://www.hellofresh.de/recipes/bratwurst-spiesse-aus-dem-ofen-5475f586ff604dc72f8b456b,kalorienreduzierte-rezepte,5475f586ff604dc72f8b456b,kalorienreduziert
https://www.hellofresh.de/recipes/italienisches-club-sandwich-541984d3ff604d074b8b4567,kalorienreduzierte-rezepte,541984d3ff604d074b8b4567,kalorienreduziert
https://www.hellofresh.de/recipes/piri-piri-hahnchen-auf-rosenkohlsalat-5e134f70a4c1ad20a5076686,kalorienreduzierte-rezepte,5e134f70a4c1ad20a5076686,kalorienreduziert
https://www.hellofresh.de/recipes/gebratener-seehecht-5f476de1dd9d155446668267,kalorienreduzierte-rezepte,5f476de1dd9d155446668267,kalorienreduziert
https://www.hellofresh.de/recipes/asiatisch-gewurzte-rindersteaks-54351388ff604d51958b4567,kalorienreduzierte-rezepte,54351388ff604d51958b4567,kalorienreduziert
https://www.hellofresh.de/recipes/spargelstangen-mit-bacon-wurfeln-5cac71c8e3f3392a935a0122,kalorienreduzierte-rezepte,5cac71c8e3f3392a935a0122,kalorienreduziert
https://www.hellofresh.de/recipes/rinderstreifen-mit-frischem-wildkrautersalat-57036557fd2cb9761c8b4568,kalorienreduzierte-rezepte,57036557fd2cb9761c8b4568,kalorienreduziert
https://www.hellofresh.de/recipes/turkische-rote-linsen-suppe-mit-minz-joghurt-56ded7944dab71e3508b4567,kalorienreduzierte-rezepte,56ded7944dab71e3508b4567,kalorienreduziert
https://www.hellofresh.de/recipes/tortellini-mit-schinkenspeck-sahnesosse-54c0c9a66ced6e69608b4567,kalorienreduzierte-rezepte,54c0c9a66ced6e69608b4567,kalorienreduziert
https://www.hellofresh.de/recipes/glasnudeln-mit-schweinelachssteak-5e4e65296229ac62bb360c06,kalorienreduzierte-rezepte,5e4e65296229ac62bb360c06,kalorienreduziert
https://www.hellofresh.de/recipes/pikantes-seelachsfilet-an-krautermarinade-6050db7f9606d85bfb3260d0,kalorienreduzierte-rezepte,6050db7f9606d85bfb3260d0,kalorienreduziert
https://www.hellofresh.de/recipes/delikate-karotten-porree-suppe-5469fee5ff604d358b8b4567,kalorienreduzierte-rezepte,5469fee5ff604d358b8b4567,kalorienreduziert
https://www.hellofresh.de/recipes/ofen-feta-packchen-54636f7cff604d14af8b4570,kalorienreduzierte-rezepte,54636f7cff604d14af8b4570,kalorienreduziert
https://www.hellofresh.de/recipes/mediterrane-pizza-54ad68726ced6e863d8b456e,kalorienreduzierte-rezepte,54ad68726ced6e863d8b456e,kalorienreduziert
https://www.hellofresh.de/recipes/indisches-korma-curry-5450e206ff604d50aa8b456a,kalorienreduzierte-rezepte,5450e206ff604d50aa8b456a,kalorienreduziert
https://www.hellofresh.de/recipes/one-pot-pasta-mit-champignons-5f476df557eeed3dcc6e8c96,kalorienreduzierte-rezepte,5f476df557eeed3dcc6e8c96,kalorienreduziert
https://www.hellofresh.de/recipes/putenbrust-mit-winterlichen-orangen-karotten-5833f56ea28e1a6af778b342,kalorienreduzierte-rezepte,5833f56ea28e1a6af778b342,kalorienreduziert
https://www.hellofresh.de/recipes/blatterteig-tarte-a-la-greco-547f5469ff604ddc248b456b,kalorienreduzierte-rezepte,547f5469ff604ddc248b456b,kalorienreduziert
https://www.hellofresh.de/recipes/lasagne-pfanne-mit-champignons-547f3c58ff604ddb238b4569,kalorienreduzierte-rezepte,547f3c58ff604ddb238b4569,kalorienreduziert
https://www.hellofresh.de/recipes/asiatische-hoisin-gemusepfanne-5475f611ff604d12bd8b456a,kalorienreduzierte-rezepte,5475f611ff604d12bd8b456a,kalorienreduziert
https://www.hellofresh.de/recipes/kross-gebratene-schupfnudeln-5475f4e0ff604dc72f8b456a,kalorienreduzierte-rezepte,5475f4e0ff604dc72f8b456a,kalorienreduziert
https://www.hellofresh.de/recipes/herzhafter-pfannkuchen-auflauf-5be0217430006c2c1754fba2,kalorienreduzierte-rezepte,5be0217430006c2c1754fba2,kalorienreduziert
https://www.hellofresh.de/recipes/ajvarbulgur-mit-schweinegeschnetzeltem-5e1dee438d722724e31c3ac7,kalorienreduzierte-rezepte,5e1dee438d722724e31c3ac7,kalorienreduziert
https://www.hellofresh.de/recipes/vegetarisches-moussaka-mit-linsen-5ff573bd1f6d8d5b235f2c5b,kalorienreduzierte-rezepte,5ff573bd1f6d8d5b235f2c5b,kalorienreduziert
https://www.hellofresh.de/recipes/delikates-grunkohl-risotto-5491c4d1ff604ddb598b4570,kalorienreduzierte-rezepte,5491c4d1ff604ddb598b4570,kalorienreduziert
https://www.hellofresh.de/recipes/herzhafte-kase-fiorelli-5450e377ff604ddc318b456b,kalorienreduzierte-rezepte,5450e377ff604ddc318b456b,kalorienreduziert
https://www.hellofresh.de/recipes/teriyaki-garnelen-mit-brokkoli-6006e621c530fa7bb6045655,kalorienreduzierte-rezepte,6006e621c530fa7bb6045655,kalorienreduziert
https://www.hellofresh.de/recipes/indischer-tikka-masala-gemuse-curry-5419853bff604def418b456a,kalorienreduzierte-rezepte,5419853bff604def418b456a,kalorienreduziert
https://www.hellofresh.de/recipes/steak-mit-susskartoffelstampf-5475f3f8ff604d12bd8b4569,kalorienreduzierte-rezepte,5475f3f8ff604d12bd8b4569,kalorienreduziert
https://www.hellofresh.de/recipes/das-bacon-sandwich-5450e3eaff604dcc2f8b456e,kalorienreduzierte-rezepte,5450e3eaff604dcc2f8b456e,kalorienreduziert
https://www.hellofresh.de/recipes/hahnchenbrust-mit-blumenkohlraspel-5e288866848c7124312bdfc2,kalorienreduzierte-rezepte,5e288866848c7124312bdfc2,kalorienreduziert
https://www.hellofresh.de/recipes/knusprige-ras-el-hanout-gemusepfannkuchen-5450e3b1ff604de0838b456b,kalorienreduzierte-rezepte,5450e3b1ff604de0838b456b,kalorienreduziert
https://www.hellofresh.de/recipes/karibischer-mango-brotsalat-56b1bc06f8b25ef8158b4567,kalorienreduzierte-rezepte,56b1bc06f8b25ef8158b4567,kalorienreduziert
https://www.hellofresh.de/recipes/herzhafter-kokosmilch-quinoa-eintopf-5420327cff604df35b8b4569,kalorienreduzierte-rezepte,5420327cff604df35b8b4569,kalorienreduziert
https://www.hellofresh.de/recipes/italienische-kartoffelpfanne-caprese-5447de6cff604d1f7e8b456a,kalorienreduzierte-rezepte,5447de6cff604d1f7e8b456a,kalorienreduziert
https://www.hellofresh.de/recipes/pikante-asiatische-nudelpfanne-54203076ff604df35b8b4568,kalorienreduzierte-rezepte,54203076ff604df35b8b4568,kalorienreduziert
https://www.hellofresh.de/recipes/cremiger-blumenkohleintopf-547f3c87ff604dce0b8b4569,kalorienreduzierte-rezepte,547f3c87ff604dce0b8b4569,kalorienreduziert
https://www.hellofresh.de/recipes/philippinisches-farbspiel-gemusepfanne-566a89bbf8b25ef9438b4568,kalorienreduzierte-rezepte,566a89bbf8b25ef9438b4568,kalorienreduziert
https://www.hellofresh.de/recipes/ratatouille-mit-ziegenkase-54c0c9d06ced6e69608b4568,kalorienreduzierte-rezepte,54c0c9d06ced6e69608b4568,kalorienreduziert
https://www.hellofresh.de/recipes/seehecht-mit-linsen-spinat-gemuse-6033e68f817ff1395b66b782,kalorienreduzierte-rezepte,6033e68f817ff1395b66b782,kalorienreduziert
https://www.hellofresh.de/recipes/zauberhafte-pilz-fiorelli-5915d51c3bddb5464173a392,kalorienreduzierte-rezepte,5915d51c3bddb5464173a392,kalorienreduziert
https://www.hellofresh.de/recipes/kartoffel-ofen-rosti-5491c5aaff604def628b456b,kalorienreduzierte-rezepte,5491c5aaff604def628b456b,kalorienreduziert
https://www.hellofresh.de/recipes/pikante-indische-reispfanne-biriyani-5450e4bdff604d50aa8b456b,kalorienreduzierte-rezepte,5450e4bdff604d50aa8b456b,kalorienreduziert
https://www.hellofresh.de/recipes/gefullter-portobello-mit-dreierlei-kase-5baa14afae08b50eb73376e2,kalorienreduzierte-rezepte,5baa14afae08b50eb73376e2,kalorienreduziert
https://www.hellofresh.de/recipes/hahnchen-mit-knuspriger-mandelkruste-54588abbff604d4e178b456d,kalorienreduzierte-rezepte,54588abbff604d4e178b456d,kalorienreduziert
https://www.hellofresh.de/recipes/gebratener-reis-mit-garnelen-5dce9544d8df9312e26a3166,kalorienreduzierte-rezepte,5dce9544d8df9312e26a3166,kalorienreduziert
https://www.hellofresh.de/recipes/cranberry-und-cream-cheese-rouladen-5469fdf2ff604d916c8b456a,kalorienreduzierte-rezepte,5469fdf2ff604d916c8b456a,kalorienreduziert
https://www.hellofresh.de/recipes/gebratene-putenbrust-5475f47aff604dea348b4570,kalorienreduzierte-rezepte,5475f47aff604dea348b4570,kalorienreduziert
https://www.hellofresh.de/recipes/sommerliche-zucchinischiffchen-590b401c4f78db6786477613,kalorienreduzierte-rezepte,590b401c4f78db6786477613,kalorienreduziert
https://www.hellofresh.de/recipes/einfaches-antipasti-gemuse-mit-salsiccia-5fbe262e7e447967c1590b5a,kalorienreduzierte-rezepte,5fbe262e7e447967c1590b5a,kalorienreduziert
https://www.hellofresh.de/recipes/rote-bete-reis-546a0087ff604d2c8b8b456a,kalorienreduzierte-rezepte,546a0087ff604d2c8b8b456a,kalorienreduziert
https://www.hellofresh.de/recipes/linsen-pilz-ragout-mit-kartoffel-pastinakenstampf-64e3b215a2c417189e0dab00,kalorienreduzierte-rezepte,64e3b215a2c417189e0dab00,kalorienreduziert
https://www.hellofresh.de/recipes/cremiger-marokkanisch-gewurzter-gemusecouscous-54588c31ff604d65418b4569,kalorienreduzierte-rezepte,54588c31ff604d65418b4569,kalorienreduziert
https://www.hellofresh.de/recipes/gebratener-seehecht-5fbb98560a23bc1b1a09a4b0,kalorienreduzierte-rezepte,5fbb98560a23bc1b1a09a4b0,kalorienreduziert
https://www.hellofresh.de/recipes/bbq-rindersteaks-mit-feuriger-limettenbutter-5ec557036eb8af4a986cf14b,kalorienreduzierte-rezepte,5ec557036eb8af4a986cf14b,kalorienreduziert
https://www.hellofresh.de/recipes/britischer-shepherds-pie-54632c91ff604dfaac8b4571,kalorienreduzierte-rezepte,54632c91ff604dfaac8b4571,kalorienreduziert
https://www.hellofresh.de/recipes/schweinefilet-geschnetzeltes-5dfcab5fc840bc243c051fb2,kalorienreduzierte-rezepte,5dfcab5fc840bc243c051fb2,kalorienreduziert
https://www.hellofresh.de/recipes/auberginen-lasagne-543e330eff604dda4c8b456b,kalorienreduzierte-rezepte,543e330eff604dda4c8b456b,kalorienreduziert
https://www.hellofresh.de/recipes/gefullte-gnocchi-mit-hirtenkase-and-thymian-5b72bb14ae08b54e8108cf82,kalorienreduzierte-rezepte,5b72bb14ae08b54e8108cf82,kalorienreduziert
https://www.hellofresh.de/recipes/marokkanisch-gewurzte-gemusespiesse-54203188ff604d3a278b456a,kalorienreduzierte-rezepte,54203188ff604d3a278b456a,kalorienreduziert
https://www.hellofresh.de/recipes/schweinefilet-in-cremiger-paprikasosse-54c0c8d36ced6ed7628b4568,kalorienreduzierte-rezepte,54c0c8d36ced6ed7628b4568,kalorienreduziert
https://www.hellofresh.de/recipes/folienkartoffeln-mit-champignon-porree-chili-fullung-5450e48cff604dcc2f8b456f,kalorienreduzierte-rezepte,5450e48cff604dcc2f8b456f,kalorienreduziert
https://www.hellofresh.de/recipes/honig-senf-hahnchensalat-mit-avocado-64998c1fb65deb94af04dd68,kalorienreduzierte-rezepte,64998c1fb65deb94af04dd68,kalorienreduziert
https://www.hellofresh.de/recipes/grunes-porreerisotto-mit-knackigen-haselnussen-58873fe74348d212040789f2,kalorienreduzierte-rezepte,58873fe74348d212040789f2,kalorienreduziert
https://www.hellofresh.de/recipes/ofenkartoffel-54b65eef6ced6e717a8b456e,kalorienreduzierte-rezepte,54b65eef6ced6e717a8b456e,kalorienreduziert
https://www.hellofresh.de/recipes/rindersteak-mit-geschmorten-tomaten-586b53499df18146da3393a2,kalorienreduzierte-rezepte,586b53499df18146da3393a2,kalorienreduziert
https://www.hellofresh.de/recipes/raucherlachs-mit-gurkensalat-58bd31b631310012061f6223,kalorienreduzierte-rezepte,58bd31b631310012061f6223,kalorienreduziert
https://www.hellofresh.de/recipes/caesar-salad-mit-gebratenen-gnocchi-611a07c99455b02fd138e461,kalorienreduzierte-rezepte,611a07c99455b02fd138e461,kalorienreduziert
https://www.hellofresh.de/recipes/superfood-quinoa-salat-551c4df96ced6e8f548b456f,kalorienreduzierte-rezepte,551c4df96ced6e8f548b456f,kalorienreduziert
https://www.hellofresh.de/recipes/arabisch-marinierte-rindersteaks-591eeedbc6243b32955c2e92,kalorienreduzierte-rezepte,591eeedbc6243b32955c2e92,kalorienreduziert
https://www.hellofresh.de/recipes/lauwarmer-gerstoni-salat-54298344ff604d73338b456a,kalorienreduzierte-rezepte,54298344ff604d73338b456a,kalorienreduziert
https://www.hellofresh.de/recipes/zitronenhahnchen-aus-dem-ofen-54203011ff604de8268b4569,kalorienreduzierte-rezepte,54203011ff604de8268b4569,kalorienreduziert
https://www.hellofresh.de/recipes/spaghetti-mit-cremiger-kohlrabi-porree-sosse-54198482ff604def418b4569,kalorienreduzierte-rezepte,54198482ff604def418b4569,kalorienreduziert
https://www.hellofresh.de/recipes/hahnchen-parmigiana-auflauf-5447dcfdff604d87338b4568,kalorienreduzierte-rezepte,5447dcfdff604d87338b4568,kalorienreduziert
https://www.hellofresh.de/recipes/thai-kokos-susskartoffel-suppe-58b989a72310a83ed4674583,kalorienreduzierte-rezepte,58b989a72310a83ed4674583,kalorienreduziert
https://www.hellofresh.de/recipes/cremige-rosmarin-champignon-orzo-pfanne-5447ddccff604d1f7e8b4568,kalorienreduzierte-rezepte,5447ddccff604d1f7e8b4568,kalorienreduziert
https://www.hellofresh.de/recipes/asiatisch-feurig-reispapier-rollchen-56f023c3fd2cb920618b4568,kalorienreduzierte-rezepte,56f023c3fd2cb920618b4568,kalorienreduziert
https://www.hellofresh.de/recipes/vollkornspaghetti-mit-veganer-bolognese-5491c5ecff604def628b456c,kalorienreduzierte-rezepte,5491c5ecff604def628b456c,kalorienreduziert
https://www.hellofresh.de/recipes/seehecht-mit-linsen-spinat-gemuse-63282e6dc4f333ad34079832,kalorienreduzierte-rezepte,63282e6dc4f333ad34079832,kalorienreduziert
https://www.hellofresh.de/recipes/delikate-schnitzel-rollchen-542981b7ff604d73338b4568,kalorienreduzierte-rezepte,542981b7ff604d73338b4568,kalorienreduziert
https://www.hellofresh.de/recipes/zucchini-cannelloni-54b65de36ced6e717a8b456c,kalorienreduzierte-rezepte,54b65de36ced6e717a8b456c,kalorienreduziert
https://www.hellofresh.de/recipes/gebratener-seehecht-auf-balsamico-linsen-64bf76d02523793f99013ee0,kalorienreduzierte-rezepte,64bf76d02523793f99013ee0,kalorienreduziert
https://www.hellofresh.de/recipes/rindersteaks-mit-feuriger-limettenbutter-5c0e65f9e3f33966f0001b72,kalorienreduzierte-rezepte,5c0e65f9e3f33966f0001b72,kalorienreduziert
https://www.hellofresh.de/recipes/bunter-lauwarmer-sommer-nudelsalat-55a77ee7fd2cb9cf0b8b4567,kalorienreduzierte-rezepte,55a77ee7fd2cb9cf0b8b4567,kalorienreduziert
https://www.hellofresh.de/recipes/vegetarische-burger-mit-pulled-mushrooms-5b686417ae08b51d28711842,kalorienreduzierte-rezepte,5b686417ae08b51d28711842,kalorienreduziert
https://www.hellofresh.de/recipes/rindersteak-54b65c546ced6e567a8b456c,kalorienreduzierte-rezepte,54b65c546ced6e567a8b456c,kalorienreduziert
https://www.hellofresh.de/recipes/linsenauflauf-mit-braunen-champignons-5bb23d2530006c12613b2f63,kalorienreduzierte-rezepte,5bb23d2530006c12613b2f63,kalorienreduziert
https://www.hellofresh.de/recipes/lauwarmer-linsen-susskartoffel-salat-54b65e5a6ced6e717a8b456d,kalorienreduzierte-rezepte,54b65e5a6ced6e717a8b456d,kalorienreduziert
https://www.hellofresh.de/recipes/pizza-mit-knusprigem-bacon-547f3cdcff604ddb238b456a,kalorienreduzierte-rezepte,547f3cdcff604ddb238b456a,kalorienreduziert
https://www.hellofresh.de/recipes/hahnchenbrust-an-salat-mit-aprikosen-curry-dressing-62f67542eacfc7aa090ed65b,kalorienreduzierte-rezepte,62f67542eacfc7aa090ed65b,kalorienreduziert
https://www.hellofresh.de/recipes/hahnchenfilet-in-honig-zitronen-marinade-5df3e7f41ce1900ac10c8b62,kalorienreduzierte-rezepte,5df3e7f41ce1900ac10c8b62,kalorienreduziert
https://www.hellofresh.de/recipes/paprika-putenbrustspiesse-547f4b49ff604ddc248b4569,kalorienreduzierte-rezepte,547f4b49ff604ddc248b4569,kalorienreduziert
https://www.hellofresh.de/recipes/seehecht-getoppt-mit-zitronen-thymian-panko-63b31bffc10a8d598e0a1a5e,kalorienreduzierte-rezepte,63b31bffc10a8d598e0a1a5e,kalorienreduziert
https://www.hellofresh.de/recipes/schweinelachs-in-suss-sauer-glasur-5419845fff604df5418b4568,kalorienreduzierte-rezepte,5419845fff604df5418b4568,kalorienreduziert
https://www.hellofresh.de/recipes/mit-orzo-gefullte-aubergine-francais-547f3d55ff604dce0b8b456b,kalorienreduzierte-rezepte,547f3d55ff604dce0b8b456b,kalorienreduziert
https://www.hellofresh.de/recipes/mit-rosmarin-und-frischkase-gefullte-hahnchenbrustfilets-54c0c8a06ced6e00678b4567,kalorienreduzierte-rezepte,54c0c8a06ced6e00678b4567,kalorienreduziert
https://www.hellofresh.de/recipes/marokkanischer-putenbrust-eintopf-5429815eff604d80338b4568,kalorienreduzierte-rezepte,5429815eff604d80338b4568,kalorienreduziert
https://www.hellofresh.de/recipes/caesar-salad-mit-gebratenen-gnocchi-6177c46682305c438f6ed9fa,kalorienreduzierte-rezepte,6177c46682305c438f6ed9fa,kalorienreduziert
https://www.hellofresh.de/recipes/steakstreifen-in-thymiansosse-5ff5738554bee6190849ddff,kalorienreduzierte-rezepte,5ff5738554bee6190849ddff,kalorienreduziert
https://www.hellofresh.de/recipes/rigatoni-mit-herzhafter-porree-karotten-sahne-sosse-54588afbff604d65418b4568,kalorienreduzierte-rezepte,54588afbff604d65418b4568,kalorienreduziert
https://www.hellofresh.de/recipes/portugiesisch-gewurzte-putenbrust-piri-piri-541980aeff604def418b4568,kalorienreduzierte-rezepte,541980aeff604def418b4568,kalorienreduziert
https://www.hellofresh.de/recipes/vegane-mexikanische-kartoffelpfanne-54c0ca3a6ced6ee1618b4568,kalorienreduzierte-rezepte,54c0ca3a6ced6ee1618b4568,kalorienreduziert
https://www.hellofresh.de/recipes/agyptische-linsen-karotten-suppe-5450e428ff604de0838b456c,kalorienreduzierte-rezepte,5450e428ff604de0838b456c,kalorienreduziert
https://www.hellofresh.de/recipes/gebratener-seehecht-63734ec7e3a1587c6e0e6912,kalorienreduzierte-rezepte,63734ec7e3a1587c6e0e6912,kalorienreduziert
https://www.hellofresh.de/recipes/uberbackener-blumenkohl-mit-garam-masala-56951da1f8b25ec01d8b4567,kalorienreduzierte-rezepte,56951da1f8b25ec01d8b4567,kalorienreduziert
https://www.hellofresh.de/recipes/mit-hirtenkase-gefullte-spitzpaprika-5435144dff604d782f8b4567,kalorienreduzierte-rezepte,5435144dff604d782f8b4567,kalorienreduziert
https://www.hellofresh.de/recipes/schweinelachs-54ad67da6ced6e863d8b456d,kalorienreduzierte-rezepte,54ad67da6ced6e863d8b456d,kalorienreduziert
https://www.hellofresh.de/recipes/schweinefilet-mit-rotem-reis-547f3b7cff604dc31f8b4572,kalorienreduzierte-rezepte,547f3b7cff604dc31f8b4572,kalorienreduziert
https://www.hellofresh.de/recipes/gebratene-hahnchenbrust-5cdc437b1ce8bc00155c7ab5,kalorienreduzierte-rezepte,5cdc437b1ce8bc00155c7ab5,kalorienreduziert
https://www.hellofresh.de/recipes/indonesisches-sayur-lode-curry-5447de33ff604d1f7e8b4569,kalorienreduzierte-rezepte,5447de33ff604d1f7e8b4569,kalorienreduziert
https://www.hellofresh.de/recipes/seehecht-mit-linsen-spinat-gemuse-60ae0d6abe556d5bc70711e7,kalorienreduzierte-rezepte,60ae0d6abe556d5bc70711e7,kalorienreduziert
https://www.hellofresh.de/recipes/linsenauflauf-mit-braunen-champignons-5c9a39e1e3f339326d7133b2,kalorienreduzierte-rezepte,5c9a39e1e3f339326d7133b2,kalorienreduziert
https://www.hellofresh.de/recipes/schweinefilet-mit-mandel-brokkoli-5ebc07ea592eca70314d2b3e,kalorienreduzierte-rezepte,5ebc07ea592eca70314d2b3e,kalorienreduziert
https://www.hellofresh.de/recipes/champignon-porree-flammkuchen-54c0c9096ced6ee1618b4567,kalorienreduzierte-rezepte,54c0c9096ced6ee1618b4567,kalorienreduziert
https://www.hellofresh.de/recipes/kartoffelkuchlein-mit-raucherlachs-54ad68ce6ced6e803c8b456d,kalorienreduzierte-rezepte,54ad68ce6ced6e803c8b456d,kalorienreduziert
https://www.hellofresh.de/recipes/buntes-paprikagemuse-mit-erbsenpuree-5475f655ff604dea348b4572,kalorienreduzierte-rezepte,5475f655ff604dea348b4572,kalorienreduziert
https://www.hellofresh.de/recipes/putenbrust-mit-knuspriger-tortilla-gouda-kruste-543e302bff604ddd4c8b4569,kalorienreduzierte-rezepte,543e302bff604ddd4c8b4569,kalorienreduziert
https://www.hellofresh.de/recipes/mexikanische-bratkartoffeln-5475f5cdff604dc82f8b456c,kalorienreduzierte-rezepte,5475f5cdff604dc82f8b456c,kalorienreduziert
https://www.hellofresh.de/recipes/hahnchen-ciabatta-burger-mit-kurbiskernpesto-mozzarella-haube-54351311ff604dee2d8b4567,kalorienreduzierte-rezepte,54351311ff604dee2d8b4567,kalorienreduziert
https://www.hellofresh.de/recipes/gebratene-hahnchenbrust-54b65c896ced6e567a8b456d,kalorienreduzierte-rezepte,54b65c896ced6e567a8b456d,kalorienreduziert
https://www.hellofresh.de/recipes/gebratene-hahnchenbrust-5c309c1cc445fa1bdb73eb72,kalorienreduzierte-rezepte,5c309c1cc445fa1bdb73eb72,kalorienreduziert
https://www.hellofresh.de/recipes/einfaches-antipasti-gemuse-mit-salsiccia-60b66a74c891d90047195280,kalorienreduzierte-rezepte,60b66a74c891d90047195280,kalorienreduziert
https://www.hellofresh.de/recipes/one-pot-rigatoni-mit-chorizo-5f5e071cb40eb17692406fd6,kalorienreduzierte-rezepte,5f5e071cb40eb17692406fd6,kalorienreduziert
https://www.hellofresh.de/recipes/deftige-kartoffel-crepes-mit-porree-pilz-creme-62384949b819d85fc15d1f9e,thermomix-rezepte,62384949b819d85fc15d1f9e,thermomix-rezepte
https://www.hellofresh.de/recipes/schnelle-fettuccine-mit-truffelol-5c190703c445fa124e526722,thermomix-rezepte,5c190703c445fa124e526722,thermomix-rezepte
https://www.hellofresh.de/recipes/hahnchen-doner-mit-aubergine-vom-grill-5ee362ebe6057361e20ca1a5,thermomix-rezepte,5ee362ebe6057361e20ca1a5,thermomix-rezepte
https://www.hellofresh.de/recipes/einfaches-risotto-aus-dem-thermomix-5bead1b7ae08b560b1772232,thermomix-rezepte,5bead1b7ae08b560b1772232,thermomix-rezepte
https://www.hellofresh.de/recipes/schnitzel-mit-ofenkartoffeln-642ba08da0dc9f0d12092043,thermomix-rezepte,642ba08da0dc9f0d12092043,thermomix-rezepte
https://www.hellofresh.de/recipes/porree-galette-mit-senf-5c1cdde4e3f3393c6a3abf42,thermomix-rezepte,5c1cdde4e3f3393c6a3abf42,thermomix-rezepte
https://www.hellofresh.de/recipes/thailandische-grillplatte-mit-garnelen-5ce650f11ce85200111e5bc5,thermomix-rezepte,5ce650f11ce85200111e5bc5,thermomix-rezepte
https://www.hellofresh.de/recipes/harissa-hahnchenfilet-mit-pastinake-671f975e4251e0dbe4bdf6fa,deutsche-rezepte,671f975e4251e0dbe4bdf6fa,deutsch
https://www.hellofresh.de/recipes/schweinefilet-in-aprikosen-sosse-671f96fd662b2e47e398c802,deutsche-rezepte,671f96fd662b2e47e398c802,deutsch
https://www.hellofresh.de/recipes/currywurstfinger-in-selbst-gemachter-roter-sosse-67a322ad82a752c97e7ade18,deutsche-rezepte,67a322ad82a752c97e7ade18,deutsch
https://www.hellofresh.de/recipes/susskartoffel-gnocchi-bowl-671f9789662b2e47e398ce4f,deutsche-rezepte,671f9789662b2e47e398ce4f,deutsch
https://www.hellofresh.de/recipes/schnelles-geschnetzeltes-mit-porree-and-karotte-67191ad5feb5bb81ef3ad549,deutsche-rezepte,67191ad5feb5bb81ef3ad549,deutsch
https://www.hellofresh.de/recipes/rinderhackballchen-mit-knusprigen-drillingen-66fd39219e82bf398e8fc86b,deutsche-rezepte,66fd39219e82bf398e8fc86b,deutsch
https://www.hellofresh.de/recipes/schweinelachssteak-mit-butterbohnen-6772654867cf697e9b61fd0d,deutsche-rezepte,6772654867cf697e9b61fd0d,deutsch
https://www.hellofresh.de/recipes/one-pan-rote-beete-gnocchi-mit-hahnchengeschnetzeltem-677265450200888b9f0f84a3,deutsche-rezepte,677265450200888b9f0f84a3,deutsch
https://www.hellofresh.de/recipes/cheesy-smashed-potatoes-67726564c7ac6d5384863444,deutsche-rezepte,67726564c7ac6d5384863444,deutsch
https://www.hellofresh.de/recipes/elsasser-flammkuchen-mit-speck-6772655c67cf697e9b61fdca,deutsche-rezepte,6772655c67cf697e9b61fdca,deutsch
https://www.hellofresh.de/recipes/vier-jahreszeiten-eintopf-mit-hahnchen-and-porree-67470ddbb1d252afb328db2f,deutsche-rezepte,67470ddbb1d252afb328db2f,deutsch
https://www.hellofresh.de/recipes/thuringer-bratkartoffelpfanne-671f977110bbc833b98f9032,deutsche-rezepte,671f977110bbc833b98f9032,deutsch
https://www.hellofresh.de/recipes/bio-schweinemedaillons-mit-sussen-karotten-6797985689d6104200fdd52c,deutsche-rezepte,6797985689d6104200fdd52c,deutsch
https://www.hellofresh.de/recipes/krauterschnitzel-mit-spargel-in-prosciutto-678a789400ea0a08f0b2311c,deutsche-rezepte,678a789400ea0a08f0b2311c,deutsch
https://www.hellofresh.de/recipes/hahnchenfilet-in-honig-zitronen-marinade-67a62efd604b197d3eba29ae,deutsche-rezepte,67a62efd604b197d3eba29ae,deutsch
https://www.hellofresh.de/recipes/zitroniger-seehecht-mit-kerbelsosse-678a78649160da204f3464a4,deutsche-rezepte,678a78649160da204f3464a4,deutsch
https://www.hellofresh.de/recipes/rostkartoffeln-mit-krauterseitlingsrahm-66fd37f1b777f1a73b6d291a,deutsche-rezepte,66fd37f1b777f1a73b6d291a,deutsch
https://www.hellofresh.de/recipes/schweinefilet-mit-sussem-senf-gemuse-677265ae67cf697e9b620176,deutsche-rezepte,677265ae67cf697e9b620176,deutsch
https://www.hellofresh.de/recipes/hahnchenbrust-in-senf-zwiebel-sosse-677265da67cf697e9b620357,deutsche-rezepte,677265da67cf697e9b620357,deutsch
https://www.hellofresh.de/recipes/fischfilet-nach-art-bordelaise-677265e667cf697e9b62041d,deutsche-rezepte,677265e667cf697e9b62041d,deutsch
https://www.hellofresh.de/recipes/one-pan-rote-beete-gnocchi-mit-schweinelachssteak-67726545c7ac6d538486338f,deutsche-rezepte,67726545c7ac6d538486338f,deutsch
https://www.hellofresh.de/recipes/winter-im-ruckspiegel-backfisch-in-gruner-sosse-678a78489160da204f346358,deutsche-rezepte,678a78489160da204f346358,deutsch
https://www.hellofresh.de/recipes/schneckenschreck-im-garteneck-664315d3c72b4f891e542160,deutsche-rezepte,664315d3c72b4f891e542160,deutsch
https://www.hellofresh.de/recipes/kartoffelklosse-mit-bacon-rahmschwammerln-67470d82b1d252afb328da62,deutsche-rezepte,67470d82b1d252afb328da62,deutsch
https://www.hellofresh.de/recipes/zartes-honig-senf-lachsfilet-aus-dem-ofen-67191d57feb5bb81ef3ad5f0,deutsche-rezepte,67191d57feb5bb81ef3ad5f0,deutsch
https://www.hellofresh.de/recipes/mini-maultaschen-in-kase-sahne-sosse-67470cadfb7a3ff84744cf66,deutsche-rezepte,67470cadfb7a3ff84744cf66,deutsch
https://www.hellofresh.de/recipes/salbei-schweinesteak-mit-ofengemuse-67470ca0989edba91be3135d,deutsche-rezepte,67470ca0989edba91be3135d,deutsch
https://www.hellofresh.de/recipes/schneckenspass-im-hohen-gras-unter-apfel-sonne-678a784f9160da204f34637c,deutsche-rezepte,678a784f9160da204f34637c,deutsch
https://www.hellofresh.de/recipes/vier-jahreszeiten-eintopf-mit-hahnchen-and-porree-67470cc2989edba91be3147a,deutsche-rezepte,67470cc2989edba91be3147a,deutsch
https://www.hellofresh.de/recipes/rindersteak-in-schalotten-senf-sosse-678a77f600ea0a08f0b22aba,deutsche-rezepte,678a77f600ea0a08f0b22aba,deutsch
https://www.hellofresh.de/recipes/schweinelachssteak-in-wildpreiselbeer-sosse-671f96c9662b2e47e398c45c,deutsche-rezepte,671f96c9662b2e47e398c45c,deutsch
https://www.hellofresh.de/recipes/rheinischer-karotten-rinderhack-eintopf-67470d7a989edba91be315f4,deutsche-rezepte,67470d7a989edba91be315f4,deutsch
https://www.hellofresh.de/recipes/seehecht-im-wintermantel-6797984f89d6104200fdd481,deutsche-rezepte,6797984f89d6104200fdd481,deutsch
https://www.hellofresh.de/recipes/zwiebelrostbraten-vom-schwein-67470d83b1d252afb328da95,deutsche-rezepte,67470d83b1d252afb328da95,deutsch
https://www.hellofresh.de/recipes/veggie-stroganoff-mit-portobello-and-champignons-6721186910bbc833b98feded,deutsche-rezepte,6721186910bbc833b98feded,deutsch
https://www.hellofresh.de/recipes/zucchini-kase-puffer-mit-petersilien-dill-dip-678a77fb7767bb70db191171,deutsche-rezepte,678a77fb7767bb70db191171,deutsch
https://www.hellofresh.de/recipes/gebratener-lachs-mit-weissem-spargel-6790afd5836539d1a063be8e,deutsche-rezepte,6790afd5836539d1a063be8e,deutsch
https://www.hellofresh.de/recipes/cordon-bleu-mit-ofengemuse-678a78857767bb70db191803,deutsche-rezepte,678a78857767bb70db191803,deutsch
https://www.hellofresh.de/recipes/zwiebelrostbraten-vom-schwein-67470cc1fb7a3ff84744d0e0,deutsche-rezepte,67470cc1fb7a3ff84744d0e0,deutsch
https://www.hellofresh.de/recipes/saftiges-hahnchen-paprika-gulasch-6720c2f710bbc833b98fd9fa,deutsche-rezepte,6720c2f710bbc833b98fd9fa,deutsch
https://www.hellofresh.de/recipes/bio-schweinefilet-mit-sussem-senf-broccoli-6797982e89d6104200fdd1ad,deutsche-rezepte,6797982e89d6104200fdd1ad,deutsch
https://www.hellofresh.de/recipes/winter-im-ruckspiegel-backfisch-in-gruner-sosse-678a78b17767bb70db191a07,deutsche-rezepte,678a78b17767bb70db191a07,deutsch
https://www.hellofresh.de/recipes/kartoffelklosse-mit-bacon-rahmschwammerln-67470e78989edba91be319ec,deutsche-rezepte,67470e78989edba91be319ec,deutsch
https://www.hellofresh.de/recipes/hahnchenbrust-in-fruchtiger-cranberrysosse-677265e767cf697e9b620438,deutsche-rezepte,677265e767cf697e9b620438,deutsch
https://www.hellofresh.de/recipes/cheesy-smashed-potatoes-678a785e00ea0a08f0b22f02,deutsche-rezepte,678a785e00ea0a08f0b22f02,deutsch
https://www.hellofresh.de/recipes/gemuseeintopf-mit-brokkoli-porree-und-karotte-6772658bc7ac6d53848635b5,deutsche-rezepte,6772658bc7ac6d53848635b5,deutsch
https://www.hellofresh.de/recipes/seelachs-mit-zitrus-orangen-gremolata-671f96ca10bbc833b98f86dc,deutsche-rezepte,671f96ca10bbc833b98f86dc,deutsch
https://www.hellofresh.de/recipes/schweinefilet-mit-pistazienkruste-67191e702afd696502ee3320,deutsche-rezepte,67191e702afd696502ee3320,deutsch
https://www.hellofresh.de/recipes/fischfilet-nach-art-bordelaise-67470cad989edba91be31429,deutsche-rezepte,67470cad989edba91be31429,deutsch
https://www.hellofresh.de/recipes/hahnchenbrust-mit-barlauch-hartkase-fullung-678a78179160da204f3460e5,deutsche-rezepte,678a78179160da204f3460e5,deutsch
https://www.hellofresh.de/recipes/schnelles-geschnetzeltes-mit-porree-and-karotte-67191af92afd696502ee31c0,deutsche-rezepte,67191af92afd696502ee31c0,deutsch
https://www.hellofresh.de/recipes/flammkuchen-mit-bacon-und-honig-67a36e097e8deaa91d5e2faa,deutsche-rezepte,67a36e097e8deaa91d5e2faa,deutsch
https://www.hellofresh.de/recipes/kohlrabi-eintopf-mit-konigsberger-klopsen-6746ec9efb7a3ff84744c9b9,deutsche-rezepte,6746ec9efb7a3ff84744c9b9,deutsch
https://www.hellofresh.de/recipes/rinderhackballchen-mit-knusprigen-drillingen-671f973210bbc833b98f8d05,deutsche-rezepte,671f973210bbc833b98f8d05,deutsch
https://www.hellofresh.de/recipes/kartoffelklosse-mit-bacon-rahmschwammerln-67470cc0fb7a3ff84744d0c5,deutsche-rezepte,67470cc0fb7a3ff84744d0c5,deutsch
https://www.hellofresh.de/recipes/schweinelachssteak-mit-bohnengemuse-671f96cd10bbc833b98f8707,deutsche-rezepte,671f96cd10bbc833b98f8707,deutsch
https://www.hellofresh.de/recipes/schweinemedaillons-mit-sussen-karotten-677265fec7ac6d5384863ab8,deutsche-rezepte,677265fec7ac6d5384863ab8,deutsch
https://www.hellofresh.de/recipes/saftiges-schweinefilet-mit-senfrahm-670d38f11b290697668fa57c,deutsche-rezepte,670d38f11b290697668fa57c,deutsch
https://www.hellofresh.de/recipes/risotto-aus-weissem-spargel-und-bacon-678a785d7767bb70db191669,deutsche-rezepte,678a785d7767bb70db191669,deutsch
https://www.hellofresh.de/recipes/paprika-hahnchenbrust-mit-kohlrabi-kartoffel-stampf-67618d72f511d87afd241944,deutsche-rezepte,67618d72f511d87afd241944,deutsch
https://www.hellofresh.de/recipes/schweinelachssteak-mit-bohnengemuse-6718e7bf2afd696502ee2a90,deutsche-rezepte,6718e7bf2afd696502ee2a90,deutsch
https://www.hellofresh.de/recipes/thuringer-mit-schnellem-kartoffelsalat-67191a62feb5bb81ef3ad50b,deutsche-rezepte,67191a62feb5bb81ef3ad50b,deutsch
https://www.hellofresh.de/recipes/schweinemedaillons-in-dunkler-zwiebelsosse-6797985889d6104200fdd562,deutsche-rezepte,6797985889d6104200fdd562,deutsch
https://www.hellofresh.de/recipes/gebratener-lachs-mit-cremigem-gurkensalat-6721186f4251e0dbe4be5723,deutsche-rezepte,6721186f4251e0dbe4be5723,deutsch
https://www.hellofresh.de/recipes/schnelles-schweinefilet-mit-rotkohl-6718e8d0d68888376c8d20d2,deutsche-rezepte,6718e8d0d68888376c8d20d2,deutsch
https://www.hellofresh.de/recipes/panierter-blumenkohl-mit-krauterdip-670e59151b290697668fb415,deutsche-rezepte,670e59151b290697668fb415,deutsch
https://www.hellofresh.de/recipes/zarter-zitronenlachs-mit-kapern-butter-6751dc6fd4acb9b7600ac3ff,deutsche-rezepte,6751dc6fd4acb9b7600ac3ff,deutsch
https://www.hellofresh.de/recipes/seehecht-mit-kartoffelpuree-und-senfrahm-67470d5bfb7a3ff84744d149,deutsche-rezepte,67470d5bfb7a3ff84744d149,deutsch
https://www.hellofresh.de/recipes/gebratener-seehecht-auf-balsamico-linsen-67470e55fb7a3ff84744d6b6,deutsche-rezepte,67470e55fb7a3ff84744d6b6,deutsch
https://www.hellofresh.de/recipes/spatzle-in-raclette-kase-sosse-67470d82989edba91be3167b,deutsche-rezepte,67470d82989edba91be3167b,deutsch
https://www.hellofresh.de/recipes/flammkuchen-mit-grunem-spargel-678a786200ea0a08f0b22f4b,deutsche-rezepte,678a786200ea0a08f0b22f4b,deutsch
https://www.hellofresh.de/recipes/bio-rindersteak-im-wintermantel-6797985089d6104200fdd49c,deutsche-rezepte,6797985089d6104200fdd49c,deutsch
https://www.hellofresh.de/recipes/zitroniger-seehecht-mit-kerbelsosse-6745f6d6989edba91be2f13c,deutsche-rezepte,6745f6d6989edba91be2f13c,deutsch
https://www.hellofresh.de/recipes/schweinefilet-mit-pistazienkruste-67191e4cd68888376c8d2a45,deutsche-rezepte,67191e4cd68888376c8d2a45,deutsch
https://www.hellofresh.de/recipes/schweinelachssteak-auf-krauterbutter-spatzle-67866dec64bdcbbc2225fea3,deutsche-rezepte,67866dec64bdcbbc2225fea3,deutsch
https://www.hellofresh.de/recipes/hahnchenbrust-mit-barlauch-hartkase-fullung-677265fd0200888b9f0f8cd0,deutsche-rezepte,677265fd0200888b9f0f8cd0,deutsch
https://www.hellofresh.de/recipes/susskartoffel-gnocchi-bowl-671f975710bbc833b98f8e89,deutsche-rezepte,671f975710bbc833b98f8e89,deutsch
https://www.hellofresh.de/recipes/schweinesteak-mit-kohlrabigemuse-67596b070a0fc58aefff9288,deutsche-rezepte,67596b070a0fc58aefff9288,deutsch
https://www.hellofresh.de/recipes/veggie-stroganoff-mit-portobello-and-champignons-671f974710bbc833b98f8dc3,deutsche-rezepte,671f974710bbc833b98f8dc3,deutsch
https://www.hellofresh.de/recipes/susskartoffel-gnocchi-bowl-671f96f64251e0dbe4bdf255,deutsche-rezepte,671f96f64251e0dbe4bdf255,deutsch
https://www.hellofresh.de/recipes/strip-loin-steak-mit-demi-glace-und-kurbispuree-67191fac2afd696502ee33c8,deutsche-rezepte,67191fac2afd696502ee33c8,deutsch
https://www.hellofresh.de/recipes/bunte-pommestute-and-frisch-zubereiteter-apfelmus-671f96fe662b2e47e398c81d,deutsche-rezepte,671f96fe662b2e47e398c81d,deutsch
https://www.hellofresh.de/recipes/penne-mit-steakstreifen-in-gruner-pfeffer-sosse-678915c5582e728e80abdc28,deutsche-rezepte,678915c5582e728e80abdc28,deutsch
https://www.hellofresh.de/recipes/seehecht-im-wintermantel-67726600c7ac6d5384863ad3,deutsche-rezepte,67726600c7ac6d5384863ad3,deutsch
https://www.hellofresh.de/recipes/spatzle-in-raclette-kase-sosse-67470cbe989edba91be3145f,deutsche-rezepte,67470cbe989edba91be3145f,deutsch
https://www.hellofresh.de/recipes/rindersteak-mit-geschmorten-pilzen-67191ca82afd696502ee327c,deutsche-rezepte,67191ca82afd696502ee327c,deutsch
https://www.hellofresh.de/recipes/linsenauflauf-mit-kase-kartoffel-haube-677265870200888b9f0f8821,deutsche-rezepte,677265870200888b9f0f8821,deutsch
https://www.hellofresh.de/recipes/schweinelachssteak-mit-bohnengemuse-67470dde989edba91be31756,deutsche-rezepte,67470dde989edba91be31756,deutsch
https://www.hellofresh.de/recipes/kasige-hackballchen-mit-rahmchampignons-67470cbffb7a3ff84744d0aa,deutsche-rezepte,67470cbffb7a3ff84744d0aa,deutsch
https://www.hellofresh.de/recipes/panko-kase-schnitzel-677265e00200888b9f0f8bd6,deutsche-rezepte,677265e00200888b9f0f8bd6,deutsch
https://www.hellofresh.de/recipes/ostereier-im-nest-677265a267cf697e9b6200d7,deutsche-rezepte,677265a267cf697e9b6200d7,deutsch
https://www.hellofresh.de/recipes/hackballchen-mit-senf-fruhlingszwiebel-sosse-6720c2b110bbc833b98fd9d9,deutsche-rezepte,6720c2b110bbc833b98fd9d9,deutsch
https://www.hellofresh.de/recipes/vegetarisches-maronen-pilz-ragout-67191c64feb5bb81ef3ad5b7,deutsche-rezepte,67191c64feb5bb81ef3ad5b7,deutsch
https://www.hellofresh.de/recipes/brokkoli-kase-nuggets-mit-joghurt-dill-dip-678a78369160da204f346276,deutsche-rezepte,678a78369160da204f346276,deutsch
https://www.hellofresh.de/recipes/cheesy-smashed-potatoes-67470ca4989edba91be31378,deutsche-rezepte,67470ca4989edba91be31378,deutsch
https://www.hellofresh.de/recipes/linsenauflauf-mit-kase-kartoffel-haube-678a789300ea0a08f0b23101,deutsche-rezepte,678a789300ea0a08f0b23101,deutsch
https://www.hellofresh.de/recipes/winter-im-ruckspiegel-backfisch-in-gruner-sosse-678a78797767bb70db191787,deutsche-rezepte,678a78797767bb70db191787,deutsch
https://www.hellofresh.de/recipes/flammkuchen-mit-pflaumen-bacon-and-camembert-67a09add35f4c9626ae9191e,deutsche-rezepte,67a09add35f4c9626ae9191e,deutsch
https://www.hellofresh.de/recipes/feines-gebratenes-lachsfilet-auf-porreegemuse-67726581c7ac6d5384863549,deutsche-rezepte,67726581c7ac6d5384863549,deutsch
https://www.hellofresh.de/recipes/kohlrabi-eintopf-mit-konigsberger-klopsen-6746ec78fb7a3ff84744c99a,deutsche-rezepte,6746ec78fb7a3ff84744c99a,deutsch
https://www.hellofresh.de/recipes/hahnchen-unter-senfbrosel-haube-672254ed3fa8b036e634b30e,deutsche-rezepte,672254ed3fa8b036e634b30e,deutsch
https://www.hellofresh.de/recipes/hahnchenbrust-mit-barlauch-hartkase-fullung-677265d767cf697e9b620333,deutsche-rezepte,677265d767cf697e9b620333,deutsch
https://www.hellofresh.de/recipes/schweinefilet-mit-knollenselleriestampf-67211879662b2e47e3993227,deutsche-rezepte,67211879662b2e47e3993227,deutsch
https://www.hellofresh.de/recipes/kohlrabi-eintopf-mit-konigsberger-klopsen-67470e52989edba91be31882,deutsche-rezepte,67470e52989edba91be31882,deutsch
https://www.hellofresh.de/recipes/hahnchen-florentiner-art-6797984c89d6104200fdd427,deutsche-rezepte,6797984c89d6104200fdd427,deutsch
https://www.hellofresh.de/recipes/linsenauflauf-mit-kase-kartoffel-haube-671f973d662b2e47e398cb8c,deutsche-rezepte,671f973d662b2e47e398cb8c,deutsch
https://www.hellofresh.de/recipes/rindersteak-in-schalotten-senf-sosse-675ffec5f511d87afd23efff,deutsche-rezepte,675ffec5f511d87afd23efff,deutsch
https://www.hellofresh.de/recipes/bunter-linseneintopf-mit-wiener-wurstchen-671f974e4251e0dbe4bdf64f,deutsche-rezepte,671f974e4251e0dbe4bdf64f,deutsch
https://www.hellofresh.de/recipes/galaktisches-huhn-mit-fruchtigem-joghurtsnack-67470d62b1d252afb328d903,deutsche-rezepte,67470d62b1d252afb328d903,deutsch
https://www.hellofresh.de/recipes/spatzle-in-raclett-kase-sosse-66b23b80a1293bffe8e01f00,deutsche-rezepte,66b23b80a1293bffe8e01f00,deutsch
https://www.hellofresh.de/recipes/nurnberger-wurstchen-mit-ofengemuse-671f971e10bbc833b98f8c21,deutsche-rezepte,671f971e10bbc833b98f8c21,deutsch
https://www.hellofresh.de/recipes/spatzlepfanne-mit-raclette-kase-sosse-6718e99ffeb5bb81ef3ace5e,deutsche-rezepte,6718e99ffeb5bb81ef3ace5e,deutsch
https://www.hellofresh.de/recipes/veggie-stroganoff-mit-portobello-and-champignons-67726590c7ac6d53848635eb,deutsche-rezepte,67726590c7ac6d53848635eb,deutsch
https://www.hellofresh.de/recipes/schweinefilet-in-aprikosen-sosse-6797982b89d6104200fdd162,deutsche-rezepte,6797982b89d6104200fdd162,deutsch
https://www.hellofresh.de/recipes/schweinelachs-in-senf-zwiebel-sosse-677265d967cf697e9b62033c,deutsche-rezepte,677265d967cf697e9b62033c,deutsch
https://www.hellofresh.de/recipes/hahnchen-unter-senfbrosel-haube-6760112ff511d87afd23f1d5,deutsche-rezepte,6760112ff511d87afd23f1d5,deutsch
https://www.hellofresh.de/recipes/galaktisches-huhn-mit-fruchtigem-joghurtsnack-670681d09e048437c2cbac9c,deutsche-rezepte,670681d09e048437c2cbac9c,deutsch
https://www.hellofresh.de/recipes/susskartoffel-gnocchi-bowl-671f97274251e0dbe4bdf496,deutsche-rezepte,671f97274251e0dbe4bdf496,deutsch
https://www.hellofresh.de/recipes/spatzlepfanne-mit-raclette-kase-sosse-6718e9f9d68888376c8d211d,deutsche-rezepte,6718e9f9d68888376c8d211d,deutsch
https://www.hellofresh.de/recipes/seehecht-im-wintermantel-67053e4002cdf0b40ec37b47,deutsche-rezepte,67053e4002cdf0b40ec37b47,deutsch
https://www.hellofresh.de/recipes/knuspriges-krauterschnitzel-678a77e69160da204f345ec8,deutsche-rezepte,678a77e69160da204f345ec8,deutsch
https://www.hellofresh.de/recipes/seelachs-mit-zitrus-orangen-gremolata-67470de1fb7a3ff84744d4eb,deutsche-rezepte,67470de1fb7a3ff84744d4eb,deutsch
https://www.hellofresh.de/recipes/feines-gebratenes-lachsfilet-auf-porreegemuse-67470e5cfb7a3ff84744d73d,deutsche-rezepte,67470e5cfb7a3ff84744d73d,deutsch
https://www.hellofresh.de/recipes/schupfnudeln-in-portobello-rahmsosse-67470d78989edba91be315d9,deutsche-rezepte,67470d78989edba91be315d9,deutsch
https://www.hellofresh.de/recipes/kohlrabi-eintopf-mit-konigsberger-klopsen-67470d5cb1d252afb328d87c,deutsche-rezepte,67470d5cb1d252afb328d87c,deutsch
https://www.hellofresh.de/recipes/springtime-spaghetti-678a78b09160da204f34678c,deutsche-rezepte,678a78b09160da204f34678c,deutsch
https://www.hellofresh.de/recipes/kohlrabi-eintopf-mit-konigsberger-klopsen-6740882cd843ad16cfe826c3,deutsche-rezepte,6740882cd843ad16cfe826c3,deutsch
https://www.hellofresh.de/recipes/paniertes-rinderschnitzel-mit-aioli-6784ea038df7073882b25dde,deutsche-rezepte,6784ea038df7073882b25dde,deutsch
https://www.hellofresh.de/recipes/thuringer-bratkartoffelpfanne-67470de8fb7a3ff84744d557,deutsche-rezepte,67470de8fb7a3ff84744d557,deutsch
https://www.hellofresh.de/recipes/zartes-lachsfilet-mit-honig-senf-marinade-678a77f97767bb70db19113b,deutsche-rezepte,678a77f97767bb70db19113b,deutsch
https://www.hellofresh.de/recipes/salbei-schweinesteak-mit-ofengemuse-6772657a0200888b9f0f8776,deutsche-rezepte,6772657a0200888b9f0f8776,deutsch
https://www.hellofresh.de/recipes/fischfilet-mit-kartoffelpuree-und-senfrahm-671f976310bbc833b98f8f23,deutsche-rezepte,671f976310bbc833b98f8f23,deutsch
https://www.hellofresh.de/recipes/springtime-spaghetti-678a78477767bb70db19156c,deutsche-rezepte,678a78477767bb70db19156c,deutsch
https://www.hellofresh.de/recipes/kartoffel-gratin-mit-zucchini-und-champignons-67470e68b1d252afb328de32,deutsche-rezepte,67470e68b1d252afb328de32,deutsch
https://www.hellofresh.de/recipes/vier-jahreszeiten-eintopf-mit-hahnchen-and-porree-671f975a4251e0dbe4bdf6c4,deutsche-rezepte,671f975a4251e0dbe4bdf6c4,deutsch
https://www.hellofresh.de/recipes/thunfisch-pasta-salat-67470d64fb7a3ff84744d1c4,deutsche-rezepte,67470d64fb7a3ff84744d1c4,deutsch
https://www.hellofresh.de/recipes/winterliche-spitzkohl-fettucine-mit-karotte-67470de7989edba91be3178c,deutsche-rezepte,67470de7989edba91be3178c,deutsch
https://www.hellofresh.de/recipes/fischbouletten-rugener-art-671664989661bdb70be4fcfa,deutsche-rezepte,671664989661bdb70be4fcfa,deutsch
https://www.hellofresh.de/recipes/babyspinat-spatzle-pfanne-mit-champignons-67a327fc82a752c97e7adf8e,deutsche-rezepte,67a327fc82a752c97e7adf8e,deutsch
https://www.hellofresh.de/recipes/ostern-steak-special-mit-barlauchcreme-678a77ff00ea0a08f0b22af0,deutsche-rezepte,678a77ff00ea0a08f0b22af0,deutsch
https://www.hellofresh.de/recipes/cordon-bleu-mit-honig-senf-gemuse-6716649f5c08a4935a9138b7,deutsche-rezepte,6716649f5c08a4935a9138b7,deutsch
https://www.hellofresh.de/recipes/bayerische-schweinshaxe-mit-bratensosse-66c44b0226a15d047a605c92,deutsche-rezepte,66c44b0226a15d047a605c92,deutsch
https://www.hellofresh.de/recipes/schweinefilet-in-aprikosen-sosse-6772656f0200888b9f0f8689,deutsche-rezepte,6772656f0200888b9f0f8689,deutsch
https://www.hellofresh.de/recipes/saftiges-schweinefilet-mit-haselnuss-kruste-678a78167767bb70db1912dd,deutsche-rezepte,678a78167767bb70db1912dd,deutsch
https://www.hellofresh.de/recipes/krauterschnitzel-mit-spargel-in-prosciutto-678a783000ea0a08f0b22cb5,deutsche-rezepte,678a783000ea0a08f0b22cb5,deutsch
https://www.hellofresh.de/recipes/thuringer-bratkartoffelpfanne-678a78569160da204f3463ce,deutsche-rezepte,678a78569160da204f3463ce,deutsch
https://www.hellofresh.de/recipes/hahnchen-in-curry-sahne-sosse-677d1541b0be1cfdbc5d0890,deutsche-rezepte,677d1541b0be1cfdbc5d0890,deutsch
https://www.hellofresh.de/recipes/zartes-lachsfilet-mit-honig-senf-marinade-677265b367cf697e9b6201ac,deutsche-rezepte,677265b367cf697e9b6201ac,deutsch
https://www.hellofresh.de/recipes/galaktisches-huhn-mit-fruchtigem-joghurtsnack-677265a9c7ac6d538486371d,deutsche-rezepte,677265a9c7ac6d538486371d,deutsch
https://www.hellofresh.de/recipes/norwegischer-lachsfilet-mit-kresse-mandel-salat-6666f95fd824d78597575ed5,deutsche-rezepte,6666f95fd824d78597575ed5,deutsch
https://www.hellofresh.de/recipes/ahoi-fischstabchenfloss-auf-gemusemeer-678a78829160da204f346630,deutsche-rezepte,678a78829160da204f346630,deutsch
https://www.hellofresh.de/recipes/an-guadn-herzhafte-kaspressknodel-66ababe55ab7093381286df1,deutsche-rezepte,66ababe55ab7093381286df1,deutsch
https://www.hellofresh.de/recipes/vier-jahreszeiten-eintopf-mit-hahnchen-and-porree-671f96f810bbc833b98f89bf,deutsche-rezepte,671f96f810bbc833b98f89bf,deutsch
https://www.hellofresh.de/recipes/regenbogen-ofenkartoffeln-mit-vielen-bunten-toppings-678a78799160da204f3465f1,deutsche-rezepte,678a78799160da204f3465f1,deutsch
https://www.hellofresh.de/recipes/cordon-bleu-mit-ofengemuse-6772660a0200888b9f0f8d49,deutsche-rezepte,6772660a0200888b9f0f8d49,deutsch
https://www.hellofresh.de/recipes/bio-rinderhackballchen-mit-knusprigen-drillingen-677265adc7ac6d5384863753,deutsche-rezepte,677265adc7ac6d5384863753,deutsch
https://www.hellofresh.de/recipes/seehecht-im-wintermantel-6797982889d6104200fdd117,deutsche-rezepte,6797982889d6104200fdd117,deutsch
https://www.hellofresh.de/recipes/thuringer-bratkartoffelpfanne-678a782400ea0a08f0b22c52,deutsche-rezepte,678a782400ea0a08f0b22c52,deutsch
https://www.hellofresh.de/recipes/gegrilltes-schweinefilet-mit-sussem-senf-broccoli-6797982c5fbdb4aa73bc7bfd,deutsche-rezepte,6797982c5fbdb4aa73bc7bfd,deutsch
https://www.hellofresh.de/recipes/ostereier-im-nest-677266040200888b9f0f8d0f,deutsche-rezepte,677266040200888b9f0f8d0f,deutsch
https://www.hellofresh.de/recipes/schweinelachssteak-in-wildpreiselbeer-sosse-67470ddffb7a3ff84744d4b5,deutsche-rezepte,67470ddffb7a3ff84744d4b5,deutsch
https://www.hellofresh.de/recipes/salbei-schweinesteak-mit-ofengemuse-6721184f662b2e47e399300e,deutsche-rezepte,6721184f662b2e47e399300e,deutsch
https://www.hellofresh.de/recipes/one-pan-frische-eierspatzle-mit-bacon-6721185510bbc833b98fece3,deutsche-rezepte,6721185510bbc833b98fece3,deutsch
https://www.hellofresh.de/recipes/lachsfilet-auf-pinken-herzgnocchi-6748474fec8df7b6e6fee544,deutsche-rezepte,6748474fec8df7b6e6fee544,deutsch
https://www.hellofresh.de/recipes/feines-rindersteak-in-grunem-pfefferrahm-671f9720662b2e47e398ca6c,deutsche-rezepte,671f9720662b2e47e398ca6c,deutsch
https://www.hellofresh.de/recipes/saftiges-schweinefilet-mit-haselnuss-kruste-677265f4c7ac6d5384863a94,deutsche-rezepte,677265f4c7ac6d5384863a94,deutsch
https://www.hellofresh.de/recipes/rinderhackballchen-mit-knusprigen-drillingen-678a78527767bb70db1915e1,deutsche-rezepte,678a78527767bb70db1915e1,deutsch
https://www.hellofresh.de/recipes/schweinemedaillons-mit-sussen-karotten-6772657267cf697e9b61fef0,deutsche-rezepte,6772657267cf697e9b61fef0,deutsch
https://www.hellofresh.de/recipes/bio-schweinefilet-mit-zitrus-orangen-gremolata-6797983f5fbdb4aa73bc7c9d,deutsche-rezepte,6797983f5fbdb4aa73bc7c9d,deutsch
https://www.hellofresh.de/recipes/hahnchengeschnetzeltes-in-tomaten-sahnesosse-6797982389d6104200fdd0c1,deutsche-rezepte,6797982389d6104200fdd0c1,deutsch
https://www.hellofresh.de/recipes/schweinelachs-in-senf-zwiebel-sosse-673f6c9d3852ebaf7686c68c,deutsche-rezepte,673f6c9d3852ebaf7686c68c,deutsch
https://www.hellofresh.de/recipes/schupfnudeln-in-portobello-rahmsosse-678a78227767bb70db191395,deutsche-rezepte,678a78227767bb70db191395,deutsch
https://www.hellofresh.de/recipes/schweinemedaillons-mit-sussen-karotten-6797985589d6104200fdd511,deutsche-rezepte,6797985589d6104200fdd511,deutsch
https://www.hellofresh.de/recipes/rostkartoffeln-mit-krauterseitlingsrahm-67470ca8b1d252afb328d70a,deutsche-rezepte,67470ca8b1d252afb328d70a,deutsch
https://www.hellofresh.de/recipes/ahoi-fischstabchenfloss-auf-gemusemeer-673dd9dfdd37d34956af02e4,deutsche-rezepte,673dd9dfdd37d34956af02e4,deutsch
https://www.hellofresh.de/recipes/norwegisches-lachsfilet-mit-kresse-mandel-salat-67191f7ed68888376c8d2a8d,deutsche-rezepte,67191f7ed68888376c8d2a8d,deutsch
https://www.hellofresh.de/recipes/spatzle-in-raclette-kase-sosse-67470e78fb7a3ff84744d872,deutsche-rezepte,67470e78fb7a3ff84744d872,deutsch
https://www.hellofresh.de/recipes/linsen-pilz-ragout-mit-kartoffel-karotten-stampf-671f9783662b2e47e398ce25,deutsche-rezepte,671f9783662b2e47e398ce25,deutsch
https://www.hellofresh.de/recipes/bio-schweinefilet-mit-butterbohnen-679798445fbdb4aa73bc7ce8,deutsche-rezepte,679798445fbdb4aa73bc7ce8,deutsch
https://www.hellofresh.de/recipes/schweinefilet-mit-sussem-senf-gemuse-671f96e110bbc833b98f884c,deutsche-rezepte,671f96e110bbc833b98f884c,deutsch
https://www.hellofresh.de/recipes/regenbogen-ofenkartoffeln-mit-vielen-bunten-toppings-67470d5ab1d252afb328d846,deutsche-rezepte,67470d5ab1d252afb328d846,deutsch
https://www.hellofresh.de/recipes/veganes-steak-von-planted-mit-pflaumensosse-67191ecb2afd696502ee333d,deutsche-rezepte,67191ecb2afd696502ee333d,deutsch
https://www.hellofresh.de/recipes/seelachs-nach-hausmacher-art-mit-apfel-65fdaaaf7b309a7a47f53a4a,deutsche-rezepte,65fdaaaf7b309a7a47f53a4a,deutsch
https://www.hellofresh.de/recipes/knuspriges-krauterschnitzel-678a784b00ea0a08f0b22df9,deutsche-rezepte,678a784b00ea0a08f0b22df9,deutsch
https://www.hellofresh.de/recipes/schweinemedaillons-in-dunkler-zwiebelsosse-67470e59989edba91be318b8,deutsche-rezepte,67470e59989edba91be318b8,deutsch
https://www.hellofresh.de/recipes/thunfisch-pasta-salat-678a78259160da204f34618c,deutsche-rezepte,678a78259160da204f34618c,deutsch
https://www.hellofresh.de/recipes/panierter-blumenkohl-mit-krauterdip-67726557c7ac6d538486340e,deutsche-rezepte,67726557c7ac6d538486340e,deutsch
https://www.hellofresh.de/recipes/alpine-kasespatzlepfanne-mit-birne-und-bacon-67470d64989edba91be314e6,deutsche-rezepte,67470d64989edba91be314e6,deutsch
https://www.hellofresh.de/recipes/maultaschen-in-cremiger-zwiebelsosse-677bf3fa1338f5534bb34593,deutsche-rezepte,677bf3fa1338f5534bb34593,deutsch
https://www.hellofresh.de/recipes/hahnchenfilet-in-honig-zitronen-marinade-6762ca100d25660579f3ca93,deutsche-rezepte,6762ca100d25660579f3ca93,deutsch
https://www.hellofresh.de/recipes/ostern-steak-special-mit-barlauchcreme-677265b90200888b9f0f8ab6,deutsche-rezepte,677265b90200888b9f0f8ab6,deutsch
https://www.hellofresh.de/recipes/vegetarisches-maronen-pilz-ragout-67191c7a2afd696502ee3244,deutsche-rezepte,67191c7a2afd696502ee3244,deutsch
https://www.hellofresh.de/recipes/thuringer-mit-schnellem-kartoffelsalat-67191a8c2afd696502ee3176,deutsche-rezepte,67191a8c2afd696502ee3176,deutsch
https://www.hellofresh.de/recipes/schweinemedaillons-mit-sussen-karotten-6797982589d6104200fdd0dd,deutsche-rezepte,6797982589d6104200fdd0dd,deutsch
https://www.hellofresh.de/recipes/one-pan-frische-eierspatzle-mit-bacon-678a787b00ea0a08f0b22fd5,deutsche-rezepte,678a787b00ea0a08f0b22fd5,deutsch
https://www.hellofresh.de/recipes/ostereier-im-nest-678a77e49160da204f345ea1,deutsche-rezepte,678a77e49160da204f345ea1,deutsch
https://www.hellofresh.de/recipes/zwiebelrostbraten-vom-schwein-67470e79fb7a3ff84744d88d,deutsche-rezepte,67470e79fb7a3ff84744d88d,deutsch
https://www.hellofresh.de/recipes/wurzige-fischboulette-in-krauterpanade-671a4f89feb5bb81ef3ae366,deutsche-rezepte,671a4f89feb5bb81ef3ae366,deutsch
https://www.hellofresh.de/recipes/flammkuchen-mit-porree-und-mozzarella-679ca3842e5be1fc1bd53980,deutsche-rezepte,679ca3842e5be1fc1bd53980,deutsch
https://www.hellofresh.de/recipes/ahoi-fischstabchenfloss-auf-gemusemeer-677265d70200888b9f0f8ba0,deutsche-rezepte,677265d70200888b9f0f8ba0,deutsch
https://www.hellofresh.de/recipes/schweinelachssteak-mit-butterbohnen-6797984689d6104200fdd399,deutsche-rezepte,6797984689d6104200fdd399,deutsch
https://www.hellofresh.de/recipes/rostkartoffeln-mit-krauterseitlingsrahm-677265edc7ac6d5384863a1e,deutsche-rezepte,677265edc7ac6d5384863a1e,deutsch
https://www.hellofresh.de/recipes/scharfes-hahnchen-mit-karotten-feldsalat-67726554c7ac6d53848633bd,deutsche-rezepte,67726554c7ac6d53848633bd,deutsch
https://www.hellofresh.de/recipes/schweinelachs-in-senf-zwiebel-sosse-676979949905c923d7fd6f8d,deutsche-rezepte,676979949905c923d7fd6f8d,deutsch
https://www.hellofresh.de/recipes/porree-spatzle-pfanne-6758502a99d409f3ec8a43fb,deutsche-rezepte,6758502a99d409f3ec8a43fb,deutsch
https://www.hellofresh.de/recipes/ahoi-fischstabchenfloss-auf-gemusemeer-67470c9eb1d252afb328d641,deutsche-rezepte,67470c9eb1d252afb328d641,deutsch
https://www.hellofresh.de/recipes/rostkartoffeln-mit-krauterseitlingsrahm-6721187a4251e0dbe4be57bb,deutsche-rezepte,6721187a4251e0dbe4be57bb,deutsch
https://www.hellofresh.de/recipes/zucchini-kase-puffer-mit-petersilien-dill-dip-671a35f42afd696502ee3e09,deutsche-rezepte,671a35f42afd696502ee3e09,deutsch
https://www.hellofresh.de/recipes/weihnachtsbackerei-niedliche-schneemann-platzchen-67191bf22afd696502ee3210,deutsche-rezepte,67191bf22afd696502ee3210,deutsch
https://www.hellofresh.de/recipes/currywurstfinger-in-selbst-gemachter-roter-sosse-67a3223aa9a9128d6ac94bae,deutsche-rezepte,67a3223aa9a9128d6ac94bae,deutsch
https://www.hellofresh.de/recipes/bio-schweinefilet-im-speckmantel-mit-balsamicososse-671f975010bbc833b98f8e38,deutsche-rezepte,671f975010bbc833b98f8e38,deutsch
https://www.hellofresh.de/recipes/cordon-bleu-mit-ofengemuse-671f91c34251e0dbe4bde79f,deutsche-rezepte,671f91c34251e0dbe4bde79f,deutsch
https://www.hellofresh.de/recipes/wiesn-dahoam-backhendl-teller-66abac06f113da2c2854efb3,deutsche-rezepte,66abac06f113da2c2854efb3,deutsch
https://www.hellofresh.de/recipes/spaghetti-mit-pilzrahm-sosse-67470e5afb7a3ff84744d719,deutsche-rezepte,67470e5afb7a3ff84744d719,deutsch
https://www.hellofresh.de/recipes/fischfilet-in-tomaten-creme-678a78999160da204f346717,deutsche-rezepte,678a78999160da204f346717,deutsch
https://www.hellofresh.de/recipes/maultaschen-in-cremiger-zwiebelsosse-672b66c912c55222c8ccb8b1,deutsche-rezepte,672b66c912c55222c8ccb8b1,deutsch
https://www.hellofresh.de/recipes/regenbogen-ofenkartoffeln-mit-vielen-bunten-toppings-671f96f710bbc833b98f8998,deutsche-rezepte,671f96f710bbc833b98f8998,deutsch
https://www.hellofresh.de/recipes/panierter-blumenkohl-mit-krauterdip-67596c34a1a7f6303a776345,deutsche-rezepte,67596c34a1a7f6303a776345,deutsch
https://www.hellofresh.de/recipes/knodeltaler-mit-pilzrahm-und-kresse-67470e64989edba91be3192a,deutsche-rezepte,67470e64989edba91be3192a,deutsch
https://www.hellofresh.de/recipes/linsen-pilz-ragout-mit-knackigem-salat-678a78437767bb70db19151a,deutsche-rezepte,678a78437767bb70db19151a,deutsch
https://www.hellofresh.de/recipes/feines-rindersteak-in-grunem-pfefferrahm-67470d7cb1d252afb328da2c,deutsche-rezepte,67470d7cb1d252afb328da2c,deutsch
https://www.hellofresh.de/recipes/lachsfilet-auf-pinken-herzgnocchi-671f97134251e0dbe4bdf3c5,deutsche-rezepte,671f97134251e0dbe4bdf3c5,deutsch
https://www.hellofresh.de/recipes/hackballchen-in-senfsosse-671f96f14251e0dbe4bdf222,deutsche-rezepte,671f96f14251e0dbe4bdf222,deutsch
https://www.hellofresh.de/recipes/cordon-bleu-mit-ofengemuse-67470d63989edba91be314cb,deutsche-rezepte,67470d63989edba91be314cb,deutsch
https://www.hellofresh.de/recipes/cordon-bleu-mit-ofengemuse-671f942b10bbc833b98f7f17,deutsche-rezepte,671f942b10bbc833b98f7f17,deutsch
https://www.hellofresh.de/recipes/kartoffel-gratin-mit-zucchini-und-champignons-677265be0200888b9f0f8abf,deutsche-rezepte,677265be0200888b9f0f8abf,deutsch
https://www.hellofresh.de/recipes/seelachs-mit-zitrus-orangen-gremolata-6797984389d6104200fdd351,deutsche-rezepte,6797984389d6104200fdd351,deutsch
https://www.hellofresh.de/recipes/porree-spatzle-pfanne-677265f667cf697e9b62050a,deutsche-rezepte,677265f667cf697e9b62050a,deutsch
https://www.hellofresh.de/recipes/porree-spatzle-pfanne-67b4a7a218c71cd699179cdb,deutsche-rezepte,67b4a7a218c71cd699179cdb,deutsch
https://www.hellofresh.de/recipes/schweinelachssteak-mit-knollenselleriestampf-67470df3b1d252afb328dcaf,deutsche-rezepte,67470df3b1d252afb328dcaf,deutsch
https://www.hellofresh.de/recipes/krauter-schweinefilet-mit-obatzda-ofenkartoffeln-66c44b61ac0a1f91a3670f6a,deutsche-rezepte,66c44b61ac0a1f91a3670f6a,deutsch
https://www.hellofresh.de/recipes/strip-loin-steak-mit-demi-glace-und-kurbispuree-67191ffe2afd696502ee33f5,deutsche-rezepte,67191ffe2afd696502ee33f5,deutsch
https://www.hellofresh.de/recipes/feines-rindersteak-in-grunem-pfefferrahm-67191f44feb5bb81ef3ad686,deutsche-rezepte,67191f44feb5bb81ef3ad686,deutsch
https://www.hellofresh.de/recipes/zucchini-kase-puffer-mit-petersilien-dill-dip-67470d68fb7a3ff84744d212,deutsche-rezepte,67470d68fb7a3ff84744d212,deutsch
https://www.hellofresh.de/recipes/springtime-spaghetti-678a78777767bb70db19177e,deutsche-rezepte,678a78777767bb70db19177e,deutsch
https://www.hellofresh.de/recipes/wurzige-fischboulette-in-krauterpanade-671a5392d68888376c8d37aa,deutsche-rezepte,671a5392d68888376c8d37aa,deutsch
https://www.hellofresh.de/recipes/saftiges-schweinefilet-mit-haselnuss-kruste-677265d60200888b9f0f8b97,deutsche-rezepte,677265d60200888b9f0f8b97,deutsch
https://www.hellofresh.de/recipes/zartes-honig-senf-lachsfilet-aus-dem-ofen-67191d30feb5bb81ef3ad5d5,deutsche-rezepte,67191d30feb5bb81ef3ad5d5,deutsch
https://www.hellofresh.de/recipes/salbei-schweinesteak-mit-ofengemuse-6790b2b9836539d1a063bebb,deutsche-rezepte,6790b2b9836539d1a063bebb,deutsch
https://www.hellofresh.de/recipes/salbei-schweinesteak-mit-ofengemuse-67092052838d77521e1be918,deutsche-rezepte,67092052838d77521e1be918,deutsch
https://www.hellofresh.de/recipes/rheinischer-karotten-rinderhack-eintopf-671f977e10bbc833b98f90d2,deutsche-rezepte,671f977e10bbc833b98f90d2,deutsch
https://www.hellofresh.de/recipes/hahnchengeschnetzeltes-in-tomaten-sahnesosse-671f972d10bbc833b98f8ccc,deutsche-rezepte,671f972d10bbc833b98f8ccc,deutsch
https://www.hellofresh.de/recipes/schweinefilet-mit-linsen-spinat-gemuse-671f971410bbc833b98f8ba1,deutsche-rezepte,671f971410bbc833b98f8ba1,deutsch
https://www.hellofresh.de/recipes/seehecht-im-wintermantel-67726573c7ac6d53848634dd,deutsche-rezepte,67726573c7ac6d53848634dd,deutsch
https://www.hellofresh.de/recipes/rinderhackballchen-mit-senf-fruhlingszwiebel-sosse-668e67edda99f37bb7c068c5,deutsche-rezepte,668e67edda99f37bb7c068c5,deutsch
https://www.hellofresh.de/recipes/kohlrabi-eintopf-mit-konigsberger-klopsen-6746ebef989edba91be30e50,deutsche-rezepte,6746ebef989edba91be30e50,deutsch
https://www.hellofresh.de/recipes/hahnchenbrust-mit-speckpflaumen-678a78109160da204f34608b,deutsche-rezepte,678a78109160da204f34608b,deutsch
https://www.hellofresh.de/recipes/strip-loin-steak-mit-demi-glace-und-kurbispuree-67192052feb5bb81ef3ad6c8,deutsche-rezepte,67192052feb5bb81ef3ad6c8,deutsch
https://www.hellofresh.de/recipes/paprika-hahnchenbrust-mit-kohlrabi-kartoffel-stampf-678a77ec9160da204f345efe,deutsche-rezepte,678a77ec9160da204f345efe,deutsch
https://www.hellofresh.de/recipes/one-pan-frische-eierspatzle-mit-bacon-67470c9d989edba91be31342,deutsche-rezepte,67470c9d989edba91be31342,deutsch
https://www.hellofresh.de/recipes/kasige-hackballchen-mit-rahmchampignons-6721185210bbc833b98fecb8,deutsche-rezepte,6721185210bbc833b98fecb8,deutsch
https://www.hellofresh.de/recipes/bio-schweinemedaillons-in-dunkler-zwiebelsosse-679798585fbdb4aa73bc7daf,deutsche-rezepte,679798585fbdb4aa73bc7daf,deutsch
https://www.hellofresh.de/recipes/linsen-pilz-ragout-mit-knackigem-salat-67470dd6b1d252afb328dade,deutsche-rezepte,67470dd6b1d252afb328dade,deutsch
https://www.hellofresh.de/recipes/veganes-steak-von-planted-mit-pflaumensosse-67191f012afd696502ee3359,deutsche-rezepte,67191f012afd696502ee3359,deutsch
https://www.hellofresh.de/recipes/cremig-mildes-kurbis-kokos-curry-5d67a79f522f94001206b8e4,asiatische-rezepte,5d67a79f522f94001206b8e4,asiatisch
https://www.hellofresh.de/recipes/seehechtfilet-auf-buntem-gemusecurry-5d53c7ea162d6f00120b5d4d,asiatische-rezepte,5d53c7ea162d6f00120b5d4d,asiatisch
https://www.hellofresh.de/recipes/vegane-gemusespiesse-mit-satay-sosse-5fa27c8c4afcda73f967640a,asiatische-rezepte,5fa27c8c4afcda73f967640a,asiatisch
https://www.hellofresh.de/recipes/asia-nudelpfanne-mit-zitronengras-5ed603f029fcfc3a8458b6e1,asiatische-rezepte,5ed603f029fcfc3a8458b6e1,asiatisch
https://www.hellofresh.de/recipes/mildes-fischcurry-mit-tomaten-und-spinat-6006e596e031856e0a4a9303,asiatische-rezepte,6006e596e031856e0a4a9303,asiatisch
https://www.hellofresh.de/recipes/vegetarisches-massaman-curry-5c752e39e3f3394ad423bb02,asiatische-rezepte,5c752e39e3f3394ad423bb02,asiatisch
https://www.hellofresh.de/recipes/sesamhahnchen-mit-teriyaki-stir-fry-5f7d89e88220af61bc7d7501,asiatische-rezepte,5f7d89e88220af61bc7d7501,asiatisch
https://www.hellofresh.de/recipes/seehecht-auf-buntem-gemusecurry-5f77114997f39f06e91decdd,asiatische-rezepte,5f77114997f39f06e91decdd,asiatisch
https://www.hellofresh.de/recipes/hahnchenpfanne-suss-sauer-5c66f93ee3f33979d871fe36,asiatische-rezepte,5c66f93ee3f33979d871fe36,asiatisch
https://www.hellofresh.de/recipes/pikant-feurig-marinierte-rindersteaks-5c4f274ae3f3395fd745c862,asiatische-rezepte,5c4f274ae3f3395fd745c862,asiatisch
https://www.hellofresh.de/recipes/chilinudeln-in-erdnusssosse-5f7d897722e21d6c207f2cdd,asiatische-rezepte,5f7d897722e21d6c207f2cdd,asiatisch
https://www.hellofresh.de/recipes/seehecht-auf-buntem-gemusecurry-5ba8fd8e30006c04a23e5162,asiatische-rezepte,5ba8fd8e30006c04a23e5162,asiatisch
https://www.hellofresh.de/recipes/vegane-bowl-mit-miso-aubergine-5e174bea87859249fe1e6b1d,asiatische-rezepte,5e174bea87859249fe1e6b1d,asiatisch
https://www.hellofresh.de/recipes/rinderhackballchen-tsukune-style-60101f093388be36747b98a0,asiatische-rezepte,60101f093388be36747b98a0,asiatisch
https://www.hellofresh.de/recipes/asiatische-somen-nudeln-mit-hack-5fdcaa0e137a905c0f70b922,asiatische-rezepte,5fdcaa0e137a905c0f70b922,asiatisch
https://www.hellofresh.de/recipes/asiatische-somen-nudeln-mit-hack-6050db57957ca20c265a022c,asiatische-rezepte,6050db57957ca20c265a022c,asiatisch
https://www.hellofresh.de/recipes/asia-nudelpfanne-mit-zitronengras-5d677e6ca28e82000d3608a0,asiatische-rezepte,5d677e6ca28e82000d3608a0,asiatisch
https://www.hellofresh.de/recipes/schweinefilet-in-pflaumensosse-5e8b0ab251134c1c4e201779,asiatische-rezepte,5e8b0ab251134c1c4e201779,asiatisch
https://www.hellofresh.de/recipes/asiatische-hahnchenpfanne-5f476daf6e7df87a7249e6e2,asiatische-rezepte,5f476daf6e7df87a7249e6e2,asiatisch
https://www.hellofresh.de/recipes/chili-nudelpfanne-mit-lachsfilet-5bfbedede3f3394f470e4242,asiatische-rezepte,5bfbedede3f3394f470e4242,asiatisch
https://www.hellofresh.de/recipes/hahnchenpfanne-susssauer-5fdca987d33c623a63344f1b,asiatische-rezepte,5fdca987d33c623a63344f1b,asiatisch
https://www.hellofresh.de/recipes/hahnchen-katsu-mit-karottenreis-5fbe26021fe25511a04ca476,asiatische-rezepte,5fbe26021fe25511a04ca476,asiatisch
https://www.hellofresh.de/recipes/teriyaki-hahnchen-mit-kokosreis-5f492744d80daa02e42a6d8e,asiatische-rezepte,5f492744d80daa02e42a6d8e,asiatisch
https://www.hellofresh.de/recipes/vegetarische-gemusespiesse-5d78c2e40dcef1001723ea11,asiatische-rezepte,5d78c2e40dcef1001723ea11,asiatisch
https://www.hellofresh.de/recipes/hahnchenpfanne-suss-sauer-61508a61e08de6632943490f,asiatische-rezepte,61508a61e08de6632943490f,asiatisch
https://www.hellofresh.de/recipes/hahnchenbrust-chinakohl-pfanne-5f104505e95fe8284205d414,asiatische-rezepte,5f104505e95fe8284205d414,asiatisch
https://www.hellofresh.de/recipes/bunte-gemusespiesse-mit-teriyakisosse-5fd3882b70a27f2f255b2a66,asiatische-rezepte,5fd3882b70a27f2f255b2a66,asiatisch
https://www.hellofresh.de/recipes/bowl-mit-pulled-chicken-hoisin-style-6230600acdfa6d42d33fbfcb,asiatische-rezepte,6230600acdfa6d42d33fbfcb,asiatisch
https://www.hellofresh.de/recipes/seelachsfilet-mit-miso-erdnuss-sosse-5fab9cdf9c907a62d406b155,asiatische-rezepte,5fab9cdf9c907a62d406b155,asiatisch
https://www.hellofresh.de/recipes/hahnchenbrust-chinakohl-pfanne-5dc2c734df83a45e63233e77,asiatische-rezepte,5dc2c734df83a45e63233e77,asiatisch
https://www.hellofresh.de/recipes/bulgogi-hahnchenbrust-mit-jasminreis-5f3e339c90a59f1880500695,asiatische-rezepte,5f3e339c90a59f1880500695,asiatisch
https://www.hellofresh.de/recipes/putenbrust-chinakohl-pfanne-mit-garnelen-5c1a5701c445fa76b7666d62,asiatische-rezepte,5c1a5701c445fa76b7666d62,asiatisch
https://www.hellofresh.de/recipes/reis-bowl-mit-marinierten-schweinefiletstreifen-634e516819a644530000e8b2,asiatische-rezepte,634e516819a644530000e8b2,asiatisch
https://www.hellofresh.de/recipes/bulgogi-hahnchenbrust-mit-pack-choi-5fd387f6137a905c0f70b6ce,asiatische-rezepte,5fd387f6137a905c0f70b6ce,asiatisch
https://www.hellofresh.de/recipes/asiatische-hahnchenpfanne-mit-pak-choi-61c0b5abda10544cff5b1731,asiatische-rezepte,61c0b5abda10544cff5b1731,asiatisch
https://www.hellofresh.de/recipes/asiatische-somen-nudeln-mit-hack-5f6d95c2251cc533e376bdd4,asiatische-rezepte,5f6d95c2251cc533e376bdd4,asiatisch
https://www.hellofresh.de/recipes/asiatische-hahnchenpfanne-mit-pak-choi-617ffb955bb12048896db454,asiatische-rezepte,617ffb955bb12048896db454,asiatisch
https://www.hellofresh.de/recipes/putenbrust-chinakohl-pfanne-5c1a566ec445fa76ac785f52,asiatische-rezepte,5c1a566ec445fa76ac785f52,asiatisch
https://www.hellofresh.de/recipes/chili-nudel-topf-mit-lachsfilet-5c73fe2ce3f3396135385472,asiatische-rezepte,5c73fe2ce3f3396135385472,asiatisch
https://www.hellofresh.de/recipes/curry-mit-grunem-spargel-and-extra-garnelen-5cc9c17dc77d570015682d8a,asiatische-rezepte,5cc9c17dc77d570015682d8a,asiatisch
https://www.hellofresh.de/recipes/curry-mit-putenbrust-und-mango-5ba0b86930006c64bf45eb62,asiatische-rezepte,5ba0b86930006c64bf45eb62,asiatisch
https://www.hellofresh.de/recipes/schweinefilet-in-pflaumensosse-6023a4bf73489f1e54082e0c,asiatische-rezepte,6023a4bf73489f1e54082e0c,asiatisch
https://www.hellofresh.de/recipes/gefullter-miso-portobello-auf-asia-ofengemuse-613736a07b33546a870fdc5f,asiatische-rezepte,613736a07b33546a870fdc5f,asiatisch
https://www.hellofresh.de/recipes/hahnchen-kokos-curry-mit-extra-garnelen-5cb5f45dc445fa2e6a5798c6,asiatische-rezepte,5cb5f45dc445fa2e6a5798c6,asiatisch
https://www.hellofresh.de/recipes/asiatische-hahnchenspiesse-60ae0ec4f1db1b519a537e39,asiatische-rezepte,60ae0ec4f1db1b519a537e39,asiatisch
https://www.hellofresh.de/recipes/gemusepfanne-susssauer-mit-basmatireis-5f07012e2ed97334eb75c191,asiatische-rezepte,5f07012e2ed97334eb75c191,asiatisch
https://www.hellofresh.de/recipes/schweinefilet-mit-orangen-teriyaki-sosse-5f5e06e057eff05fb04ec93f,asiatische-rezepte,5f5e06e057eff05fb04ec93f,asiatisch
https://www.hellofresh.de/recipes/chili-nudel-pfanne-mit-lachsfilet-5b962fdbae08b5179b265a72,asiatische-rezepte,5b962fdbae08b5179b265a72,asiatisch
https://www.hellofresh.de/recipes/sobanudeln-mit-rinderhack-5da868685d0b214d0a38a381,asiatische-rezepte,5da868685d0b214d0a38a381,asiatisch
https://www.hellofresh.de/recipes/bulgogi-hahnchenpfanne-mit-kokosreis-6023a4b4e28c112717016a45,asiatische-rezepte,6023a4b4e28c112717016a45,asiatisch
https://www.hellofresh.de/recipes/bowl-mit-kokosreis-und-miso-aubergine-5f193b683f3cd902316cac1c,asiatische-rezepte,5f193b683f3cd902316cac1c,asiatisch
https://www.hellofresh.de/recipes/asia-nudel-pfanne-mit-lachsfilet-5d0217449c2a89001469c97a,asiatische-rezepte,5d0217449c2a89001469c97a,asiatisch
https://www.hellofresh.de/recipes/schweinefilet-susssauer-60488621f96b306177406fbe,asiatische-rezepte,60488621f96b306177406fbe,asiatisch
https://www.hellofresh.de/recipes/vegetarische-bowl-mit-miso-aubergine-5f994cbd7a1c85169a11593a,asiatische-rezepte,5f994cbd7a1c85169a11593a,asiatisch
https://www.hellofresh.de/recipes/vollkornnudel-pfanne-mit-glasierter-hahnchenbrust-5bd72c47ae08b5194f571852,asiatische-rezepte,5bd72c47ae08b5194f571852,asiatisch
https://www.hellofresh.de/recipes/asia-nudelpfanne-mit-zitronengras-5f5e06e38ceb71152d7f6694,asiatische-rezepte,5f5e06e38ceb71152d7f6694,asiatisch
https://www.hellofresh.de/recipes/chili-nudelpfanne-mit-zitronengras-5bfbed93c445fa4b1f4c4b62,asiatische-rezepte,5bfbed93c445fa4b1f4c4b62,asiatisch
https://www.hellofresh.de/recipes/asiatische-somen-nudeln-5e7c9861ac47e9134b79fa9a,asiatische-rezepte,5e7c9861ac47e9134b79fa9a,asiatisch
https://www.hellofresh.de/recipes/stir-fry-schweinefilet-mit-soja-pflaumensosse-643e11eafffcfe72e80fd072,asiatische-rezepte,643e11eafffcfe72e80fd072,asiatisch
https://www.hellofresh.de/recipes/handgemachte-ofen-fruhlingsrollen-618a3df34c36975e4d565027,asiatische-rezepte,618a3df34c36975e4d565027,asiatisch
https://www.hellofresh.de/recipes/asiatische-hahnchenpfanne-5dd567723d442170431c650b,asiatische-rezepte,5dd567723d442170431c650b,asiatisch
https://www.hellofresh.de/recipes/chilinudeln-in-erdnusssosse-5cc1759c2cca01000d667832,asiatische-rezepte,5cc1759c2cca01000d667832,asiatisch
https://www.hellofresh.de/recipes/asia-bowl-mit-wildreis-und-scharfem-brokkoli-5f900051690df464ee2887d7,asiatische-rezepte,5f900051690df464ee2887d7,asiatisch
https://www.hellofresh.de/recipes/schweinefilet-susssauer-mit-ananas-640ff1309a15985e5a09117b,asiatische-rezepte,640ff1309a15985e5a09117b,asiatisch
https://www.hellofresh.de/recipes/vegane-teriyaki-gemusespiesse-5ebd48390241df25ba7f0aba,asiatische-rezepte,5ebd48390241df25ba7f0aba,asiatisch
https://www.hellofresh.de/recipes/gemusespiesse-mit-erdnuss-satay-sosse-5bcde3d230006c3a2008cf02,asiatische-rezepte,5bcde3d230006c3a2008cf02,asiatisch
https://www.hellofresh.de/recipes/asia-bowl-mit-wildreis-und-scharfem-brokkoli-5efdb0ccf3daff404a55c6e1,asiatische-rezepte,5efdb0ccf3daff404a55c6e1,asiatisch
https://www.hellofresh.de/recipes/vegetarisches-massaman-curry-5d08a29bf65f90000f3dc5f7,asiatische-rezepte,5d08a29bf65f90000f3dc5f7,asiatisch
https://www.hellofresh.de/recipes/hahnchenpfanne-susssauer-mit-paprika-631b5b6aa44dd94f2701d8f7,asiatische-rezepte,631b5b6aa44dd94f2701d8f7,asiatisch
https://www.hellofresh.de/recipes/gemusepfanne-mit-curryreis-5eeb2b74867198121e4c4e9a,asiatische-rezepte,5eeb2b74867198121e4c4e9a,asiatisch
https://www.hellofresh.de/recipes/schweinefilet-susssauer-5e724f9bf7202f0e415f31b0,asiatische-rezepte,5e724f9bf7202f0e415f31b0,asiatisch
https://www.hellofresh.de/recipes/gebratenes-gemuse-mit-erdnusssosse-5ddfb50c3a873338d85b41e2,asiatische-rezepte,5ddfb50c3a873338d85b41e2,asiatisch
https://www.hellofresh.de/recipes/mie-nudelpfanne-mit-zitronengras-5ca21a6cc445fa04057c3392,asiatische-rezepte,5ca21a6cc445fa04057c3392,asiatisch
https://www.hellofresh.de/recipes/warmend-scharfer-erdnusseintopf-5bbc760830006c1f820d92f2,asiatische-rezepte,5bbc760830006c1f820d92f2,asiatisch
https://www.hellofresh.de/recipes/gobi-manchurian-mit-blumenkohl-and-wildreis-613f12418923d34f8204463a,asiatische-rezepte,613f12418923d34f8204463a,asiatisch
https://www.hellofresh.de/recipes/asiatische-hahnchenpfanne-mit-pak-choi-60ed9be68bc15142bf1626bd,asiatische-rezepte,60ed9be68bc15142bf1626bd,asiatisch
https://www.hellofresh.de/recipes/sticky-cashew-hahnchen-623848c3422c6e7f4c1d43e8,asiatische-rezepte,623848c3422c6e7f4c1d43e8,asiatisch
https://www.hellofresh.de/recipes/asiatisches-rindfleisch-mit-pak-choi-5fb3fa1b10317f213c02c06b,asiatische-rezepte,5fb3fa1b10317f213c02c06b,asiatisch
https://www.hellofresh.de/recipes/scharfes-grunes-gemusecurry-5ee1e9e278211152ce147ce5,asiatische-rezepte,5ee1e9e278211152ce147ce5,asiatisch
https://www.hellofresh.de/recipes/chilinudeln-in-erdnusssosse-mit-dorade-5e31473be03a532f866050bd,asiatische-rezepte,5e31473be03a532f866050bd,asiatisch
https://www.hellofresh.de/recipes/veganes-stir-fry-5f6b03272d47bb2361083f75,asiatische-rezepte,5f6b03272d47bb2361083f75,asiatisch
https://www.hellofresh.de/recipes/asiatisch-glasierte-aubergine-5f1aa460ab26fe6ef111336a,asiatische-rezepte,5f1aa460ab26fe6ef111336a,asiatisch
https://www.hellofresh.de/recipes/hoisin-bao-buns-mit-wurzigem-hackfleisch-630cb75c02ac423797062c1a,asiatische-rezepte,630cb75c02ac423797062c1a,asiatisch
https://www.hellofresh.de/recipes/hahnchenbrust-chinakohl-pfanne-5d22e96d0ae9db000d217fe8,asiatische-rezepte,5d22e96d0ae9db000d217fe8,asiatisch
https://www.hellofresh.de/recipes/chow-mein-gebratene-nudeln-mit-brokkolini-6331929d3c6429311605f642,asiatische-rezepte,6331929d3c6429311605f642,asiatisch
https://www.hellofresh.de/recipes/schweinefilet-susssauer-mit-ananas-6242da7a4d42e57c2c0ce869,asiatische-rezepte,6242da7a4d42e57c2c0ce869,asiatisch
https://www.hellofresh.de/recipes/mildes-grunes-curry-mit-zucchini-601a73266a8c8f46820253be,asiatische-rezepte,601a73266a8c8f46820253be,asiatisch
https://www.hellofresh.de/recipes/hahnchenpfanne-susssauer-5ea04757e50981356a469565,asiatische-rezepte,5ea04757e50981356a469565,asiatisch
https://www.hellofresh.de/recipes/nigella-chilinudeln-mit-pulled-mushrooms-62ab30741904f57df60917f4,asiatische-rezepte,62ab30741904f57df60917f4,asiatisch
https://www.hellofresh.de/recipes/schweinefilet-mit-orangen-teriyaki-sosse-5e1df85ca9823a5ca465f8d4,asiatische-rezepte,5e1df85ca9823a5ca465f8d4,asiatisch
https://www.hellofresh.de/recipes/seehechtfilet-auf-buntem-gemusecurry-5cd2d03edff2d400111aa272,asiatische-rezepte,5cd2d03edff2d400111aa272,asiatisch
https://www.hellofresh.de/recipes/gelbes-kokos-curry-5c5314c4e3f3394b33704cf2,asiatische-rezepte,5c5314c4e3f3394b33704cf2,asiatisch
https://www.hellofresh.de/recipes/mildes-fish-stir-fry-mit-knackigem-gemuse-632c3d6a938a80a1ce0f6c09,asiatische-rezepte,632c3d6a938a80a1ce0f6c09,asiatisch
https://www.hellofresh.de/recipes/vegane-gemusespiesse-5e983be65b54c407a27e704d,asiatische-rezepte,5e983be65b54c407a27e704d,asiatisch
https://www.hellofresh.de/recipes/vegane-sojahack-ballchen-in-teriyakisosse-604885e9a23eea7340162830,asiatische-rezepte,604885e9a23eea7340162830,asiatisch
https://www.hellofresh.de/recipes/teriyaki-hahnchen-auf-chinakohl-pfanne-5fa27c935227db09c15e3a57,asiatische-rezepte,5fa27c935227db09c15e3a57,asiatisch
https://www.hellofresh.de/recipes/erdnuss-kokos-bowl-mit-pak-choi-5f5e070b5432d82ab30f6849,asiatische-rezepte,5f5e070b5432d82ab30f6849,asiatisch
https://www.hellofresh.de/recipes/chilinudeln-in-erdnusssosse-5e314160a7dd4937bd637fe5,asiatische-rezepte,5e314160a7dd4937bd637fe5,asiatisch
https://www.hellofresh.de/recipes/asiatisches-rindfleisch-mit-pilzen-5d3ad27bc09a9b00111a48e1,asiatische-rezepte,5d3ad27bc09a9b00111a48e1,asiatisch
https://www.hellofresh.de/recipes/scharfes-grunes-gemusecurry-5f6b034f70bd0c721a5e8c8f,asiatische-rezepte,5f6b034f70bd0c721a5e8c8f,asiatisch
https://www.hellofresh.de/recipes/hahnchen-katsu-mit-karottenreis-5f193b713256a30fff1a83d9,asiatische-rezepte,5f193b713256a30fff1a83d9,asiatisch
https://www.hellofresh.de/recipes/laksa-scharfe-hahnchen-glasnudel-suppe-5fa27cc688918b3f58259e57,asiatische-rezepte,5fa27cc688918b3f58259e57,asiatisch
https://www.hellofresh.de/recipes/asiatische-hahnchen-spiesse-mit-honig-5ce562464c232b001260997a,asiatische-rezepte,5ce562464c232b001260997a,asiatisch
https://www.hellofresh.de/recipes/schweinefilet-susssauer-60d5f0a83fbacc20fe7d464d,asiatische-rezepte,60d5f0a83fbacc20fe7d464d,asiatisch
https://www.hellofresh.de/recipes/buntes-pfannengemuse-mit-extra-garnelen-601a7331a44e9908631b44ea,asiatische-rezepte,601a7331a44e9908631b44ea,asiatisch
https://www.hellofresh.de/recipes/garnelen-in-scharfer-won-tan-sosse-5efdb0de8810735aa37906de,asiatische-rezepte,5efdb0de8810735aa37906de,asiatisch
https://www.hellofresh.de/recipes/nigella-chilinudeln-mit-pulled-mushrooms-630cb6f1092f1e17fa00a91e,asiatische-rezepte,630cb6f1092f1e17fa00a91e,asiatisch
https://www.hellofresh.de/recipes/teriyaki-hahnchenpfanne-mit-pak-choi-6242da1f3a9f0b775f4c8be7,asiatische-rezepte,6242da1f3a9f0b775f4c8be7,asiatisch
https://www.hellofresh.de/recipes/veganes-stir-fry-gebratenes-gemuse-5e6ba10a81a93133b4284a47,asiatische-rezepte,5e6ba10a81a93133b4284a47,asiatisch
https://www.hellofresh.de/recipes/scharfes-grunes-gemusecurry-5d9625629cb94207a9284b9d,asiatische-rezepte,5d9625629cb94207a9284b9d,asiatisch
https://www.hellofresh.de/recipes/hahnchenpfanne-suss-sauer-5d5e827e9678d700136d0887,asiatische-rezepte,5d5e827e9678d700136d0887,asiatisch
https://www.hellofresh.de/recipes/asia-nudelpfanne-mit-zitronengras-5d0236c1709f0a0008249a0e,asiatische-rezepte,5d0236c1709f0a0008249a0e,asiatisch
https://www.hellofresh.de/recipes/hahnchenpfanne-susssauer-mit-paprika-621f121a840ca13bd5123d33,asiatische-rezepte,621f121a840ca13bd5123d33,asiatisch
https://www.hellofresh.de/recipes/buntes-kokos-gemuse-curry-5b8e3daf30006c457b295722,asiatische-rezepte,5b8e3daf30006c457b295722,asiatisch
https://www.hellofresh.de/recipes/hoisin-somen-nudeln-mit-schweinefilet-60101f12f2ca2a32a426ce15,asiatische-rezepte,60101f12f2ca2a32a426ce15,asiatisch
https://www.hellofresh.de/recipes/schweinefilet-mit-orangen-teriyaki-sosse-5fd9d29fd9d6e94cf8712662,asiatische-rezepte,5fd9d29fd9d6e94cf8712662,asiatisch
https://www.hellofresh.de/recipes/seehecht-in-teriyakisosse-5f1adde97e483a0e5b2192a1,asiatische-rezepte,5f1adde97e483a0e5b2192a1,asiatisch
https://www.hellofresh.de/recipes/bunter-glasnudelsalat-mit-erdnuss-dressing-6033e6afa5b32b42fe6ad8e4,asiatische-rezepte,6033e6afa5b32b42fe6ad8e4,asiatisch
https://www.hellofresh.de/recipes/asia-bowl-mit-wildreis-und-scharfem-brokkoli-6033e667d00f7c514b7d25ad,asiatische-rezepte,6033e667d00f7c514b7d25ad,asiatisch
https://www.hellofresh.de/recipes/scharfes-grunes-gemusecurry-5ff5737e6357424697644972,asiatische-rezepte,5ff5737e6357424697644972,asiatisch
https://www.hellofresh.de/recipes/chilinudeln-in-erdnusssosse-603f4db5282c69198a5f59c4,asiatische-rezepte,603f4db5282c69198a5f59c4,asiatisch
https://www.hellofresh.de/recipes/selbst-gemachtes-kokoscurry-5fdca9ef6bc7a3422b639340,asiatische-rezepte,5fdca9ef6bc7a3422b639340,asiatisch
https://www.hellofresh.de/recipes/schweinespiesse-mit-teriyakisosse-603f4e0c9a36465631559c89,asiatische-rezepte,603f4e0c9a36465631559c89,asiatisch
https://www.hellofresh.de/recipes/schweinefilet-susssauer-5f476dece0b7855fc030286e,asiatische-rezepte,5f476dece0b7855fc030286e,asiatisch
https://www.hellofresh.de/recipes/mildes-fischcurry-mit-tomaten-und-spinat-5ef47908313bba4d34546357,asiatische-rezepte,5ef47908313bba4d34546357,asiatisch
https://www.hellofresh.de/recipes/feurige-nigella-chilinudeln-mit-pulled-mushrooms-61af6f824defa92f887aa746,asiatische-rezepte,61af6f824defa92f887aa746,asiatisch
https://www.hellofresh.de/recipes/gebratenes-hahnchenbrustfilet-5eafd8e26d2d75378e08bfd8,asiatische-rezepte,5eafd8e26d2d75378e08bfd8,asiatisch
https://www.hellofresh.de/recipes/veganes-stir-fry-buntes-pfannengemuse-601a737892cac479cb521bd5,asiatische-rezepte,601a737892cac479cb521bd5,asiatisch
https://www.hellofresh.de/recipes/asiatische-hahnchenspiesse-mit-honig-5f2abed7d1015f2aa854f0be,asiatische-rezepte,5f2abed7d1015f2aa854f0be,asiatisch
https://www.hellofresh.de/recipes/erdnuss-kokos-bowl-mit-pak-choi-6033e6da2e00b529e634bf51,asiatische-rezepte,6033e6da2e00b529e634bf51,asiatisch
https://www.hellofresh.de/recipes/hahnchenpfanne-susssauer-5dfa5d49233dfe19e660c610,asiatische-rezepte,5dfa5d49233dfe19e660c610,asiatisch
https://www.hellofresh.de/recipes/asia-nudelpfanne-mit-zitronengras-5e6663e53bc48f4dda290725,asiatische-rezepte,5e6663e53bc48f4dda290725,asiatisch
https://www.hellofresh.de/recipes/hahnchenbrust-chinakohl-pfanne-5d78b4f292f8cd000b57fe8a,asiatische-rezepte,5d78b4f292f8cd000b57fe8a,asiatisch
https://www.hellofresh.de/recipes/stir-fry-gebratenes-gemuse-mit-erdnusssosse-5d02748614c74f001648b79d,asiatische-rezepte,5d02748614c74f001648b79d,asiatisch
https://www.hellofresh.de/recipes/selbst-gemachtes-kokoscurry-5ec54cd4ce2bb213416a1505,asiatische-rezepte,5ec54cd4ce2bb213416a1505,asiatisch
https://www.hellofresh.de/recipes/seelachs-in-wurziger-hoisin-marinade-619cc299aa925d569218afbe,asiatische-rezepte,619cc299aa925d569218afbe,asiatisch
https://www.hellofresh.de/recipes/knackige-gemusepfanne-mit-fenchel-5c9a3944e3f3393197145ac2,asiatische-rezepte,5c9a3944e3f3393197145ac2,asiatisch
https://www.hellofresh.de/recipes/teriyaki-hahnchen-mit-kokosreis-601a7340ed16e51ff66ae4d3,asiatische-rezepte,601a7340ed16e51ff66ae4d3,asiatisch
https://www.hellofresh.de/recipes/reispfanne-mit-hoisin-hahnchen-6405c88ccaf1ded06303d36d,asiatische-rezepte,6405c88ccaf1ded06303d36d,asiatisch
https://www.hellofresh.de/recipes/reis-bowl-mit-marinierten-schweinefiletstreifen-63b6f738df3c42700f0809a3,asiatische-rezepte,63b6f738df3c42700f0809a3,asiatisch
https://www.hellofresh.de/recipes/bowl-mit-pulled-chicken-hoisin-style-62da9d11a90cb375e707dff6,asiatische-rezepte,62da9d11a90cb375e707dff6,asiatisch
https://www.hellofresh.de/recipes/susssaure-pfanne-mit-ananas-and-kaiserschoten-62713a6f66187455890424d3,asiatische-rezepte,62713a6f66187455890424d3,asiatisch
https://www.hellofresh.de/recipes/sesamgarnelen-mit-teriyakigemuse-5f070110e5dad52a9d61d31a,asiatische-rezepte,5f070110e5dad52a9d61d31a,asiatisch
https://www.hellofresh.de/recipes/asia-nudelpfanne-mit-zitronengras-5de914da6a2bf5120f1e6538,asiatische-rezepte,5de914da6a2bf5120f1e6538,asiatisch
https://www.hellofresh.de/recipes/schweinespiesse-mit-teriyakisosse-5fbb985ef6441d6ddc266d73,asiatische-rezepte,5fbb985ef6441d6ddc266d73,asiatisch
https://www.hellofresh.de/recipes/stir-fry-gebratenes-gemuse-mit-garnelen-5ddfd3bea0e9053ccb764aab,asiatische-rezepte,5ddfd3bea0e9053ccb764aab,asiatisch
https://www.hellofresh.de/recipes/hahnchenpfanne-susssauer-5f1020e0787cc57f4f2b1a50,asiatische-rezepte,5f1020e0787cc57f4f2b1a50,asiatisch
https://www.hellofresh.de/recipes/bowl-mit-kokosreis-und-miso-aubergine-5ea93ee607e3bc2388380efa,asiatische-rezepte,5ea93ee607e3bc2388380efa,asiatisch
https://www.hellofresh.de/recipes/spicy-nigella-chilinudeln-mit-pulled-mushrooms-625409eb3e77a72df1668b05,asiatische-rezepte,625409eb3e77a72df1668b05,asiatisch
https://www.hellofresh.de/recipes/chilinudeln-in-erdnusssosse-5eeb221427a4d96352369137,asiatische-rezepte,5eeb221427a4d96352369137,asiatisch
https://www.hellofresh.de/recipes/veganes-curry-mit-zucchini-5e5fc2bc24900f71bb27eed6,asiatische-rezepte,5e5fc2bc24900f71bb27eed6,asiatisch
https://www.hellofresh.de/recipes/schweinefilet-mit-orangen-teriyaki-sosse-6048859351c1fe351b06009c,asiatische-rezepte,6048859351c1fe351b06009c,asiatisch
https://www.hellofresh.de/recipes/sesamgarnelen-mit-teriyakigemuse-5fc66ab869c32a508f5d7802,asiatische-rezepte,5fc66ab869c32a508f5d7802,asiatisch
https://www.hellofresh.de/recipes/teriyaki-hahnchenpfanne-mit-pak-choi-62a8792fef7d47d0240a032a,asiatische-rezepte,62a8792fef7d47d0240a032a,asiatisch
https://www.hellofresh.de/recipes/asiatische-hahnchenspiesse-mit-honig-5e09da30c840bc243c0520d8,asiatische-rezepte,5e09da30c840bc243c0520d8,asiatisch
https://www.hellofresh.de/recipes/susssaure-pfanne-mit-ananas-and-kaiserschoten-63282e4b688e87d335076de1,asiatische-rezepte,63282e4b688e87d335076de1,asiatisch
https://www.hellofresh.de/recipes/chilinudeln-mit-rinderhack-und-hoisin-5e186b54a22d955ade78c2b0,asiatische-rezepte,5e186b54a22d955ade78c2b0,asiatisch
https://www.hellofresh.de/recipes/hahnchen-gemuse-spiesse-604885aa7b560577880fd533,asiatische-rezepte,604885aa7b560577880fd533,asiatisch
https://www.hellofresh.de/recipes/hahnchen-gemuse-spiesse-5fbe25993feb3b3067291633,asiatische-rezepte,5fbe25993feb3b3067291633,asiatisch
https://www.hellofresh.de/recipes/vegane-bowl-mit-sesam-susskartoffel-6050db284794211bec1a2cd8,asiatische-rezepte,6050db284794211bec1a2cd8,asiatisch
https://www.hellofresh.de/recipes/schweinefilet-susssauer-619cc30be6932e0a8745cd95,asiatische-rezepte,619cc30be6932e0a8745cd95,asiatisch
https://www.hellofresh.de/recipes/schweinefilet-susssauer-61fa49fea687c94f6022b3d7,asiatische-rezepte,61fa49fea687c94f6022b3d7,asiatisch
https://www.hellofresh.de/recipes/stir-fry-gebratenes-gemuse-mit-erdnusssosse-5ef47960165709406f409aac,asiatische-rezepte,5ef47960165709406f409aac,asiatisch
https://www.hellofresh.de/recipes/asiatische-hahnchenspiesse-mit-honig-5ffdb9436a8d9a3a237cb7d9,asiatische-rezepte,5ffdb9436a8d9a3a237cb7d9,asiatisch
https://www.hellofresh.de/recipes/asiatische-hahnchenspiesse-mit-honig-5e7b74efaf86d2415a39f257,asiatische-rezepte,5e7b74efaf86d2415a39f257,asiatisch
https://www.hellofresh.de/recipes/mildes-grunes-curry-mit-zucchini-5f3e338d9671a647941a0c8f,asiatische-rezepte,5f3e338d9671a647941a0c8f,asiatisch
https://www.hellofresh.de/recipes/seehecht-auf-buntem-gemusecurry-5f1042f84d40ed4dad1ffa35,asiatische-rezepte,5f1042f84d40ed4dad1ffa35,asiatisch
https://www.hellofresh.de/recipes/pikant-feurig-marinierte-rindersteaks-5be01a78ae08b544f8014864,asiatische-rezepte,5be01a78ae08b544f8014864,asiatisch
https://www.hellofresh.de/recipes/veganer-susskartoffeleintopf-mit-pflaumen-5eecb07fc8abe847b21f07b0,asiatische-rezepte,5eecb07fc8abe847b21f07b0,asiatisch
https://www.hellofresh.de/recipes/hahnchenpfanne-susssauer-mit-paprika-628b9dc746edda0e130091ad,asiatische-rezepte,628b9dc746edda0e130091ad,asiatisch
https://www.hellofresh.de/recipes/scharfes-hahnchen-kokos-curry-5cb5aed9e3f33934092facd3,asiatische-rezepte,5cb5aed9e3f33934092facd3,asiatisch
https://www.hellofresh.de/recipes/vegane-gemusespiesse-5f1adf5542dc291a2c431a58,asiatische-rezepte,5f1adf5542dc291a2c431a58,asiatisch
https://www.hellofresh.de/recipes/gelbes-curry-mit-marinierten-hackballchen-5c531779e3f3394d172ac2d2,asiatische-rezepte,5c531779e3f3394d172ac2d2,asiatisch
https://www.hellofresh.de/recipes/hahnchenpfanne-susssauer-5f7c556bf51e756b4d12865b,asiatische-rezepte,5f7c556bf51e756b4d12865b,asiatisch
https://www.hellofresh.de/recipes/miso-mohren-mit-weissem-blitz-kimchi-5ff573c11c81ad646056c96e,asiatische-rezepte,5ff573c11c81ad646056c96e,asiatisch
https://www.hellofresh.de/recipes/seehecht-auf-buntem-gemusecurry-6050dac7bcf9ad42012cced2,asiatische-rezepte,6050dac7bcf9ad42012cced2,asiatisch
https://www.hellofresh.de/recipes/teriyaki-bohnen-mit-rotkohl-karotten-slaw-6023a4d9d59e21649b2a0dd5,asiatische-rezepte,6023a4d9d59e21649b2a0dd5,asiatisch
https://www.hellofresh.de/recipes/vegane-gemusepfanne-mit-curryreis-5ffdb9adfdc7a372c655c635,asiatische-rezepte,5ffdb9adfdc7a372c655c635,asiatisch
https://www.hellofresh.de/recipes/chilinudel-pfanne-mit-extra-lachs-6006e5b079fe3743037cab92,asiatische-rezepte,6006e5b079fe3743037cab92,asiatisch
https://www.hellofresh.de/recipes/asiatische-hahnchenpfanne-mit-kokosreis-5f6d95af12e6a724572ebd52,asiatische-rezepte,5f6d95af12e6a724572ebd52,asiatisch
https://www.hellofresh.de/recipes/mildes-grunes-curry-mit-grunem-spargel-5cc86e8b76d027001145e129,asiatische-rezepte,5cc86e8b76d027001145e129,asiatisch
https://www.hellofresh.de/recipes/massaman-curry-mit-extra-hahnchenbrust-5d08c7b448978800134316ab,asiatische-rezepte,5d08c7b448978800134316ab,asiatisch
https://www.hellofresh.de/recipes/asiatische-hahnchenpfanne-5fd9d2a60f210d3eaf1f1525,asiatische-rezepte,5fd9d2a60f210d3eaf1f1525,asiatisch
https://www.hellofresh.de/recipes/seehecht-auf-buntem-gemusecurry-5e1de2a64f3b8c766a00b533,asiatische-rezepte,5e1de2a64f3b8c766a00b533,asiatisch
https://www.hellofresh.de/recipes/sticky-cashew-hahnchen-6121f603d9911902f20c55f4,asiatische-rezepte,6121f603d9911902f20c55f4,asiatisch
https://www.hellofresh.de/recipes/hahnchenpfanne-susssauer-mit-paprika-61a61f550a33a6362b23c602,asiatische-rezepte,61a61f550a33a6362b23c602,asiatisch
https://www.hellofresh.de/recipes/panko-hahnchennuggets-mit-kokosreis-6006e5d1b9aa2a21db05fd37,asiatische-rezepte,6006e5d1b9aa2a21db05fd37,asiatisch
https://www.hellofresh.de/recipes/asiatische-hahnchenspiesse-mit-honig-5d80d357dc834769d955777e,asiatische-rezepte,5d80d357dc834769d955777e,asiatisch
https://www.hellofresh.de/recipes/gemuse-vollkornnudel-pfanne-5bcddf3c30006c356c51e702,asiatische-rezepte,5bcddf3c30006c356c51e702,asiatisch
https://www.hellofresh.de/recipes/knackige-gemusepfanne-mit-fenchel-5c04fbe3c445fa19582f3f22,asiatische-rezepte,5c04fbe3c445fa19582f3f22,asiatisch
https://www.hellofresh.de/recipes/chilinudeln-in-erdnusssosse-5db05ec230d88a674f4ce2ed,asiatische-rezepte,5db05ec230d88a674f4ce2ed,asiatisch
https://www.hellofresh.de/recipes/asiatische-hahnchenpfanne-5ee1ec384cb5e445194772e1,asiatische-rezepte,5ee1ec384cb5e445194772e1,asiatisch
https://www.hellofresh.de/recipes/asiatisches-rindfleisch-mit-pilzen-5f476dd7feac474fa5687756,asiatische-rezepte,5f476dd7feac474fa5687756,asiatisch
https://www.hellofresh.de/recipes/schweinefilet-susssauer-mit-ananas-629f52fe016b12cd7908d8f9,asiatische-rezepte,629f52fe016b12cd7908d8f9,asiatisch
https://www.hellofresh.de/recipes/hahnchenpfanne-suss-sauer-5d10cfe8658f3a001845000e,asiatische-rezepte,5d10cfe8658f3a001845000e,asiatisch
https://www.hellofresh.de/recipes/asiatisches-rindfleisch-mit-pilzen-5e56755360c68f72355b40c2,asiatische-rezepte,5e56755360c68f72355b40c2,asiatisch
https://www.hellofresh.de/recipes/vegane-kokosbowl-mit-sesamsusskartoffel-5ec550ad81d3ba5450034e3e,asiatische-rezepte,5ec550ad81d3ba5450034e3e,asiatisch
https://www.hellofresh.de/recipes/chilinudel-pfanne-mit-zitronengras-6006e641b4ea6f1d5b43e4c0,asiatische-rezepte,6006e641b4ea6f1d5b43e4c0,asiatisch
https://www.hellofresh.de/recipes/hello-massaman-cremiges-thai-curry-5b83b8f2ae08b5095d459ef2,asiatische-rezepte,5b83b8f2ae08b5095d459ef2,asiatisch
https://www.hellofresh.de/recipes/vegane-gemusepfanne-mit-curryreis-5f900005e879d93b495337d0,asiatische-rezepte,5f900005e879d93b495337d0,asiatisch
https://www.hellofresh.de/recipes/schweinespiesse-mit-teriyakisosse-5efdb0d1fff7c66c36680e74,asiatische-rezepte,5efdb0d1fff7c66c36680e74,asiatisch
https://www.hellofresh.de/recipes/gebratene-nudeln-mit-pak-choi-und-brokkolini-64998c5c53e7e753180d8227,asiatische-rezepte,64998c5c53e7e753180d8227,asiatisch
https://www.hellofresh.de/recipes/gemusespiesse-mit-erdnuss-satay-sosse-5c531647e3f3394c206818e2,asiatische-rezepte,5c531647e3f3394c206818e2,asiatisch
https://www.hellofresh.de/recipes/asiatisches-rindfleisch-mit-pak-choi-5ff5738c67a2982ba11614bf,asiatische-rezepte,5ff5738c67a2982ba11614bf,asiatisch
https://www.hellofresh.de/recipes/vegane-asia-bowl-mit-rost-blumenkohl-5f6d95abd5893e421c50249f,asiatische-rezepte,5f6d95abd5893e421c50249f,asiatisch
https://www.hellofresh.de/recipes/veganes-ofen-gemuse-mit-satay-sosse-60101e967717ff23785ce5d2,asiatische-rezepte,60101e967717ff23785ce5d2,asiatisch
https://www.hellofresh.de/recipes/vegane-gemusespiesse-5e2855ecb98e003ef2026d34,asiatische-rezepte,5e2855ecb98e003ef2026d34,asiatisch
https://www.hellofresh.de/recipes/pikant-feurig-marinierte-rindersteaks-5d025abbd2d35b00097bbfc2,asiatische-rezepte,5d025abbd2d35b00097bbfc2,asiatisch
https://www.hellofresh.de/recipes/asiatische-hahnchenspiesse-61af6f30e3d47d6a8f294227,asiatische-rezepte,61af6f30e3d47d6a8f294227,asiatisch
https://www.hellofresh.de/recipes/seehecht-auf-buntem-gemusecurry-5fbb980467e61e5c9b023dbf,asiatische-rezepte,5fbb980467e61e5c9b023dbf,asiatisch
https://www.hellofresh.de/recipes/lachsfilet-in-teriyakisosse-5ff573aa051ac50073420676,asiatische-rezepte,5ff573aa051ac50073420676,asiatisch
https://www.hellofresh.de/recipes/hahnchenbrust-chinakohl-pfanne-5c8ea079c445fa7dac2814c2,asiatische-rezepte,5c8ea079c445fa7dac2814c2,asiatisch
https://www.hellofresh.de/recipes/chili-nudel-topf-mit-zitronengras-5c73fca6e3f3395fc31a1452,asiatische-rezepte,5c73fca6e3f3395fc31a1452,asiatisch
https://www.hellofresh.de/recipes/sesam-hahnchen-mit-hoisin-erdnuss-sosse-60101ea361891963ab526859,asiatische-rezepte,60101ea361891963ab526859,asiatisch
https://www.hellofresh.de/recipes/gemusepfanne-mit-curryreis-5eafd8e76cdde56b033c85ed,asiatische-rezepte,5eafd8e76cdde56b033c85ed,asiatisch
https://www.hellofresh.de/recipes/sticky-sesame-chicken-auf-fried-rice-64916b7fbd8333e5bf0ea252,asiatische-rezepte,64916b7fbd8333e5bf0ea252,asiatisch
https://www.hellofresh.de/recipes/teriyaki-hahnchenpfanne-mit-pak-choi-62f675030dee7f000e06c457,asiatische-rezepte,62f675030dee7f000e06c457,asiatisch
https://www.hellofresh.de/recipes/seelachs-in-ingwer-knoblauch-marinade-5fd3880c70a27f2f255b2a62,asiatische-rezepte,5fd3880c70a27f2f255b2a62,asiatisch
https://www.hellofresh.de/recipes/bowl-mit-pulled-chicken-hoisin-style-5f994cdcd31ec3541e04fde7,asiatische-rezepte,5f994cdcd31ec3541e04fde7,asiatisch
https://www.hellofresh.de/recipes/hahnchenpfanne-suss-sauer-60cc7dcefc473e6de612b720,asiatische-rezepte,60cc7dcefc473e6de612b720,asiatisch
https://www.hellofresh.de/recipes/schweinefilet-in-pflaumensosse-5f7d89f355eb41083f7ce399,asiatische-rezepte,5f7d89f355eb41083f7ce399,asiatisch
https://www.hellofresh.de/recipes/seehechtfilet-auf-buntem-gemusecurry-5c619f95e3f3396c1b3ae492,asiatische-rezepte,5c619f95e3f3396c1b3ae492,asiatisch
https://www.hellofresh.de/recipes/vietnamesische-fleischballchen-5cf781b28b02f0000d2f2bfe,asiatische-rezepte,5cf781b28b02f0000d2f2bfe,asiatisch
https://www.hellofresh.de/recipes/hackfleischpfanne-mit-baby-pak-choi-5eeb2a60be5b9778794a5c55,asiatische-rezepte,5eeb2a60be5b9778794a5c55,asiatisch
https://www.hellofresh.de/recipes/curry-fleischballchen-5e1ee490df0dea078d2572b1,asiatische-rezepte,5e1ee490df0dea078d2572b1,asiatisch
https://www.hellofresh.de/recipes/sweet-chili-kokos-nudeln-5fbe261e002a871790683b51,asiatische-rezepte,5fbe261e002a871790683b51,asiatisch
https://www.hellofresh.de/recipes/seehecht-auf-buntem-gemusecurry-5da72987315c83484529015e,asiatische-rezepte,5da72987315c83484529015e,asiatisch
https://www.hellofresh.de/recipes/pikant-feurig-marinierte-rinderhuftsteaks-5d6fcc9e31442e00104f4d4d,asiatische-rezepte,5d6fcc9e31442e00104f4d4d,asiatisch
https://www.hellofresh.de/recipes/nasi-goreng-indonesisches-reisgericht-5c338a79e3f3392dad04d852,asiatische-rezepte,5c338a79e3f3392dad04d852,asiatisch
https://www.hellofresh.de/recipes/chili-nudel-pfanne-mit-zitronengras-5b962dfe30006c78af55cbc2,asiatische-rezepte,5b962dfe30006c78af55cbc2,asiatisch
https://www.hellofresh.de/recipes/simmentaler-steak-mit-bulgogisosse-5efdb0e04b97fb5a3606c44d,asiatische-rezepte,5efdb0e04b97fb5a3606c44d,asiatisch
https://www.hellofresh.de/recipes/schweineschnitzel-in-sesam-honig-panade-5fbb98314c88a651906567ab,asiatische-rezepte,5fbb98314c88a651906567ab,asiatisch
https://www.hellofresh.de/recipes/vegane-gemusepfanne-mit-curryreis-5e42c256ab310f0eb42cb093,asiatische-rezepte,5e42c256ab310f0eb42cb093,asiatisch
https://www.hellofresh.de/recipes/sesam-reis-mit-romanesco-and-krauterseitlingen-611a082977da08140f1f3bee,asiatische-rezepte,611a082977da08140f1f3bee,asiatisch
https://www.hellofresh.de/recipes/pikant-feurig-marinierte-rindersteaks-5db9603fa25414228131225d,asiatische-rezepte,5db9603fa25414228131225d,asiatisch
https://www.hellofresh.de/recipes/rotes-auberginen-curry-mit-sojajoghurt-602b8418ff111917c9358d17,asiatische-rezepte,602b8418ff111917c9358d17,asiatisch
https://www.hellofresh.de/recipes/lachsfilet-in-teriyakisosse-5eeb302b23fc7a32b13d0ceb,asiatische-rezepte,5eeb302b23fc7a32b13d0ceb,asiatisch
https://www.hellofresh.de/recipes/asiatische-garnelen-bowl-mit-edamame-5ec54687b5a77956db199f49,asiatische-rezepte,5ec54687b5a77956db199f49,asiatisch
https://www.hellofresh.de/recipes/banh-mi-vietnamesisches-sandwich-5c869606e3f3390998218e22,asiatische-rezepte,5c869606e3f3390998218e22,asiatisch
https://www.hellofresh.de/recipes/schweinefilet-suss-sauer-60a36ea1b42f4e2fe41bdf15,asiatische-rezepte,60a36ea1b42f4e2fe41bdf15,asiatisch
https://www.hellofresh.de/recipes/asiatisches-rindfleisch-mit-pilzen-5ed603ccbd2fad3be42a84a8,asiatische-rezepte,5ed603ccbd2fad3be42a84a8,asiatisch
https://www.hellofresh.de/recipes/vegane-bowl-mit-sesam-susskartoffel-5fbb984eb20d627eae3c3715,asiatische-rezepte,5fbb984eb20d627eae3c3715,asiatisch
https://www.hellofresh.de/recipes/seehecht-auf-buntem-gemusecurry-5e9859eb1f598c2bf628a81a,asiatische-rezepte,5e9859eb1f598c2bf628a81a,asiatisch
https://www.hellofresh.de/recipes/skandi-seehecht-in-sahne-senf-sosse-657c68385b66803087b1b171,zitrone,657c68385b66803087b1b171,zitrone
https://www.hellofresh.de/recipes/hahnchenfilet-in-honig-zitronen-marinade-63171db79f0dccda940f2b08,zitrone,63171db79f0dccda940f2b08,zitrone
https://www.hellofresh.de/recipes/skandi-seehecht-in-sahne-senf-sosse-668e6848018283f1f439babc,zitrone,668e6848018283f1f439babc,zitrone
https://www.hellofresh.de/recipes/mais-kase-fritters-mit-zitronigem-krauterdip-63171d6de7d26f2b71022462,zitrone,63171d6de7d26f2b71022462,zitrone
https://www.hellofresh.de/recipes/zartes-lachsfilet-auf-frischen-linguine-632c3d3f676229ca200361b3,zitrone,632c3d3f676229ca200361b3,zitrone
https://www.hellofresh.de/recipes/spaghetti-al-limone-zitronige-pasta-mit-brokkoli-65801855bd1df37bfc8679d6,zitrone,65801855bd1df37bfc8679d6,zitrone
https://www.hellofresh.de/recipes/skandi-seehecht-in-sahne-senf-sosse-64c872332523793f9901413b,zitrone,64c872332523793f9901413b,zitrone
https://www.hellofresh.de/recipes/paccheri-mit-pistazien-gremolata-64f5a4c771b62ce1283379c9,zitrone,64f5a4c771b62ce1283379c9,zitrone
https://www.hellofresh.de/recipes/seehecht-getoppt-mit-zitronen-thymian-panko-6514213d723522b64ef50272,zitrone,6514213d723522b64ef50272,zitrone
https://www.hellofresh.de/recipes/susskartoffelgnocchi-in-paprikasosse-mit-babyspinat-64631ac1eaf00f25c70caa32,zitrone,64631ac1eaf00f25c70caa32,zitrone
https://www.hellofresh.de/recipes/skandi-seehecht-in-sahne-senf-sosse-651151d4adeb498a752826a3,zitrone,651151d4adeb498a752826a3,zitrone
https://www.hellofresh.de/recipes/seehecht-getoppt-mit-zitronen-thymian-panko-630cb70d8a62519a790bd92d,zitrone,630cb70d8a62519a790bd92d,zitrone
https://www.hellofresh.de/recipes/seehecht-auf-krauterreis-64ad7348f203c8e701078870,zitrone,64ad7348f203c8e701078870,zitrone
https://www.hellofresh.de/recipes/griechischer-hahnchen-zitronen-eintopf-660d3cd84c86bc584f5503fd,zitrone,660d3cd84c86bc584f5503fd,zitrone
https://www.hellofresh.de/recipes/spaghetti-al-limone-zitronige-pasta-mit-brokkoli-656469005234ba85b73bdc48,zitrone,656469005234ba85b73bdc48,zitrone
https://www.hellofresh.de/recipes/skandi-seehecht-in-sahne-senf-sosse-6669cf61c2b46cc6d5535454,zitrone,6669cf61c2b46cc6d5535454,zitrone
https://www.hellofresh.de/recipes/zitronen-hahnchen-risotto-660fd6479064812f61707bda,zitrone,660fd6479064812f61707bda,zitrone
https://www.hellofresh.de/recipes/abfahrt-zitronige-frischecremepiste-65958be86b4bf2cf1c67aa4a,zitrone,65958be86b4bf2cf1c67aa4a,zitrone
https://www.hellofresh.de/recipes/griechische-hahnchen-zitronen-suppe-65859b71c6869ff77feb0ba1,zitrone,65859b71c6869ff77feb0ba1,zitrone
https://www.hellofresh.de/recipes/souflaki-bio-rinderhackballchen-bowl-671f96f4662b2e47e398c767,zitrone,671f96f4662b2e47e398c767,zitrone
https://www.hellofresh.de/recipes/zitroniges-fischfilet-aus-der-pfanne-62f675978a89bc75b1047af4,zitrone,62f675978a89bc75b1047af4,zitrone
https://www.hellofresh.de/recipes/skandi-seehecht-in-sahne-senf-sosse-64631b1b05452b69760b92e7,zitrone,64631b1b05452b69760b92e7,zitrone
https://www.hellofresh.de/recipes/garnelen-auf-spaghetti-in-frischer-sahnesosse-671f971d4251e0dbe4bdf451,zitrone,671f971d4251e0dbe4bdf451,zitrone
https://www.hellofresh.de/recipes/spaghetti-al-limone-zitronige-pasta-mit-brokkoli-65d322a4833ed7a0e818b015,zitrone,65d322a4833ed7a0e818b015,zitrone
https://www.hellofresh.de/recipes/zartes-lachsfilet-auf-frischen-linguine-63c1626b6ea2e618fe01d494,zitrone,63c1626b6ea2e618fe01d494,zitrone
https://www.hellofresh.de/recipes/zartes-lachsfilet-auf-frischen-linguine-66225a2b4a6b1c16cf0c8e41,zitrone,66225a2b4a6b1c16cf0c8e41,zitrone
https://www.hellofresh.de/recipes/hahnchenfilet-in-honig-zitronen-marinade-65952a22aa12a55eb352c419,zitrone,65952a22aa12a55eb352c419,zitrone
https://www.hellofresh.de/recipes/kurbis-risotto-mit-pinienkern-salbei-gremolata-668e6919da99f37bb7c06ddd,zitrone,668e6919da99f37bb7c06ddd,zitrone
https://www.hellofresh.de/recipes/skandi-seehecht-in-sahne-senf-sosse-661e8eac5c9ad41013c09fa8,zitrone,661e8eac5c9ad41013c09fa8,zitrone
https://www.hellofresh.de/recipes/seehecht-auf-krauterreis-634e518113532a61e80a788d,zitrone,634e518113532a61e80a788d,zitrone
https://www.hellofresh.de/recipes/skandi-seehecht-in-senf-rahm-sauce-664f48732f920ffe29e92e85,zitrone,664f48732f920ffe29e92e85,zitrone
https://www.hellofresh.de/recipes/kabeljau-in-sahne-senf-sosse-65562fa053b95b70f997b304,zitrone,65562fa053b95b70f997b304,zitrone
https://www.hellofresh.de/recipes/oster-lachs-im-krautermantel-mit-brokkoli-64e70b8e7f5bd886e7b15278,zitrone,64e70b8e7f5bd886e7b15278,zitrone
https://www.hellofresh.de/recipes/hahnchen-piccata-in-kapern-zitronen-sosse-664c637d7d59947cc3a733d4,zitrone,664c637d7d59947cc3a733d4,zitrone
https://www.hellofresh.de/recipes/seehecht-auf-krauterreis-64e8610200af9633818bb42d,zitrone,64e8610200af9633818bb42d,zitrone
https://www.hellofresh.de/recipes/cremiges-risotto-mit-zitronigen-garnelen-6419092bb1fbb322cb0fab46,zitrone,6419092bb1fbb322cb0fab46,zitrone
https://www.hellofresh.de/recipes/zitronen-knoblauch-hahnchen-671f9756662b2e47e398cc95,zitrone,671f9756662b2e47e398cc95,zitrone
https://www.hellofresh.de/recipes/seehecht-auf-krauterreis-63b6f75676d1e92c2c04bd46,zitrone,63b6f75676d1e92c2c04bd46,zitrone
https://www.hellofresh.de/recipes/dorade-auf-krauterreis-6579d189ff39caf2068d65c6,zitrone,6579d189ff39caf2068d65c6,zitrone
https://www.hellofresh.de/recipes/zartes-lachsfilet-mit-grunem-spargel-65ef195e4916f82b1a902150,zitrone,65ef195e4916f82b1a902150,zitrone
https://www.hellofresh.de/recipes/zartes-lachsfilet-auf-frischen-linguine-6360f4600926e129b30f1835,zitrone,6360f4600926e129b30f1835,zitrone
https://www.hellofresh.de/recipes/ofen-seehecht-auf-tomatenbett-6450be4d95796aec7a0094ef,zitrone,6450be4d95796aec7a0094ef,zitrone
https://www.hellofresh.de/recipes/penne-mit-thunfisch-und-sommerzucchini-664f40104e62706bac1c3b5b,zitrone,664f40104e62706bac1c3b5b,zitrone
https://www.hellofresh.de/recipes/linguine-alla-foriana-mit-zitronen-nuss-pesto-660fe2501f3d24d03a71ab78,zitrone,660fe2501f3d24d03a71ab78,zitrone
https://www.hellofresh.de/recipes/portobello-pilz-souflaki-spiesse-64e860a740ec4203972fa841,zitrone,64e860a740ec4203972fa841,zitrone
https://www.hellofresh.de/recipes/garnelen-auf-spaghetti-in-frischer-sahnesosse-664360fcdb12ba3a5e0fb668,zitrone,664360fcdb12ba3a5e0fb668,zitrone
https://www.hellofresh.de/recipes/pizzetta-mit-bbq-chicken-66fbcd1b9e82bf398e8fa618,zitrone,66fbcd1b9e82bf398e8fa618,zitrone
https://www.hellofresh.de/recipes/zitroniger-fisch-mit-kerbelsosse-66e442b686402bd101d359d1,zitrone,66e442b686402bd101d359d1,zitrone
https://www.hellofresh.de/recipes/krauterige-reispfanne-mit-seehecht-62bb04d74600c988c20fef45,zitrone,62bb04d74600c988c20fef45,zitrone
https://www.hellofresh.de/recipes/linguine-al-limone-mit-grunem-spargel-65a15409cbafa858007b0a63,zitrone,65a15409cbafa858007b0a63,zitrone
https://www.hellofresh.de/recipes/skandi-seehecht-in-sahne-senf-sosse-65ae3b632052454790628912,zitrone,65ae3b632052454790628912,zitrone
https://www.hellofresh.de/recipes/seehecht-im-ofen-gebacken-auf-tomatenbett-66436064e15adad53cab1a97,zitrone,66436064e15adad53cab1a97,zitrone
https://www.hellofresh.de/recipes/garnelen-auf-spaghetti-in-frischer-sahnesosse-670fa2ec285f0d4d63559cd8,zitrone,670fa2ec285f0d4d63559cd8,zitrone
https://www.hellofresh.de/recipes/zartes-lachsfilet-auf-frischen-linguine-6729db5008580719f8597a56,zitrone,6729db5008580719f8597a56,zitrone
https://www.hellofresh.de/recipes/zitroniger-fisch-mit-kerbelsosse-66474860db12ba3a5e0ffd53,zitrone,66474860db12ba3a5e0ffd53,zitrone
https://www.hellofresh.de/recipes/griechische-hahnchen-zitronen-suppe-653661c1e06ba991027558a2,zitrone,653661c1e06ba991027558a2,zitrone
https://www.hellofresh.de/recipes/hahnchenfilet-in-honig-zitronen-marinade-6434bfef699f321727088c1e,zitrone,6434bfef699f321727088c1e,zitrone
https://www.hellofresh.de/recipes/gnocchi-mit-ofenkurbis-und-zitronigem-krauterfrischkase-63319282c59683d31403c666,zitrone,63319282c59683d31403c666,zitrone
https://www.hellofresh.de/recipes/griechische-hahnchen-zitronen-suppe-63a02e9d7b4205c4a00bc4a4,zitrone,63a02e9d7b4205c4a00bc4a4,zitrone
https://www.hellofresh.de/recipes/griechische-hahnchen-zitronen-suppe-66b23b246e2625457a71d17b,zitrone,66b23b246e2625457a71d17b,zitrone
https://www.hellofresh.de/recipes/griechische-hahnchen-zitronen-suppe-656468a353b95b70f99912d5,zitrone,656468a353b95b70f99912d5,zitrone
https://www.hellofresh.de/recipes/ofen-kabeljau-auf-tomatenbett-654cbd8770cac64bddcaa0f3,zitrone,654cbd8770cac64bddcaa0f3,zitrone
https://www.hellofresh.de/recipes/seehecht-auf-krauterreis-656468cd5234ba85b73bd98c,zitrone,656468cd5234ba85b73bd98c,zitrone
https://www.hellofresh.de/recipes/hahnchenfilet-in-honig-zitronen-marinade-651150913e0981e84af201a3,zitrone,651150913e0981e84af201a3,zitrone
https://www.hellofresh.de/recipes/garnelen-auf-spaghetti-in-frischer-sahnesosse-661e8e6c019ddbd535c03890,zitrone,661e8e6c019ddbd535c03890,zitrone
https://www.hellofresh.de/recipes/ofen-seehecht-auf-tomatenbett-6540c2ad2fab1d7bab118aad,zitrone,6540c2ad2fab1d7bab118aad,zitrone
https://www.hellofresh.de/recipes/skandi-seehecht-in-sahne-senf-sosse-653f83b49f9fbc0b0a51e45d,zitrone,653f83b49f9fbc0b0a51e45d,zitrone
https://www.hellofresh.de/recipes/skandi-seehecht-in-sahne-senf-sosse-652d00dbc88a1f5ba6f4d267,zitrone,652d00dbc88a1f5ba6f4d267,zitrone
https://www.hellofresh.de/recipes/hahnchenfilet-in-honig-zitronen-marinade-64e8613800af9633818bb6ee,zitrone,64e8613800af9633818bb6ee,zitrone
https://www.hellofresh.de/recipes/zitronige-vegane-filetstucke-in-tomatensalat-64882017aa01ce4ac00595dc,zitrone,64882017aa01ce4ac00595dc,zitrone
https://www.hellofresh.de/recipes/hahnchenfilet-in-honig-zitronen-marinade-64bf765cfcabe3e00c02437a,zitrone,64bf765cfcabe3e00c02437a,zitrone
https://www.hellofresh.de/recipes/skandi-seehecht-in-sahne-senf-sosse-657c67dd41ffdf9a7be1a590,zitrone,657c67dd41ffdf9a7be1a590,zitrone
https://www.hellofresh.de/recipes/garnelen-auf-spaghetti-in-frischer-sahnesosse-6669cefa3acc3d3ec3368e63,zitrone,6669cefa3acc3d3ec3368e63,zitrone
https://www.hellofresh.de/recipes/skandi-seehecht-in-sahne-senf-sosse-6501d57a270f68660e1a6bff,zitrone,6501d57a270f68660e1a6bff,zitrone
https://www.hellofresh.de/recipes/seehecht-getoppt-mit-zitronen-thymian-panko-64df7fd8c64d2646a07b2dd4,zitrone,64df7fd8c64d2646a07b2dd4,zitrone
https://www.hellofresh.de/recipes/pizzetta-mit-bbq-chicken-63f33a335a58a0317402d2bb,zitrone,63f33a335a58a0317402d2bb,zitrone
https://www.hellofresh.de/recipes/zartes-lachsfilet-auf-frischen-linguine-63e9e0579da6fdcfb00e2fa7,zitrone,63e9e0579da6fdcfb00e2fa7,zitrone
https://www.hellofresh.de/recipes/skandi-seehecht-in-sahne-senf-sosse-661e8f26019ddbd535c03e80,zitrone,661e8f26019ddbd535c03e80,zitrone
https://www.hellofresh.de/recipes/grillkase-doner-mit-glasierten-zwiebel-and-karotten-647f24a01aa25542f10edfc2,zitrone,647f24a01aa25542f10edfc2,zitrone
https://www.hellofresh.de/recipes/skandi-seehecht-in-sahne-senf-sosse-63c162a6f9067b043e067cb5,zitrone,63c162a6f9067b043e067cb5,zitrone
https://www.hellofresh.de/recipes/paccheri-mit-pistazien-gremolata-65ae3a8420524547906288b2,zitrone,65ae3a8420524547906288b2,zitrone
https://www.hellofresh.de/recipes/skandi-seehecht-in-sahne-senf-sosse-653667e8e06ba99102755c42,zitrone,653667e8e06ba99102755c42,zitrone
https://www.hellofresh.de/recipes/hahnchenfilet-in-honig-zitronen-marinade-662b952e8a5cda45f8e29a8f,zitrone,662b952e8a5cda45f8e29a8f,zitrone
https://www.hellofresh.de/recipes/zartes-lachsfilet-auf-frischen-linguine-62f6755c76780e71000572d0,zitrone,62f6755c76780e71000572d0,zitrone
https://www.hellofresh.de/recipes/griechische-hahnchen-zitronen-suppe-670e22c6ed0d969de7c03911,zitrone,670e22c6ed0d969de7c03911,zitrone
https://www.hellofresh.de/recipes/zitroniger-fisch-mit-kerbelsosse-65d489bd7597174e16c0cdef,zitrone,65d489bd7597174e16c0cdef,zitrone
https://www.hellofresh.de/recipes/seehecht-getoppt-mit-zitronen-thymian-panko-6353d3492b2242050306bd45,zitrone,6353d3492b2242050306bd45,zitrone
https://www.hellofresh.de/recipes/pizzetta-mit-bbq-chicken-641908a2a06c01b97f0240ff,zitrone,641908a2a06c01b97f0240ff,zitrone
https://www.hellofresh.de/recipes/paccheri-mit-pistazien-gremolata-64631b309f9d756ac7000e2a,zitrone,64631b309f9d756ac7000e2a,zitrone
https://www.hellofresh.de/recipes/panierter-blumenkohl-mit-krauterdip-63b31c06920024eb300b3b2e,zitrone,63b31c06920024eb300b3b2e,zitrone
https://www.hellofresh.de/recipes/souflaki-bio-rinderhackballchen-bowl-671f9725662b2e47e398cabd,zitrone,671f9725662b2e47e398cabd,zitrone
https://www.hellofresh.de/recipes/pikantes-kabeljaufilet-in-harissaol-and-zitrone-6669cf1fc2b46cc6d5535121,zitrone,6669cf1fc2b46cc6d5535121,zitrone
https://www.hellofresh.de/recipes/risoni-mit-hokkaido-buschbohnen-und-pilzen-66436095db12ba3a5e0fb3bd,zitrone,66436095db12ba3a5e0fb3bd,zitrone
https://www.hellofresh.de/recipes/panierter-blumenkohl-mit-krauterdip-62bb047210a8d2a6670abd07,zitrone,62bb047210a8d2a6670abd07,zitrone
https://www.hellofresh.de/recipes/skandi-seehecht-in-sahne-senf-sosse-652821e6be675f371f8b8d80,zitrone,652821e6be675f371f8b8d80,zitrone
https://www.hellofresh.de/recipes/linguine-alla-foriana-mit-zitronen-nuss-pesto-653fbff19f9fbc0b0a51ec9b,zitrone,653fbff19f9fbc0b0a51ec9b,zitrone
https://www.hellofresh.de/recipes/garnelen-auf-spaghetti-in-frischer-sahnesosse-668e68a0da99f37bb7c06b91,zitrone,668e68a0da99f37bb7c06b91,zitrone
https://www.hellofresh.de/recipes/skandi-seehecht-in-sahne-senf-sosse-664c63428606e082f18849a1,zitrone,664c63428606e082f18849a1,zitrone
https://www.hellofresh.de/recipes/paccheri-mit-pistazien-gremolata-65e5dd901101bf672060830d,zitrone,65e5dd901101bf672060830d,zitrone
https://www.hellofresh.de/recipes/one-pot-sardischer-perlencouscous-mit-garnelen-669e7a1d65ce5ed4b1f96c62,zitrone,669e7a1d65ce5ed4b1f96c62,zitrone
https://www.hellofresh.de/recipes/garnelen-auf-spaghetti-in-frischer-sahnesosse-66ba1cf6a68bc448dd4488ba,zitrone,66ba1cf6a68bc448dd4488ba,zitrone
https://www.hellofresh.de/recipes/garnelen-auf-spaghetti-in-frischer-sahnesosse-65f867c1473c4f42771ce56b,zitrone,65f867c1473c4f42771ce56b,zitrone
https://www.hellofresh.de/recipes/seehecht-getoppt-mit-zitronen-thymian-panko-62c436a07c1f6963ea06d715,zitrone,62c436a07c1f6963ea06d715,zitrone
https://www.hellofresh.de/recipes/hahnchen-piccata-in-kapern-zitronen-sosse-66d81d9f0eb51492a4c655d7,zitrone,66d81d9f0eb51492a4c655d7,zitrone
https://www.hellofresh.de/recipes/zitronen-hahnchen-risotto-66e7ef33bba6e9d2f32b08fe,zitrone,66e7ef33bba6e9d2f32b08fe,zitrone
https://www.hellofresh.de/recipes/pikantes-zitronen-harissa-kabeljaufilet-651d259c6c05521bbf6d8ec7,zitrone,651d259c6c05521bbf6d8ec7,zitrone
https://www.hellofresh.de/recipes/hahnchenfilet-in-honig-zitronen-marinade-6360f454a8d30bce060e9c2b,zitrone,6360f454a8d30bce060e9c2b,zitrone
https://www.hellofresh.de/recipes/zitronen-knoblauch-hahnchen-671f972610bbc833b98f8c8d,zitrone,671f972610bbc833b98f8c8d,zitrone
https://www.hellofresh.de/recipes/abfahrt-zitronige-frischecremepiste-65958cddc7596f421e53e479,zitrone,65958cddc7596f421e53e479,zitrone
https://www.hellofresh.de/recipes/zartes-lachsfilet-auf-frischen-linguine-66b23b971047ce98804574ab,zitrone,66b23b971047ce98804574ab,zitrone
https://www.hellofresh.de/recipes/spaghetti-al-limone-zitronige-pasta-mit-brokkoli-6523c491be675f371f8b0598,zitrone,6523c491be675f371f8b0598,zitrone
https://www.hellofresh.de/recipes/gnocchi-mit-ofenkurbis-und-zitronigem-krauterfrischkase-63b31bdbd67255c0910dd54b,zitrone,63b31bdbd67255c0910dd54b,zitrone
https://www.hellofresh.de/recipes/penne-mit-thunfisch-und-sommerzucchini-664f3ff84e62706bac1c3b46,zitrone,664f3ff84e62706bac1c3b46,zitrone
https://www.hellofresh.de/recipes/weisses-spargelrisotto-mit-bacon-6434c00ca94b18bb5a05aea4,zitrone,6434c00ca94b18bb5a05aea4,zitrone
https://www.hellofresh.de/recipes/paccheri-mit-pistazien-gremolata-6536673116f966aee9240701,zitrone,6536673116f966aee9240701,zitrone
https://www.hellofresh.de/recipes/zitronen-knoblauch-hahnchen-671f96f5662b2e47e398c77a,zitrone,671f96f5662b2e47e398c77a,zitrone
https://www.hellofresh.de/recipes/skandi-seehecht-in-sahne-senf-sosse-6548bddb3357e0637a82dd97,zitrone,6548bddb3357e0637a82dd97,zitrone
https://www.hellofresh.de/recipes/merguez-rindsbratwurst-auf-aprikosen-harissa-kichererbsen-65afb21ab1758b5c6f892677,zitrone,65afb21ab1758b5c6f892677,zitrone
https://www.hellofresh.de/recipes/souflaki-bio-rinderhackballchen-bowl-671f9755662b2e47e398cc8c,zitrone,671f9755662b2e47e398cc8c,zitrone
https://www.hellofresh.de/recipes/zartes-lachsfilet-auf-frischen-linguine-64e860fb00af9633818bb3dc,zitrone,64e860fb00af9633818bb3dc,zitrone
https://www.hellofresh.de/recipes/rosmarin-schweinelachssteaks-mit-griechischem-salat-64e860f240ec4203972fad9b,zitrone,64e860f240ec4203972fad9b,zitrone
https://www.hellofresh.de/recipes/skandi-seehecht-in-sahne-senf-sosse-657c69645b66803087b1b1b1,zitrone,657c69645b66803087b1b1b1,zitrone
https://www.hellofresh.de/recipes/rosmarin-koteletts-mit-griechischem-salat-64bf77200f770f364c00edd9,zitrone,64bf77200f770f364c00edd9,zitrone
https://www.hellofresh.de/recipes/pikantes-kabeljaufilet-in-harissaol-and-zitrone-671f9f264251e0dbe4be030e,zitrone,671f9f264251e0dbe4be030e,zitrone
https://www.hellofresh.de/recipes/penne-destate-mit-tonno-dazu-eine-limo-6669cf17c2b46cc6d55350d0,zitrone,6669cf17c2b46cc6d55350d0,zitrone
https://www.hellofresh.de/recipes/skandi-seehecht-in-sahne-senf-sosse-668e68f8da99f37bb7c06d2c,zitrone,668e68f8da99f37bb7c06d2c,zitrone
https://www.hellofresh.de/recipes/zitronen-fischfilet-auf-spinat-spiegel-66fbcd289e82bf398e8fa64c,zitrone,66fbcd289e82bf398e8fa64c,zitrone
https://www.hellofresh.de/recipes/hahnchenfilet-in-honig-zitronen-marinade-65859b3c600988fb9c0698fb,zitrone,65859b3c600988fb9c0698fb,zitrone
https://www.hellofresh.de/recipes/riesengarnelen-mit-zitrone-auf-cremigem-risotto-6553b09f53b95b70f997673b,zitrone,6553b09f53b95b70f997673b,zitrone
https://www.hellofresh.de/recipes/zitronen-hahnchen-risotto-661e926e5c9ad41013c0a73d,zitrone,661e926e5c9ad41013c0a73d,zitrone
https://www.hellofresh.de/recipes/abfahrt-zitronige-frischecremepiste-6545202f3357e0637a82cbdd,zitrone,6545202f3357e0637a82cbdd,zitrone
https://www.hellofresh.de/recipes/lachsfilet-mit-senfkruste-675af0aae1a0368b475ffb95,zitrone,675af0aae1a0368b475ffb95,zitrone
https://www.hellofresh.de/recipes/oster-lachs-im-krautermantel-65859e20600988fb9c069d94,zitrone,65859e20600988fb9c069d94,zitrone
https://www.hellofresh.de/recipes/paccheri-mit-pistazien-gremolata-656468e953b95b70f999179f,zitrone,656468e953b95b70f999179f,zitrone
https://www.hellofresh.de/recipes/honig-harissa-aubergine-aus-dem-ofen-63a0269020414704690a5202,zitrone,63a0269020414704690a5202,zitrone
https://www.hellofresh.de/recipes/fattoush-hahnchen-brotsalat-mit-tomate-64e47839e1f123211ed568fc,zitrone,64e47839e1f123211ed568fc,zitrone
https://www.hellofresh.de/recipes/fischfilet-mit-dillmarinade-und-zitrone-67470cbafb7a3ff84744d023,zitrone,67470cbafb7a3ff84744d023,zitrone
https://www.hellofresh.de/recipes/paccheri-mit-pistazien-gremolata-66d81d52cc7423314febacb0,zitrone,66d81d52cc7423314febacb0,zitrone
https://www.hellofresh.de/recipes/hahnchenfilet-in-honig-zitronen-marinade-661e8f075c9ad41013c0a3cd,zitrone,661e8f075c9ad41013c0a3cd,zitrone
https://www.hellofresh.de/recipes/skandi-kapern-penne-mit-dill-und-zitrone-62ab3058d7b76fed540a49bf,zitrone,62ab3058d7b76fed540a49bf,zitrone
https://www.hellofresh.de/recipes/skandi-seehecht-in-sahne-senf-sosse-657c67bbff39caf2068e3c4d,zitrone,657c67bbff39caf2068e3c4d,zitrone
https://www.hellofresh.de/recipes/garnelen-auf-spaghetti-in-frischer-sahnesosse-6682a3b4aa7c4781b1a24319,zitrone,6682a3b4aa7c4781b1a24319,zitrone
https://www.hellofresh.de/recipes/susskartoffelgnocchi-in-paprikasosse-mit-babyspinat-63d8ee5afa6c4a169e0c2350,zitrone,63d8ee5afa6c4a169e0c2350,zitrone
https://www.hellofresh.de/recipes/skandi-seehecht-in-sahne-senf-sosse-65f01bd497477827aca4ab8e,zitrone,65f01bd497477827aca4ab8e,zitrone
https://www.hellofresh.de/recipes/skandi-seehecht-in-sahne-senf-sosse-65aa2f512052454790626b87,zitrone,65aa2f512052454790626b87,zitrone
https://www.hellofresh.de/recipes/garnelen-mit-zitrone-auf-cremigem-risotto-65fbf96489ba98305e89e802,zitrone,65fbf96489ba98305e89e802,zitrone
https://www.hellofresh.de/recipes/paccheri-mit-pistazien-gremolata-64df2a40614f75555c20ed46,zitrone,64df2a40614f75555c20ed46,zitrone
https://www.hellofresh.de/recipes/pizzetta-mit-bbq-chicken-66d81d78b2e781f533137c6c,zitrone,66d81d78b2e781f533137c6c,zitrone
https://www.hellofresh.de/recipes/garnelen-auf-spaghetti-in-frischer-sahnesosse-671f97654251e0dbe4bdf730,zitrone,671f97654251e0dbe4bdf730,zitrone
https://www.hellofresh.de/recipes/zitronen-hahnchen-risotto-6478a8ab0d799628a6015aa7,zitrone,6478a8ab0d799628a6015aa7,zitrone
https://www.hellofresh.de/recipes/lachsfilet-mit-karotten-ingwer-puree-64e32854a2c417189e0d8ec7,zitrone,64e32854a2c417189e0d8ec7,zitrone
https://www.hellofresh.de/recipes/hahnchen-piccata-in-kapern-zitronen-sosse-664f48924e62706bac1c3e8d,zitrone,664f48924e62706bac1c3e8d,zitrone
https://www.hellofresh.de/recipes/pikantes-kabeljaufilet-in-harissaol-and-zitrone-661e8eb05c9ad41013c09ff8,zitrone,661e8eb05c9ad41013c09ff8,zitrone
https://www.hellofresh.de/recipes/zartes-lachsfilet-auf-frischen-linguine-62cd76c00408be273b0cace7,zitrone,62cd76c00408be273b0cace7,zitrone
https://www.hellofresh.de/recipes/skandi-seehecht-in-sahne-senf-sosse-65ba5b94d1da3988cdd8fd77,zitrone,65ba5b94d1da3988cdd8fd77,zitrone
https://www.hellofresh.de/recipes/spaghetti-al-limone-zitronige-pasta-mit-brokkoli-6548f36d3357e0637a82e648,zitrone,6548f36d3357e0637a82e648,zitrone
https://www.hellofresh.de/recipes/penne-mit-thunfisch-und-sommerzucchini-664f3fe04e62706bac1c3b2e,zitrone,664f3fe04e62706bac1c3b2e,zitrone
https://www.hellofresh.de/recipes/skandi-seehecht-in-sahne-senf-sosse-664360e4db12ba3a5e0fb5ef,zitrone,664360e4db12ba3a5e0fb5ef,zitrone
https://www.hellofresh.de/recipes/wurziges-zitronen-hahnchen-mit-ofengemuse-6353d3852db506e3d606d9c2,zitrone,6353d3852db506e3d606d9c2,zitrone
https://www.hellofresh.de/recipes/zarter-lachs-mit-zitroniger-walnuss-gremolata-630cb7210b4871f953067d44,zitrone,630cb7210b4871f953067d44,zitrone
https://www.hellofresh.de/recipes/zitronen-knoblauch-hahnchen-671f978810bbc833b98f919b,zitrone,671f978810bbc833b98f919b,zitrone
https://www.hellofresh.de/recipes/skandi-seehecht-in-sahne-senf-sosse-6512b642adeb498a752852d8,zitrone,6512b642adeb498a752852d8,zitrone
https://www.hellofresh.de/recipes/paccheri-mit-pistazien-gremolata-67470cb5b1d252afb328d767,zitrone,67470cb5b1d252afb328d767,zitrone
https://www.hellofresh.de/recipes/griechischer-hahnchen-zitronen-eintopf-65d323af5d02509305953431,zitrone,65d323af5d02509305953431,zitrone
https://www.hellofresh.de/recipes/pizzetta-mit-bbq-chicken-64881f8b4378d90d7c08f749,zitrone,64881f8b4378d90d7c08f749,zitrone
https://www.hellofresh.de/recipes/griechische-hahnchen-zitronen-suppe-64e888a000af9633818bbdc4,zitrone,64e888a000af9633818bbdc4,zitrone
https://www.hellofresh.de/recipes/seehecht-auf-krauterreis-63f4713c784eb19ff5084763,zitrone,63f4713c784eb19ff5084763,zitrone
https://www.hellofresh.de/recipes/paccheri-mit-pistazien-gremolata-661e8e90a0f8bf5f811e9d59,zitrone,661e8e90a0f8bf5f811e9d59,zitrone
https://www.hellofresh.de/recipes/zitronen-knoblauch-orzo-mit-garnelen-64f7157fc09936aa866c9bc1,zitrone,64f7157fc09936aa866c9bc1,zitrone
https://www.hellofresh.de/recipes/hahnchenfilet-in-honig-zitronen-marinade-653f8123e06ba99102771c43,zitrone,653f8123e06ba99102771c43,zitrone
https://www.hellofresh.de/recipes/seehecht-getoppt-mit-zitronen-thymian-panko-6405c8681b652002970ad205,zitrone,6405c8681b652002970ad205,zitrone
https://www.hellofresh.de/recipes/quinoa-tabouleh-mit-zatar-hahnchen-65f957a06680f7ad9b79f545,zitrone,65f957a06680f7ad9b79f545,zitrone
https://www.hellofresh.de/recipes/zartes-lachsfilet-mit-grunem-spargel-6434c0098d95e3793c0cd80c,zitrone,6434c0098d95e3793c0cd80c,zitrone
https://www.hellofresh.de/recipes/golf-von-mexico-cannellini-bohnen-und-mais-salad-669f7c71180815c79327744f,zitrone,669f7c71180815c79327744f,zitrone
https://www.hellofresh.de/recipes/talfahrt-zitronige-frischecremepiste-65706f5a81cf2ace2bf77dd6,zitrone,65706f5a81cf2ace2bf77dd6,zitrone
https://www.hellofresh.de/recipes/spaghetti-al-limone-zitronige-pasta-mit-brokkoli-64e47ebe0989be803362f150,zitrone,64e47ebe0989be803362f150,zitrone
https://www.hellofresh.de/recipes/paccheri-mit-pistazien-gremolata-64b6848952711d1d6c068977,zitrone,64b6848952711d1d6c068977,zitrone
https://www.hellofresh.de/recipes/panierter-blumenkohl-mit-krauterdip-632c3d15ccf6fc20ae05131c,zitrone,632c3d15ccf6fc20ae05131c,zitrone
https://www.hellofresh.de/recipes/honig-harissa-aubergine-aus-dem-ofen-629f52f5835ec2624903390b,zitrone,629f52f5835ec2624903390b,zitrone
https://www.hellofresh.de/recipes/sardisches-perlencouscous-mit-garnelen-65b242a8a8fb57b0b41e76fd,zitrone,65b242a8a8fb57b0b41e76fd,zitrone
https://www.hellofresh.de/recipes/cremiges-risotto-mit-zitronigen-garnelen-64c8728ce53ea6dd81012bc4,zitrone,64c8728ce53ea6dd81012bc4,zitrone
https://www.hellofresh.de/recipes/skandi-seehecht-in-sahne-senf-sosse-657c6734ff39caf2068e3be4,zitrone,657c6734ff39caf2068e3be4,zitrone
https://www.hellofresh.de/recipes/souflaki-bio-rinderhackballchen-bowl-671f978810bbc833b98f9192,zitrone,671f978810bbc833b98f9192,zitrone
https://www.hellofresh.de/recipes/fischfilet-auf-zitronigem-couscous-66d81dcfcc7423314febb174,zitrone,66d81dcfcc7423314febb174,zitrone
https://www.hellofresh.de/recipes/fischfilet-auf-zitronigem-couscous-66b0c5895c3f820fac0df82f,zitrone,66b0c5895c3f820fac0df82f,zitrone
https://www.hellofresh.de/recipes/panierter-blumenkohl-mit-krauterdip-643e11dc39ad77692d0d3f9b,zitrone,643e11dc39ad77692d0d3f9b,zitrone
https://www.hellofresh.de/recipes/skandi-seehecht-in-sahne-senf-sosse-657c6807ff39caf2068e3c7d,zitrone,657c6807ff39caf2068e3c7d,zitrone
https://www.hellofresh.de/recipes/hahnchen-piccata-in-kapern-zitronen-sosse-64c8723b7d51e966770dc4d4,zitrone,64c8723b7d51e966770dc4d4,zitrone
https://www.hellofresh.de/recipes/hahnchen-piccata-in-kapern-zitronen-sosse-642148308eb16c8598056b57,zitrone,642148308eb16c8598056b57,zitrone
https://www.hellofresh.de/recipes/risotto-aus-weissem-spargel-und-bacon-65f8125c473c4f42771cceb7,zitrone,65f8125c473c4f42771cceb7,zitrone
https://www.hellofresh.de/recipes/honig-harissa-aubergine-aus-dem-ofen-62dc3f5ecd6a5a9729057d11,zitrone,62dc3f5ecd6a5a9729057d11,zitrone
https://www.hellofresh.de/recipes/skandi-seehecht-in-sahne-senf-sosse-657c6784ff39caf2068e3c23,zitrone,657c6784ff39caf2068e3c23,zitrone
https://www.hellofresh.de/recipes/pizzetta-mit-bbq-chicken-6450bdb4975140de18017987,zitrone,6450bdb4975140de18017987,zitrone
https://www.hellofresh.de/recipes/cremiges-risotto-mit-zitronigen-garnelen-646c9390b24343bf3c075edf,zitrone,646c9390b24343bf3c075edf,zitrone
https://www.hellofresh.de/recipes/cremiges-risotto-mit-zitronigen-garnelen-651185123e0981e84af20afa,zitrone,651185123e0981e84af20afa,zitrone
https://www.hellofresh.de/recipes/hahnchenfilet-in-honig-zitronen-marinade-646c933387c34ec72008c7b0,zitrone,646c933387c34ec72008c7b0,zitrone
https://www.hellofresh.de/recipes/paccheri-mit-pistazien-gremolata-64214853a97f0151750a2e14,zitrone,64214853a97f0151750a2e14,zitrone
https://www.hellofresh.de/recipes/spaghetti-al-limone-63e1b6271617bb510a0c488b,zitrone,63e1b6271617bb510a0c488b,zitrone
https://www.hellofresh.de/recipes/zartes-lachsfilet-mit-grunem-spargel-65e047bcacc901eff8e7b5b8,zitrone,65e047bcacc901eff8e7b5b8,zitrone
https://www.hellofresh.de/recipes/skandi-seehecht-in-sahne-senf-sosse-65953929aa12a55eb352c814,zitrone,65953929aa12a55eb352c814,zitrone
https://www.hellofresh.de/recipes/zatar-seehecht-64e860a800af9633818bae54,zitrone,64e860a800af9633818bae54,zitrone
https://www.hellofresh.de/recipes/zitronen-fischfilet-auf-spinat-spiegel-66fbccfd4c6de2e4afe67478,zitrone,66fbccfd4c6de2e4afe67478,zitrone
https://www.hellofresh.de/recipes/paella-reis-mit-chorizo-und-garnelen-664f486dd9c97d64003ac2eb,zitrone,664f486dd9c97d64003ac2eb,zitrone
https://www.hellofresh.de/recipes/one-pot-zitronen-hahnchen-risotto-67470ca0fb7a3ff84744ceba,zitrone,67470ca0fb7a3ff84744ceba,zitrone
https://www.hellofresh.de/recipes/hahnchen-piccata-in-kapern-zitronen-sosse-661e8e76a0f8bf5f811e9bee,zitrone,661e8e76a0f8bf5f811e9bee,zitrone
https://www.hellofresh.de/recipes/hahnchenfilet-in-honig-zitronen-marinade-63eb492cb2e4871a2f0ea2d0,zitrone,63eb492cb2e4871a2f0ea2d0,zitrone
https://www.hellofresh.de/recipes/one-pot-sardischer-perlencouscous-mit-garnelen-67484231989edba91be32d56,zitrone,67484231989edba91be32d56,zitrone
https://www.hellofresh.de/recipes/zartes-lachsfilet-auf-frischen-linguine-64ca2c0b96b62fe32d025aae,zitrone,64ca2c0b96b62fe32d025aae,zitrone
https://www.hellofresh.de/recipes/seehecht-getoppt-mit-zitronen-thymian-panko-6459e6f658af4b3bbb0ff23d,zitrone,6459e6f658af4b3bbb0ff23d,zitrone
https://www.hellofresh.de/recipes/zartes-lachsfilet-auf-frischen-linguine-639882f3785366be260252de,zitrone,639882f3785366be260252de,zitrone
https://www.hellofresh.de/recipes/risotto-aus-weissem-spargel-und-bacon-65d489aaebca12e273053831,zitrone,65d489aaebca12e273053831,zitrone
https://www.hellofresh.de/recipes/zarter-lachs-mit-zitroniger-walnuss-gremolata-62da9d3410537b515a0b291b,zitrone,62da9d3410537b515a0b291b,zitrone
https://www.hellofresh.de/recipes/honig-harissa-aubergine-aus-dem-ofen-6331c5094402b81356031ba7,zitrone,6331c5094402b81356031ba7,zitrone
https://www.hellofresh.de/recipes/kartoffel-gratin-mit-zucchini-und-champignons-63282e3dff3ca1655801d1fa,zitrone,63282e3dff3ca1655801d1fa,zitrone
https://www.hellofresh.de/recipes/zartes-lachsfilet-auf-frischen-linguine-65e1a7b9174d24a9299226fd,zitrone,65e1a7b9174d24a9299226fd,zitrone
https://www.hellofresh.de/recipes/garnelen-auf-spaghetti-in-frischer-sahnesosse-668e67ef6d9531676611a301,zitrone,668e67ef6d9531676611a301,zitrone
https://www.hellofresh.de/recipes/zitronen-fischfilet-auf-spinat-spiegel-6721187a662b2e47e399323d,zitrone,6721187a662b2e47e399323d,zitrone
https://www.hellofresh.de/recipes/zitronen-hahnchen-risotto-637c84eca5cf103db80ff4fb,zitrone,637c84eca5cf103db80ff4fb,zitrone
https://www.hellofresh.de/recipes/fischfilet-auf-zitronigem-couscous-6721187110bbc833b98fee71,zitrone,6721187110bbc833b98fee71,zitrone
https://www.hellofresh.de/recipes/skandi-seehecht-in-sahne-senf-sosse-64e72e1000af9633818b87c7,zitrone,64e72e1000af9633818b87c7,zitrone
https://www.hellofresh.de/recipes/pizzetta-mit-bbq-chicken-63d8ee60f4f0f89bd80bb2d7,zitrone,63d8ee60f4f0f89bd80bb2d7,zitrone
https://www.hellofresh.de/recipes/hahnchenfilet-in-honig-zitronen-marinade-63a02e8bb943f2c43e02d8de,zitrone,63a02e8bb943f2c43e02d8de,zitrone
https://www.hellofresh.de/recipes/garnelen-auf-spaghetti-in-frischer-sahnesosse-66389a266b5677e5d21e8524,zitrone,66389a266b5677e5d21e8524,zitrone
https://www.hellofresh.de/recipes/one-pot-sardischer-perlencouscous-mit-garnelen-66b23b75a1293bffe8e01e8e,zitrone,66b23b75a1293bffe8e01e8e,zitrone
https://www.hellofresh.de/recipes/zitronen-fischfilet-auf-spinat-spiegel-66c4582c3853f8b644ad5e71,zitrone,66c4582c3853f8b644ad5e71,zitrone
https://www.hellofresh.de/recipes/griechische-hahnchen-zitronen-suppe-67584d2c99d409f3ec8a437a,zitrone,67584d2c99d409f3ec8a437a,zitrone
https://www.hellofresh.de/recipes/zitroniger-fisch-mit-kerbelsosse-6613e3a49064812f6170abec,zitrone,6613e3a49064812f6170abec,zitrone
https://www.hellofresh.de/recipes/malaysische-laksa-mit-krossem-katsu-65b24202d1da3988cdd8611f,schnitzel,65b24202d1da3988cdd8611f,schnitzel
https://www.hellofresh.de/recipes/schnitzel-mit-ofenkartoffeln-6508198e270f68660e1ac6be,schnitzel,6508198e270f68660e1ac6be,schnitzel
https://www.hellofresh.de/recipes/portobello-schnitzel-zu-ofen-bratkartoffeln-57d8322231c0a2c4678b4568,schnitzel,57d8322231c0a2c4678b4568,schnitzel
https://www.hellofresh.de/recipes/scharfe-pasta-arrabiata-mit-italienischem-schnitzel-5ce65d2c393de700131510f6,schnitzel,5ce65d2c393de700131510f6,schnitzel
https://www.hellofresh.de/recipes/schnitzel-natur-an-champignon-creme-fraiche-sosse-54e45b016ced6e474a8b4567,schnitzel,54e45b016ced6e474a8b4567,schnitzel
https://www.hellofresh.de/recipes/schnitzel-mit-ofenkartoffeln-62305fa56710af57b83e3cf7,schnitzel,62305fa56710af57b83e3cf7,schnitzel
https://www.hellofresh.de/recipes/schnitzel-jagerart-5ec53f0d5d8b8d439048da42,schnitzel,5ec53f0d5d8b8d439048da42,schnitzel
https://www.hellofresh.de/recipes/seelachs-schnitzel-mit-gelbem-curryreis-61fa49ac7f66ba6620393d87,schnitzel,61fa49ac7f66ba6620393d87,schnitzel
https://www.hellofresh.de/recipes/schnitzel-mit-ofenkartoffeln-65b242b5a8fb57b0b41e77ce,schnitzel,65b242b5a8fb57b0b41e77ce,schnitzel
https://www.hellofresh.de/recipes/schnitzel-mit-ofenkartoffeln-5f34f5074db1164c3618a201,schnitzel,5f34f5074db1164c3618a201,schnitzel
https://www.hellofresh.de/recipes/schnitzel-mit-ofenkartoffeln-64df2a26614f75555c20ec62,schnitzel,64df2a26614f75555c20ec62,schnitzel
https://www.hellofresh.de/recipes/schnitzel-au-natural-53674cb8ff604ddab68b4567,schnitzel,53674cb8ff604ddab68b4567,schnitzel
https://www.hellofresh.de/recipes/gebratene-spatzle-mit-extra-schnitzel-5c04fcc4c445fa1a0f758412,schnitzel,5c04fcc4c445fa1a0f758412,schnitzel
https://www.hellofresh.de/recipes/schnitzel-mit-ofenkartoffeln-5fa27c67a28c2728371098fd,schnitzel,5fa27c67a28c2728371098fd,schnitzel
https://www.hellofresh.de/recipes/veganes-schnitzel-mit-pfeffersosse-612e00f04f01b330271444a3,schnitzel,612e00f04f01b330271444a3,schnitzel
https://www.hellofresh.de/recipes/laksa-mit-katsu-65532fd62d94ad532d6048ad,schnitzel,65532fd62d94ad532d6048ad,schnitzel
https://www.hellofresh.de/recipes/delikates-jager-schnitzel-52fca53b453bc0f91f8b4567,schnitzel,52fca53b453bc0f91f8b4567,schnitzel
https://www.hellofresh.de/recipes/schnitzel-natur-auf-zucchinitagliatelle-550925ba6ced6eb2028b456a,schnitzel,550925ba6ced6eb2028b456a,schnitzel
https://www.hellofresh.de/recipes/schnitzel-mit-zwiebel-pfeffer-sosse-61652adb9eec8768580dc3db,schnitzel,61652adb9eec8768580dc3db,schnitzel
https://www.hellofresh.de/recipes/schnitzel-jagerart-5f2a96632a0b3109c2085cd2,schnitzel,5f2a96632a0b3109c2085cd2,schnitzel
https://www.hellofresh.de/recipes/schnitzel-mit-zwiebel-kampot-pfeffer-sosse-63b31ba7275b65eec40fed73,schnitzel,63b31ba7275b65eec40fed73,schnitzel
https://www.hellofresh.de/recipes/schnitzel-mit-ofenkartoffeln-5fd387b84207882d4f275d4b,schnitzel,5fd387b84207882d4f275d4b,schnitzel
https://www.hellofresh.de/recipes/schnitzel-mit-ofenkartoffeln-62d69f0ec939fdc11508de11,schnitzel,62d69f0ec939fdc11508de11,schnitzel
https://www.hellofresh.de/recipes/malaysische-laksa-mit-krossem-katsu-65cf75a95d025093059501ef,schnitzel,65cf75a95d025093059501ef,schnitzel
https://www.hellofresh.de/recipes/schnitzel-wiener-art-54f82efd6ced6e83388b456d,schnitzel,54f82efd6ced6e83388b456d,schnitzel
https://www.hellofresh.de/recipes/schnitzel-mit-zwiebel-pfeffer-sosse-6023a4553b5d0c6f07440634,schnitzel,6023a4553b5d0c6f07440634,schnitzel
https://www.hellofresh.de/recipes/panko-kase-schnitzel-64e607e22d4398dd759153fd,schnitzel,64e607e22d4398dd759153fd,schnitzel
https://www.hellofresh.de/recipes/schnitzel-natur-an-senf-sahnesosse-52583f94301bbf63468b4571,schnitzel,52583f94301bbf63468b4571,schnitzel
https://www.hellofresh.de/recipes/schnitzel-mit-ofenkartoffeln-6088ef45899349084240f29d,schnitzel,6088ef45899349084240f29d,schnitzel
https://www.hellofresh.de/recipes/malaysische-laksa-mit-krossem-katsu-65cf72d152f6e2fd05cce12f,schnitzel,65cf72d152f6e2fd05cce12f,schnitzel
https://www.hellofresh.de/recipes/kohlrabi-schnitzel-a-la-mexicana-in-tortilla-chip-panade-533d76ebff604d95108b4569,schnitzel,533d76ebff604d95108b4569,schnitzel
https://www.hellofresh.de/recipes/schnitzel-jager-art-5fc66adf96b4c94cb431a202,schnitzel,5fc66adf96b4c94cb431a202,schnitzel
https://www.hellofresh.de/recipes/herzhafte-krauter-kase-spatzle-5b1f9610ae08b5421b154eb2,schnitzel,5b1f9610ae08b5421b154eb2,schnitzel
https://www.hellofresh.de/recipes/nicks-ausgefuchste-pilzpfanne-mit-schnitzel-6331c4bf6b139f536a04ee04,schnitzel,6331c4bf6b139f536a04ee04,schnitzel
https://www.hellofresh.de/recipes/knodeltaler-mit-pilzrahm-und-veganem-schnitzel-61560f5e6f2408157550c719,schnitzel,61560f5e6f2408157550c719,schnitzel
https://www.hellofresh.de/recipes/knuspriges-zitronen-parmesan-schnitzel-55dc46f079a23c2e528b4567,schnitzel,55dc46f079a23c2e528b4567,schnitzel
https://www.hellofresh.de/recipes/malaysische-laksa-mit-krossem-katsu-65cf741e5d02509305950162,schnitzel,65cf741e5d02509305950162,schnitzel
https://www.hellofresh.de/recipes/gebratene-spatzle-mit-extra-schnitzel-5d19bdbefca63a000e623d41,schnitzel,5d19bdbefca63a000e623d41,schnitzel
https://www.hellofresh.de/recipes/aubergine-art-parmigiana-mit-veganem-schnitzel-61937a0a8a2dcd5b963bfb61,schnitzel,61937a0a8a2dcd5b963bfb61,schnitzel
https://www.hellofresh.de/recipes/schnitzel-mit-zwiebel-pfeffer-sosse-60bddd0005fd87276b28781c,schnitzel,60bddd0005fd87276b28781c,schnitzel
https://www.hellofresh.de/recipes/schnitzel-mit-ofenkartoffeln-6523bf69be675f371f8b030e,schnitzel,6523bf69be675f371f8b030e,schnitzel
https://www.hellofresh.de/recipes/schnitzel-mit-ofenkartoffeln-613735c5e383062341129b9f,schnitzel,613735c5e383062341129b9f,schnitzel
https://www.hellofresh.de/recipes/panko-kase-schnitzel-mit-bacon-pilzrahm-65859e28600988fb9c069db5,schnitzel,65859e28600988fb9c069db5,schnitzel
https://www.hellofresh.de/recipes/schnitzel-mit-zwiebel-pfeffer-sosse-5e983b89dcfa5e7d9637714b,schnitzel,5e983b89dcfa5e7d9637714b,schnitzel
https://www.hellofresh.de/recipes/chases-power-schnitzel-64bf76801e8e9abaf10401da,schnitzel,64bf76801e8e9abaf10401da,schnitzel
https://www.hellofresh.de/recipes/knuspriges-schnitzel-in-krauterpanade-5b7bd64330006c489b530272,schnitzel,5b7bd64330006c489b530272,schnitzel
https://www.hellofresh.de/recipes/kabeljaufilet-and-bacon-auf-strozzapreti-65d385db833ed7a0e818c585,meeresfruechte-rezepte,65d385db833ed7a0e818c585,meeresfruecht
https://www.hellofresh.de/recipes/kabeljau-in-spinat-sahne-sosse-aus-dem-ofen-656dc0ed02bcfeab655614e0,meeresfruechte-rezepte,656dc0ed02bcfeab655614e0,meeresfruecht
https://www.hellofresh.de/recipes/jamaican-shrimp-curry-gelbes-curry-6530ddfb8732f93fdb155356,meeresfruechte-rezepte,6530ddfb8732f93fdb155356,meeresfruecht
https://www.hellofresh.de/recipes/rosmarin-senf-seelachs-auf-schnittlauch-stampf-662114485c9ad41013c0ef39,meeresfruechte-rezepte,662114485c9ad41013c0ef39,meeresfruecht
https://www.hellofresh.de/recipes/kari-ikan-indonesisches-curry-mit-sambal-tomaten-65fc48b509492af87e814e06,meeresfruechte-rezepte,65fc48b509492af87e814e06,meeresfruecht
https://www.hellofresh.de/recipes/gerosteter-lachs-und-gruner-spargel-65b24272d1da3988cdd86606,meeresfruechte-rezepte,65b24272d1da3988cdd86606,meeresfruecht
https://www.hellofresh.de/recipes/japanische-bowl-mit-seelachs-auf-reis-65afaf72b1758b5c6f89262f,meeresfruechte-rezepte,65afaf72b1758b5c6f89262f,meeresfruecht
https://www.hellofresh.de/recipes/dorade-mit-mandel-panko-kruste-65d7330f2fd93ee7e59f1e57,meeresfruechte-rezepte,65d7330f2fd93ee7e59f1e57,meeresfruecht
https://www.hellofresh.de/recipes/zatar-garnelen-auf-couscous-668e6fdf018283f1f439bfe1,meeresfruechte-rezepte,668e6fdf018283f1f439bfe1,meeresfruecht
https://www.hellofresh.de/recipes/linguine-mit-rosmarin-riesengarnelen-65d36f095d02509305954465,meeresfruechte-rezepte,65d36f095d02509305954465,meeresfruecht
https://www.hellofresh.de/recipes/riesengarnelen-mit-sesam-und-teriyakigemuse-6580711e59e9d368332e5718,meeresfruechte-rezepte,6580711e59e9d368332e5718,meeresfruecht
https://www.hellofresh.de/recipes/tomatige-creole-garnelen-drillinge-pfanne-669f7bbb44e4fbb9d2131976,meeresfruechte-rezepte,669f7bbb44e4fbb9d2131976,meeresfruecht
https://www.hellofresh.de/recipes/seehecht-in-spinat-sahne-sosse-aus-dem-ofen-659529f66b4bf2cf1c679476,meeresfruechte-rezepte,659529f66b4bf2cf1c679476,meeresfruecht
https://www.hellofresh.de/recipes/fur-den-grill-bratwurst-gemusespiesse-53c3f27eff604d31528b4568,grillrezepte,53c3f27eff604d31528b4568,grillrezepte
https://www.hellofresh.de/recipes/tokyo-grill-smoky-spareribs-mit-teriyaki-glasur-65d7344a2fd93ee7e59f1e6a,grillrezepte,65d7344a2fd93ee7e59f1e6a,grillrezepte
https://www.hellofresh.de/recipes/tokyo-grill-smoky-ribs-mit-teriyaki-glaze-6641d1dce15adad53caafcaa,grillrezepte,6641d1dce15adad53caafcaa,grillrezepte
https://www.hellofresh.de/recipes/tokyo-grill-smoky-ribs-mit-teriyaki-glaze-663896f11a88dd466abaae30,grillrezepte,663896f11a88dd466abaae30,grillrezepte
https://www.hellofresh.de/recipes/grillen-auf-griechisch-hirtenkase-schiffchen-661e9280a0f8bf5f811ea679,grillrezepte,661e9280a0f8bf5f811ea679,grillrezepte
https://www.hellofresh.de/recipes/grillen-auf-griechisch-hirtenkase-schiffchen-661e8ee2a0f8bf5f811ea09a,grillrezepte,661e8ee2a0f8bf5f811ea09a,grillrezepte
https://www.hellofresh.de/recipes/grillen-auf-griechisch-hirtenkase-schiffchen-65d4847eebca12e273052f1b,grillrezepte,65d4847eebca12e273052f1b,grillrezepte
https://www.hellofresh.de/recipes/fur-den-grill-schweinelachs-gemusespiesse-in-herzhafter-glasur-53849aaaff604d5b058b4567,grillrezepte,53849aaaff604d5b058b4567,grillrezepte
https://www.hellofresh.de/recipes/seelachs-sandwich-mit-sriracha-mayo-61a61effcb14b816ff430d3e,grillrezepte,61a61effcb14b816ff430d3e,grillrezepte
https://www.hellofresh.de/recipes/mediterranes-grill-gemuse-555c7c1df8b25e44618b4567,grillrezepte,555c7c1df8b25e44618b4567,grillrezepte
https://www.hellofresh.de/recipes/tokyo-grill-smoky-ribs-mit-teriyaki-glaze-661e9218019ddbd535c03f71,grillrezepte,661e9218019ddbd535c03f71,grillrezepte
https://www.hellofresh.de/recipes/grillen-auf-griechisch-hirtenkase-schiffchen-661e920c019ddbd535c03f54,grillrezepte,661e920c019ddbd535c03f54,grillrezepte
https://www.hellofresh.de/recipes/frischer-fruhlingseintopf-mit-hahnchen-and-porree-61e6b85aa502a9105b79b697,kurbis,61e6b85aa502a9105b79b697,kurbis
https://www.hellofresh.de/recipes/vier-jahreszeiten-eintopf-mit-hahnchen-and-porree-66cc75c602090b0cfbd2a8b5,kurbis,66cc75c602090b0cfbd2a8b5,kurbis
https://www.hellofresh.de/recipes/cremige-meerrettich-frischkase-spaghetti-55dc488ffd2cb998138b4567,kurbis,55dc488ffd2cb998138b4567,kurbis
https://www.hellofresh.de/recipes/flammkuchen-mit-bacon-und-honig-5de910d27d5a5e50392f53c8,kurbis,5de910d27d5a5e50392f53c8,kurbis
https://www.hellofresh.de/recipes/hahncheneintopf-mit-lauch-60101f235894a873790407cc,kurbis,60101f235894a873790407cc,kurbis
https://www.hellofresh.de/recipes/kurbis-hahnchen-curry-mit-chilireis-5f49274aec86412b8d7f7541,kurbis,5f49274aec86412b8d7f7541,kurbis
https://www.hellofresh.de/recipes/warmer-kartoffelsalat-mit-babyspinat-5e219834596a250dd9553cc4,kurbis,5e219834596a250dd9553cc4,kurbis
https://www.hellofresh.de/recipes/conchiglie-mit-baby-grunkohl-5fb3fa571ae688758b43e6eb,kurbis,5fb3fa571ae688758b43e6eb,kurbis
https://www.hellofresh.de/recipes/gnocchi-mit-ofenkurbis-und-krautercreme-66cde2b3b7155363791e6850,kurbis,66cde2b3b7155363791e6850,kurbis
https://www.hellofresh.de/recipes/kurbisgnocchi-in-paprikasosse-5a329198043c3c64c53692d2,kurbis,5a329198043c3c64c53692d2,kurbis
https://www.hellofresh.de/recipes/cremige-petersilienwurzel-porree-suppe-5f6d95a7401f35009929ba24,kurbis,5f6d95a7401f35009929ba24,kurbis
https://www.hellofresh.de/recipes/flammkuchen-mit-bacon-und-honig-5eeb225a98a71a1db154eb6a,kurbis,5eeb225a98a71a1db154eb6a,kurbis
https://www.hellofresh.de/recipes/saftiges-rindersteak-mit-hokkaido-kurbis-55cb73e34dab71ae0d8b4567,kurbis,55cb73e34dab71ae0d8b4567,kurbis
https://www.hellofresh.de/recipes/kurbis-risotto-mit-gebackenen-hokkaidowurfeln-64df2a78614f75555c20ef71,kurbis,64df2a78614f75555c20ef71,kurbis
https://www.hellofresh.de/recipes/rheinischer-karotten-rinderhack-eintopf-64e71dfd7f5bd886e7b15463,kurbis,64e71dfd7f5bd886e7b15463,kurbis
https://www.hellofresh.de/recipes/knuspriger-kohlrabi-porree-flammkuchen-5c45d10de3f3394c1829f962,kurbis,5c45d10de3f3394c1829f962,kurbis
https://www.hellofresh.de/recipes/flammkuchen-mit-porree-und-mozzarella-6268eeba63a4f8624d0ec721,kurbis,6268eeba63a4f8624d0ec721,kurbis
https://www.hellofresh.de/recipes/rheinischer-karotten-rinderhack-eintopf-6613e4f4c415e87791187d99,kurbis,6613e4f4c415e87791187d99,kurbis
https://www.hellofresh.de/recipes/vier-jahreszeiten-eintopf-mit-hahnchen-and-porree-640ff15b0e23d828360b3759,kurbis,640ff15b0e23d828360b3759,kurbis
https://www.hellofresh.de/recipes/risoni-mit-hokkaido-buschbohnen-und-pilzen-63b31c57fe9f30317208f999,kurbis,63b31c57fe9f30317208f999,kurbis
https://www.hellofresh.de/recipes/kurbis-couscous-mit-gebratenem-halloumi-57e1505416a866565b8b4568,kurbis,57e1505416a866565b8b4568,kurbis
https://www.hellofresh.de/recipes/flammkuchen-mit-landschinken-5fd9d2b4d33c623a63344e4d,kurbis,5fd9d2b4d33c623a63344e4d,kurbis
https://www.hellofresh.de/recipes/panierte-putenbrust-mit-kurbis-sesam-pfanne-564207b2fd2cb9093c8b4567,kurbis,564207b2fd2cb9093c8b4567,kurbis
https://www.hellofresh.de/recipes/ricotta-tortellini-in-paprika-tomaten-suppe-659529f9aa12a55eb352c22c,kurbis,659529f9aa12a55eb352c22c,kurbis
https://www.hellofresh.de/recipes/kurbis-curry-quiche-5bcde36eae08b555df765782,kurbis,5bcde36eae08b555df765782,kurbis
https://www.hellofresh.de/recipes/vier-jahreszeiten-eintopf-mit-hahnchen-and-porree-66fbcc999e82bf398e8fa1a2,kurbis,66fbcc999e82bf398e8fa1a2,kurbis
https://www.hellofresh.de/recipes/wurziges-ofen-harissa-hahnchen-59688baa31310068d62b1c62,kurbis,59688baa31310068d62b1c62,kurbis
https://www.hellofresh.de/recipes/exotischer-avocado-salat-mit-griechischen-orzo-nudeln-577f66d513e9d61e118b4568,kurbis,577f66d513e9d61e118b4568,kurbis
https://www.hellofresh.de/recipes/uberbackene-brokkoli-schweinemedaillons-5bc48314ae08b53245468ef2,kurbis,5bc48314ae08b53245468ef2,kurbis
https://www.hellofresh.de/recipes/brathendl-mit-ofenkartoffeln-5c6ad0a7c445fa1ef9601f12,kurbis,5c6ad0a7c445fa1ef9601f12,kurbis
https://www.hellofresh.de/recipes/uberbackene-brokkoli-schweinemedaillons-57ebe873a7c72a3eaa3327d2,kurbis,57ebe873a7c72a3eaa3327d2,kurbis
https://www.hellofresh.de/recipes/herzhaft-trifft-suss-penne-mit-birnen-555c79ee4dab7163138b4567,kurbis,555c79ee4dab7163138b4567,kurbis
https://www.hellofresh.de/recipes/leckere-kurbis-gnocchi-in-zitroniger-paprika-ricotta-sosse-55e6df79fd2cb92c428b4567,kurbis,55e6df79fd2cb92c428b4567,kurbis
https://www.hellofresh.de/recipes/cremige-petersilienwurzel-porree-suppe-6006e5a31d87e40a43550d9c,kurbis,6006e5a31d87e40a43550d9c,kurbis
https://www.hellofresh.de/recipes/rheinischer-karotten-rinderhack-eintopf-664c63827d59947cc3a733f5,kurbis,664c63827d59947cc3a733f5,kurbis
https://www.hellofresh.de/recipes/kartoffelsalat-mit-babyspinat-5da8809e7b329658fd520151,kurbis,5da8809e7b329658fd520151,kurbis
https://www.hellofresh.de/recipes/kokos-curry-mit-lilareis-66b23b271047ce9880456e61,kurbis,66b23b271047ce9880456e61,kurbis
https://www.hellofresh.de/recipes/kurbisgnocchi-in-paprikasosse-5af0690030006c34b268f222,kurbis,5af0690030006c34b268f222,kurbis
https://www.hellofresh.de/recipes/ricotta-tortellini-in-paprika-tomaten-suppe-6564689853b95b70f9991217,kurbis,6564689853b95b70f9991217,kurbis
https://www.hellofresh.de/recipes/vier-jahreszeiten-eintopf-mit-hahnchen-and-porree-66b23b0c1047ce9880456cb5,kurbis,66b23b0c1047ce9880456cb5,kurbis
https://www.hellofresh.de/recipes/panzanella-winterlicher-kurbis-brot-salat-64e0063fe1f123211ed529b8,kurbis,64e0063fe1f123211ed529b8,kurbis
https://www.hellofresh.de/recipes/panierter-ziegenkase-auf-linsensalat-5ed603d7bd2fad3be42a84ac,kurbis,5ed603d7bd2fad3be42a84ac,kurbis
https://www.hellofresh.de/recipes/schweinemedaillons-mit-topping-59c4bcf1a5ed1942b738bca2,kurbis,59c4bcf1a5ed1942b738bca2,kurbis
https://www.hellofresh.de/recipes/riesen-rosti-pizza-mit-hirtenkase-598d770d51d3f141bd2187f2,kurbis,598d770d51d3f141bd2187f2,kurbis
https://www.hellofresh.de/recipes/paprika-champignon-galette-5f80458c53c3e854b773fb43,kurbis,5f80458c53c3e854b773fb43,kurbis
https://www.hellofresh.de/recipes/tacos-mit-kurbis-ofengemuse-und-chorizo-5d80b1cdfc443d1f12003140,kurbis,5d80b1cdfc443d1f12003140,kurbis
https://www.hellofresh.de/recipes/hahnchenbrust-mit-pesto-gemuse-und-kurbis-613f125705aa780ad317c08f,kurbis,613f125705aa780ad317c08f,kurbis
https://www.hellofresh.de/recipes/vier-jahreszeiten-eintopf-mit-hahnchen-and-porree-65451dee3357e0637a82cb77,kurbis,65451dee3357e0637a82cb77,kurbis
https://www.hellofresh.de/recipes/warmender-hahncheneintopf-mit-porree-619cc3410245d76e110854a4,kurbis,619cc3410245d76e110854a4,kurbis
https://www.hellofresh.de/recipes/flammkuchen-mit-porree-und-mozzarella-6006e5ca1ec6de00c5529b61,kurbis,6006e5ca1ec6de00c5529b61,kurbis
https://www.hellofresh.de/recipes/vier-jahreszeiten-eintopf-mit-hahnchen-and-porree-66d81d370eb51492a4c6517d,kurbis,66d81d370eb51492a4c6517d,kurbis
https://www.hellofresh.de/recipes/flammkuchen-mit-bacon-und-honig-6088ef2a7c3dea0b6d456910,kurbis,6088ef2a7c3dea0b6d456910,kurbis
https://www.hellofresh.de/recipes/porreerisotto-mit-karamellisiertem-kurbis-5a587c67043c3c7daa4de1a2,kurbis,5a587c67043c3c7daa4de1a2,kurbis
https://www.hellofresh.de/recipes/mit-apfel-couscous-gefullter-kurbis-58218cea5ca153468d42df62,kurbis,58218cea5ca153468d42df62,kurbis
https://www.hellofresh.de/recipes/paccheri-mit-paprikasosse-und-kurbiskernen-6215f50426affc043e76f4d2,kurbis,6215f50426affc043e76f4d2,kurbis
https://www.hellofresh.de/recipes/herbstlich-cremige-petersilienwurzel-porree-suppe-57bc196292eec91b6b8b4568,kurbis,57bc196292eec91b6b8b4568,kurbis
https://www.hellofresh.de/recipes/cremiges-kurbis-dessert-5b7d406630006c6ba17231c2,kurbis,5b7d406630006c6ba17231c2,kurbis
https://www.hellofresh.de/recipes/porreerisotto-mit-karamellisiertem-kurbis-59ba3b7e2c9e864bf6488f22,kurbis,59ba3b7e2c9e864bf6488f22,kurbis
https://www.hellofresh.de/recipes/flammkuchen-mit-porree-und-mozzarella-610d4d3a66653831646e3a9d,kurbis,610d4d3a66653831646e3a9d,kurbis
https://www.hellofresh.de/recipes/rheinischer-karotten-rinderhack-eintopf-65dc6181ed8dba6400938c06,kurbis,65dc6181ed8dba6400938c06,kurbis
https://www.hellofresh.de/recipes/kartoffel-pilz-auflauf-mit-schinken-5f4927823c53f175500af669,kurbis,5f4927823c53f175500af669,kurbis
https://www.hellofresh.de/recipes/winterlicher-kurbis-linsen-salat-mit-ziegenkase-61a61f3afa6cc304f57a05b0,kurbis,61a61f3afa6cc304f57a05b0,kurbis
https://www.hellofresh.de/recipes/rote-beete-salat-mit-ziegenkase-und-bacon-5f1aa4a04d40ed4dad1ffba9,kurbis,5f1aa4a04d40ed4dad1ffba9,kurbis
https://www.hellofresh.de/recipes/brathendl-mit-ofenkartoffeln-5d10e80345c193000d474c62,kurbis,5d10e80345c193000d474c62,kurbis
https://www.hellofresh.de/recipes/kurbis-risotto-mit-gebackenen-hokkaidowurfeln-61a61f5ccce0ad2e220b5877,kurbis,61a61f5ccce0ad2e220b5877,kurbis
https://www.hellofresh.de/recipes/gnocchi-mit-ofenkurbis-und-krauter-frischecreme-668e6813018283f1f439b9f9,kurbis,668e6813018283f1f439b9f9,kurbis
https://www.hellofresh.de/recipes/gefullte-kurbishalften-mit-cremiger-tahini-sosse-619cc32982c0bc54cb1d6822,kurbis,619cc32982c0bc54cb1d6822,kurbis
https://www.hellofresh.de/recipes/hahncheneintopf-mit-lauch-60ed9c5229ba6754ad4e8ce4,kurbis,60ed9c5229ba6754ad4e8ce4,kurbis
https://www.hellofresh.de/recipes/flammkuchen-mit-landschinken-5ebbfe656d163260d802c6a7,kurbis,5ebbfe656d163260d802c6a7,kurbis
https://www.hellofresh.de/recipes/herbstliche-kurbis-tacos-mit-kidneybohnen-55eda966f8b25e41518b4567,kurbis,55eda966f8b25e41518b4567,kurbis
https://www.hellofresh.de/recipes/tacos-mit-kurbis-ofengemuse-und-chorizo-61560f44c508c27e2d72c04d,kurbis,61560f44c508c27e2d72c04d,kurbis
https://www.hellofresh.de/recipes/warmer-kartoffelsalat-mit-mozzarella-62ab30974bbdf0937b07e1d2,kurbis,62ab30974bbdf0937b07e1d2,kurbis
https://www.hellofresh.de/recipes/tacos-mit-kurbis-ofengemuse-und-chorizo-6353d2f5adfecb3fe9093282,kurbis,6353d2f5adfecb3fe9093282,kurbis
https://www.hellofresh.de/recipes/warmer-kartoffelsalat-mit-mozzarella-62285ec160237f771f7c7849,kurbis,62285ec160237f771f7c7849,kurbis
https://www.hellofresh.de/recipes/cremige-susskartoffelsuppe-58904c7d9f236a723377d5c2,kurbis,58904c7d9f236a723377d5c2,kurbis
https://www.hellofresh.de/recipes/vier-jahreszeiten-eintopf-mit-hahnchen-and-porree-66d81d880eb51492a4c6549b,kurbis,66d81d880eb51492a4c6549b,kurbis
https://www.hellofresh.de/recipes/gnocchi-mit-kurbis-und-extra-doradenfilet-61652acec5cad11cf52c3543,kurbis,61652acec5cad11cf52c3543,kurbis
https://www.hellofresh.de/recipes/knuspriger-kohlrabi-porree-flammkuchen-5cee45a9d18456000d6930fc,kurbis,5cee45a9d18456000d6930fc,kurbis
https://www.hellofresh.de/recipes/hahnchenbrust-mit-pesto-gemuse-und-kurbis-5fa27caa063ee0358f174930,kurbis,5fa27caa063ee0358f174930,kurbis
https://www.hellofresh.de/recipes/flammkuchen-mit-bacon-und-honig-5e66620076cb1f5e760147fc,kurbis,5e66620076cb1f5e760147fc,kurbis
https://www.hellofresh.de/recipes/kurbis-honig-flammkuchen-mit-bacon-5f514b386326fd07cd2fd0a2,kurbis,5f514b386326fd07cd2fd0a2,kurbis
https://www.hellofresh.de/recipes/pasta-primavera-mit-kaiserschoten-618a3e3f999d9a65ba238085,kurbis,618a3e3f999d9a65ba238085,kurbis
https://www.hellofresh.de/recipes/flammkuchen-mit-porree-und-mozzarella-609a9c6d8860c731ff62c86b,kurbis,609a9c6d8860c731ff62c86b,kurbis
https://www.hellofresh.de/recipes/winterliche-enchiladas-59fb3af7c94eac6e5d4eb192,kurbis,59fb3af7c94eac6e5d4eb192,kurbis
https://www.hellofresh.de/recipes/warmer-kartoffelsalat-mit-mozzarella-babyspinat-und-kurbiskernol-6512b139adeb498a752851fd,kurbis,6512b139adeb498a752851fd,kurbis
https://www.hellofresh.de/recipes/kurbis-con-carne-mit-limettendip-5f5e06e769451e11ba077cde,kurbis,5f5e06e769451e11ba077cde,kurbis
https://www.hellofresh.de/recipes/warmer-kartoffelsalat-mit-babyspinat-5a86abc630006c07c0152d92,kurbis,5a86abc630006c07c0152d92,kurbis
https://www.hellofresh.de/recipes/vier-jahreszeiten-eintopf-mit-hahnchen-and-porree-64df2a8cedeb8104eac90c37,kurbis,64df2a8cedeb8104eac90c37,kurbis
https://www.hellofresh.de/recipes/kartoffelsalat-mit-mozzarella-and-kirschtomaten-66753f39011c8aeaadadd13e,kurbis,66753f39011c8aeaadadd13e,kurbis
https://www.hellofresh.de/recipes/warmer-kartoffelsalat-mit-mozzarella-and-kirschtomaten-661ce9b95c9ad41013c0599b,kurbis,661ce9b95c9ad41013c0599b,kurbis
https://www.hellofresh.de/recipes/gnocchi-mit-barlauch-kurbiskern-pesto-5e567f862b6a4433505c1a1b,kurbis,5e567f862b6a4433505c1a1b,kurbis
https://www.hellofresh.de/recipes/kurbis-gnocchi-58a2c50d4f78db038d5b34d4,kurbis,58a2c50d4f78db038d5b34d4,kurbis
https://www.hellofresh.de/recipes/gebackener-kurbis-auf-grunkohlbett-mit-ciabatta-chips-57b2cfaa77d68daa0c8b4568,kurbis,57b2cfaa77d68daa0c8b4568,kurbis
https://www.hellofresh.de/recipes/karamellisierter-ziegenkase-auf-linsensalat-5bfbf0c9c445fa4e44722a82,kurbis,5bfbf0c9c445fa4e44722a82,kurbis
https://www.hellofresh.de/recipes/karotten-ingwer-suppchen-5273e0a6301bbfe12e8b457d,kurbis,5273e0a6301bbfe12e8b457d,kurbis
https://www.hellofresh.de/recipes/fusilli-bucatini-kurbis-pasta-52581eb9301bbf62468b456f,kurbis,52581eb9301bbf62468b456f,kurbis
https://www.hellofresh.de/recipes/vier-jahreszeiten-eintopf-mit-hahnchen-and-porree-65084359270f68660e1acca0,kurbis,65084359270f68660e1acca0,kurbis
https://www.hellofresh.de/recipes/herbstlicher-eintopf-mit-hahnchen-und-porree-632c3d79c8771d72c2031ca5,kurbis,632c3d79c8771d72c2031ca5,kurbis
https://www.hellofresh.de/recipes/heilbutt-im-kokosmantel-mit-mango-kurbis-salat-62f674f9de18121c05086d23,kurbis,62f674f9de18121c05086d23,kurbis
https://www.hellofresh.de/recipes/schweinefilet-mit-leckerem-kurbiskern-sultaninen-topping-57b2c94f77d68d73098b4568,kurbis,57b2c94f77d68d73098b4568,kurbis
https://www.hellofresh.de/recipes/kokos-curry-mit-lila-reis-6645aba6c72b4f891e545b5b,kurbis,6645aba6c72b4f891e545b5b,kurbis
https://www.hellofresh.de/recipes/zucchini-polenta-puffer-mit-kurbis-wintersalat-6331c50412183545bb0dabd1,kurbis,6331c50412183545bb0dabd1,kurbis
https://www.hellofresh.de/recipes/frische-paccheri-in-piri-piri-paprikasosse-65f40735086e015a835895ac,kurbis,65f40735086e015a835895ac,kurbis
https://www.hellofresh.de/recipes/flammkuchen-mit-bacon-und-honig-61b8dcc1edf2a405d4153218,kurbis,61b8dcc1edf2a405d4153218,kurbis
https://www.hellofresh.de/recipes/libanesische-kurbis-fladenbrot-wraps-525bc77e301bbfd64d8b4577,kurbis,525bc77e301bbfd64d8b4577,kurbis
https://www.hellofresh.de/recipes/schnelles-schinken-kase-gratin-mit-conchiglie-606c3c79607abf525816b353,kurbis,606c3c79607abf525816b353,kurbis
https://www.hellofresh.de/recipes/warmer-kartoffelsalat-mit-mozzarella-60a36e7b294a830c2e4eed58,kurbis,60a36e7b294a830c2e4eed58,kurbis
https://www.hellofresh.de/recipes/flammkuchen-mit-bacon-und-honig-5d08bb491bb27a0015509036,kurbis,5d08bb491bb27a0015509036,kurbis
https://www.hellofresh.de/recipes/knuspriger-kohlrabi-porree-flammkuchen-5be988fc30006c6cc2106682,kurbis,5be988fc30006c6cc2106682,kurbis
https://www.hellofresh.de/recipes/flammkuchen-mit-lila-kohlrabi-598c765f0534682ad761d122,kurbis,598c765f0534682ad761d122,kurbis
https://www.hellofresh.de/recipes/schinken-kase-gratin-mit-conchiglie-5fa27cc378e1f53d626c377a,kurbis,5fa27cc378e1f53d626c377a,kurbis
https://www.hellofresh.de/recipes/malaysische-laksa-nudelsuppe-mit-ofen-kurbis-55f91a94f8b25ee70a8b4569,kurbis,55f91a94f8b25ee70a8b4569,kurbis
https://www.hellofresh.de/recipes/gnocchi-mit-zweierlei-kurbis-5d5bfdabccbddc000f24d0d7,kurbis,5d5bfdabccbddc000f24d0d7,kurbis
https://www.hellofresh.de/recipes/rheinischer-karotten-rinderhack-eintopf-63a026d46abc8fe2a20d5c61,kurbis,63a026d46abc8fe2a20d5c61,kurbis
https://www.hellofresh.de/recipes/hahncheneintopf-mit-lauch-606c3c6bee79bd729d2690bd,kurbis,606c3c6bee79bd729d2690bd,kurbis
https://www.hellofresh.de/recipes/cremige-petersilienwurzel-porree-suppe-5a86a3f6ae08b504d24cd592,kurbis,5a86a3f6ae08b504d24cd592,kurbis
https://www.hellofresh.de/recipes/mit-kurbis-gefullte-gnocchi-5b8e4c1330006c504d43fa22,kurbis,5b8e4c1330006c504d43fa22,kurbis
https://www.hellofresh.de/recipes/warmer-kartoffelsalat-mit-babyspinat-5e1edf4441fed159a05a2186,kurbis,5e1edf4441fed159a05a2186,kurbis
https://www.hellofresh.de/recipes/harissa-hahnchen-mit-kurbis-kichererbsen-gemuse-5b601f24ae08b50cbb795682,kurbis,5b601f24ae08b50cbb795682,kurbis
https://www.hellofresh.de/recipes/hahnchenbrust-auf-ricotta-spinat-tortelli-61560f58df540a71a44a22a1,kurbis,61560f58df540a71a44a22a1,kurbis
https://www.hellofresh.de/recipes/rheinischer-karotten-rinderhack-eintopf-664f48952f920ffe29e93070,kurbis,664f48952f920ffe29e93070,kurbis
https://www.hellofresh.de/recipes/warmer-kartoffelsalat-mit-babyspinat-5d6027f87aa3c200155d10c4,kurbis,5d6027f87aa3c200155d10c4,kurbis
https://www.hellofresh.de/recipes/gnocchi-mit-gebackenem-kurbis-und-salbei-5f476df7d04ebe2f866ff046,kurbis,5f476df7d04ebe2f866ff046,kurbis
https://www.hellofresh.de/recipes/rheinischer-karotten-rinderhack-eintopf-6446bdae31df20910408131d,kurbis,6446bdae31df20910408131d,kurbis
https://www.hellofresh.de/recipes/hahncheneintopf-mit-lauch-5f3e33ad42bdbf19312003c2,kurbis,5f3e33ad42bdbf19312003c2,kurbis
https://www.hellofresh.de/recipes/kurbis-chili-con-carne-5d791acea82f5000147f2264,kurbis,5d791acea82f5000147f2264,kurbis
https://www.hellofresh.de/recipes/rheinischer-karotten-rinderhack-eintopf-65200f10188676f47c1b243e,kurbis,65200f10188676f47c1b243e,kurbis
https://www.hellofresh.de/recipes/rote-beete-salat-mit-ziegenkase-und-bacon-5fbe2620e1b4d457a04f5822,kurbis,5fbe2620e1b4d457a04f5822,kurbis
https://www.hellofresh.de/recipes/flammkuchen-mit-porree-5955fbf4043c3c7e6d0de1a2,kurbis,5955fbf4043c3c7e6d0de1a2,kurbis
https://www.hellofresh.de/recipes/rosenkohl-kartoffel-gratin-66ebfebc58baf82d2a963ad6,kurbis,66ebfebc58baf82d2a963ad6,kurbis
https://www.hellofresh.de/recipes/kurbis-riz-casimir-5874e47cb32fbe77337001a2,kurbis,5874e47cb32fbe77337001a2,kurbis
https://www.hellofresh.de/recipes/warmer-orzo-salad-mit-kurbis-zwiebel-gemuse-63734eb2dba8f48e180cbf32,kurbis,63734eb2dba8f48e180cbf32,kurbis
https://www.hellofresh.de/recipes/kurbis-gnocchi-5614ffcd79a23cd3708b4567,kurbis,5614ffcd79a23cd3708b4567,kurbis
https://www.hellofresh.de/recipes/knuspriger-kohlrabi-porree-flammkuchen-5ecf98aa21ad0c48fa4201a2,kurbis,5ecf98aa21ad0c48fa4201a2,kurbis
https://www.hellofresh.de/recipes/wurziges-ofen-harissa-hahnchen-5b601e0cae08b50bd75617a2,kurbis,5b601e0cae08b50bd75617a2,kurbis
https://www.hellofresh.de/recipes/klassisch-italienisch-gefullte-gemuse-cannelloni-56951e9ef8b25e7c1e8b4567,kurbis,56951e9ef8b25e7c1e8b4567,kurbis
https://www.hellofresh.de/recipes/flammkuchen-mit-bacon-und-honig-5fdca98eb2069f58f40fc83b,kurbis,5fdca98eb2069f58f40fc83b,kurbis
https://www.hellofresh.de/recipes/warmer-kartoffelsalat-mit-mozzarella-6360f446b071869a5407f48b,kurbis,6360f446b071869a5407f48b,kurbis
https://www.hellofresh.de/recipes/hahncheneintopf-mit-lauch-61508ab456cb000ec553d5fa,kurbis,61508ab456cb000ec553d5fa,kurbis
https://www.hellofresh.de/recipes/karotten-ingwer-suppchen-52b44fe6453bc0862e8b4567,kurbis,52b44fe6453bc0862e8b4567,kurbis
https://www.hellofresh.de/recipes/knusprige-hahnchenfilets-58ac4d644f78db425d6a2a03,kurbis,58ac4d644f78db425d6a2a03,kurbis
https://www.hellofresh.de/recipes/kurbisgnocchi-in-paprikasosse-59846345a2882a485f0ff042,kurbis,59846345a2882a485f0ff042,kurbis
https://www.hellofresh.de/recipes/knuspriger-kohlrabi-porree-flammkuchen-5b685d60ae08b51769671de2,kurbis,5b685d60ae08b51769671de2,kurbis
https://www.hellofresh.de/recipes/frische-tagliatelle-mit-kurbis-alfredo-sosse-5c0e6529c445fa60331be0a1,kurbis,5c0e6529c445fa60331be0a1,kurbis
https://www.hellofresh.de/recipes/pasta-primavera-mit-fruhlingskrautern-606c3c67ffc40e1de00858f3,kurbis,606c3c67ffc40e1de00858f3,kurbis
https://www.hellofresh.de/recipes/kurbisgnocchi-in-paprikasosse-5b56fbe730006c4f5d78a3d2,kurbis,5b56fbe730006c4f5d78a3d2,kurbis
https://www.hellofresh.de/recipes/warmer-kartoffelsalat-mit-mozzarella-619cc2e39aff4c1ea6540a92,kurbis,619cc2e39aff4c1ea6540a92,kurbis
https://www.hellofresh.de/recipes/frischer-fruhlingseintopf-mit-hahnchen-62540a4dd275b13d314c9280,kurbis,62540a4dd275b13d314c9280,kurbis
https://www.hellofresh.de/recipes/kurbis-risotto-mit-gebackenen-hokkaidowurfeln-65081a2e53d80a0362112f46,kurbis,65081a2e53d80a0362112f46,kurbis
https://www.hellofresh.de/recipes/vier-jahreszeiten-eintopf-mit-hahnchen-and-porree-63cfb26f001e6f62300aaa6f,kurbis,63cfb26f001e6f62300aaa6f,kurbis
https://www.hellofresh.de/recipes/schnelles-schweinefilet-mit-rotkohl-66b23b7f6e2625457a71d51f,kurbis,66b23b7f6e2625457a71d51f,kurbis
https://www.hellofresh.de/recipes/tacos-mit-kurbis-ofengemuse-und-chorizo-5f8fffab56671358d02ca24e,kurbis,5f8fffab56671358d02ca24e,kurbis
https://www.hellofresh.de/recipes/cremige-petersilienwurzel-porree-suppe-599eac9f043c3c4c653dad82,kurbis,599eac9f043c3c4c653dad82,kurbis
https://www.hellofresh.de/recipes/rheinischer-karotten-rinderhack-eintopf-656468ea5234ba85b73bdaf5,kurbis,656468ea5234ba85b73bdaf5,kurbis
https://www.hellofresh.de/recipes/cremige-petersilienwurzel-porree-suppe-54db20926ced6e541f8b456a,kurbis,54db20926ced6e541f8b456a,kurbis
https://www.hellofresh.de/recipes/mini-maultaschen-in-kase-sahne-sosse-5fdca9bee5f86961606f8b9e,kurbis,5fdca9bee5f86961606f8b9e,kurbis
https://www.hellofresh.de/recipes/kurbis-mit-camembert-aus-dem-backofen-57cdae4bb5793f135f8b4568,kurbis,57cdae4bb5793f135f8b4568,kurbis
https://www.hellofresh.de/recipes/kartoffelsalat-mit-mozzarella-and-kirschtomaten-66544b82d7e2204fdd096372,kurbis,66544b82d7e2204fdd096372,kurbis
https://www.hellofresh.de/recipes/warmer-kartoffelsalat-mit-mozzarella-63171da0a165b8434302bce9,kurbis,63171da0a165b8434302bce9,kurbis
https://www.hellofresh.de/recipes/kurbis-honig-flammkuchen-mit-bacon-616e9b9d4436344771118686,kurbis,616e9b9d4436344771118686,kurbis
https://www.hellofresh.de/recipes/rheinischer-karotten-rinderhack-eintopf-65a5094ea4190de83372bb97,kurbis,65a5094ea4190de83372bb97,kurbis
https://www.hellofresh.de/recipes/wurziges-ofen-harissa-hahnchen-5bcddefdae08b5516a298802,kurbis,5bcddefdae08b5516a298802,kurbis
https://www.hellofresh.de/recipes/knuspriger-kohlrabi-porree-flammkuchen-5a04595105346874527ced72,kurbis,5a04595105346874527ced72,kurbis
https://www.hellofresh.de/recipes/flammkuchen-mit-porree-schmand-boden-537cbdf1ff604dd3b68b456b,kurbis,537cbdf1ff604dd3b68b456b,kurbis
https://www.hellofresh.de/recipes/vier-jahreszeiten-eintopf-mit-hahnchen-and-porree-6540c184e06ba9910277deb5,kurbis,6540c184e06ba9910277deb5,kurbis
https://www.hellofresh.de/recipes/warmer-orzo-salat-mit-kurbis-zwiebel-gemuse-64e006440989be803362a7c7,kurbis,64e006440989be803362a7c7,kurbis
https://www.hellofresh.de/recipes/uberbackene-maultaschen-mit-grunkohl-5fa27ccb3c32005545467203,kurbis,5fa27ccb3c32005545467203,kurbis
https://www.hellofresh.de/recipes/flammkuchen-mit-bacon-und-honig-5f6a06f321ae103d300ed8ff,kurbis,5f6a06f321ae103d300ed8ff,kurbis
https://www.hellofresh.de/recipes/orzo-risotto-mit-im-ofen-geschmortem-kurbis-540dce7eff604d28ad8b4569,kurbis,540dce7eff604d28ad8b4569,kurbis
https://www.hellofresh.de/recipes/veganes-piri-piri-filet-nach-lachs-art-67a3285b82a752c97e7adfc5,vegetarische-rezepte,67a3285b82a752c97e7adfc5,vegetarisch
https://www.hellofresh.de/recipes/bowl-mit-miso-aubergine-avocado-und-brokkoli-67c089179d75dd14bb52c37d,vegetarische-rezepte,67c089179d75dd14bb52c37d,vegetarisch
https://www.hellofresh.de/recipes/brokkoli-kartoffel-suppe-mit-pinienkernen-671f970c662b2e47e398c962,vegetarische-rezepte,671f970c662b2e47e398c962,vegetarisch
https://www.hellofresh.de/recipes/dino-safari-im-bohnen-dschungel-67c089619d75dd14bb52c651,vegetarische-rezepte,67c089619d75dd14bb52c651,vegetarisch
https://www.hellofresh.de/recipes/orientalische-kichererbsen-suppe-58aee1ff043c3c03051206f3,vegetarische-rezepte,58aee1ff043c3c03051206f3,vegetarisch
https://www.hellofresh.de/recipes/green-goddess-salad-mit-avocado-67c089129d75dd14bb52c36b,vegetarische-rezepte,67c089129d75dd14bb52c36b,vegetarisch
https://www.hellofresh.de/recipes/pad-kra-pao-thai-wok-mit-basilikum-tofu-678a781100ea0a08f0b22b77,vegetarische-rezepte,678a781100ea0a08f0b22b77,vegetarisch
https://www.hellofresh.de/recipes/vegan-sabich-harissa-auberginen-sandwich-678a789800ea0a08f0b23152,vegetarische-rezepte,678a789800ea0a08f0b23152,vegetarisch
https://www.hellofresh.de/recipes/korean-glazed-potatoes-678a78759160da204f3465d6,vegetarische-rezepte,678a78759160da204f3465d6,vegetarisch
https://www.hellofresh.de/recipes/thai-erdnuss-curry-mit-krossem-chili-tofu-678a786900ea0a08f0b22f8a,vegetarische-rezepte,678a786900ea0a08f0b22f8a,vegetarisch
https://www.hellofresh.de/recipes/vegane-bowl-mit-sesam-susskartoffel-678a786b00ea0a08f0b22f9c,vegetarische-rezepte,678a786b00ea0a08f0b22f9c,vegetarisch
https://www.hellofresh.de/recipes/pasta-verdure-mit-kalamata-oliven-67a0884eb0a139f959223a88,vegetarische-rezepte,67a0884eb0a139f959223a88,vegetarisch
https://www.hellofresh.de/recipes/scharfe-curry-kokos-suppe-574d55f5fd2cb9f6368b4567,vegetarische-rezepte,574d55f5fd2cb9f6368b4567,vegetarisch
https://www.hellofresh.de/recipes/gerostete-paprika-suppe-67470dcffb7a3ff84744d35f,vegetarische-rezepte,67470dcffb7a3ff84744d35f,vegetarisch
https://www.hellofresh.de/recipes/spicy-sticky-tofu-mit-brokkoli-6797985d5fbdb4aa73bc7e09,vegetarische-rezepte,6797985d5fbdb4aa73bc7e09,vegetarisch
https://www.hellofresh.de/recipes/spicy-sticky-tofu-mit-brokkoli-6772656967cf697e9b61fe82,vegetarische-rezepte,6772656967cf697e9b61fe82,vegetarisch
https://www.hellofresh.de/recipes/indische-kichererbsen-kokos-suppe-677265b40200888b9f0f8a5c,vegetarische-rezepte,677265b40200888b9f0f8a5c,vegetarisch
https://www.hellofresh.de/recipes/glasnudelpfanne-mit-crispy-sweet-chili-tofu-67c088ee9d75dd14bb52c202,vegetarische-rezepte,67c088ee9d75dd14bb52c202,vegetarisch
https://www.hellofresh.de/recipes/beyond-meat-burger-mit-onion-rings-and-tomate-678a788f7767bb70db19186a,vegetarische-rezepte,678a788f7767bb70db19186a,vegetarisch
https://www.hellofresh.de/recipes/scharfer-sriracha-blumenkohl-mit-dalsosse-677e5ccd119b1cbfa3efac12,vegetarische-rezepte,677e5ccd119b1cbfa3efac12,vegetarisch
https://www.hellofresh.de/recipes/brokkoli-kartoffel-suppe-mit-pinienkernen-677265e067cf697e9b62039f,vegetarische-rezepte,677265e067cf697e9b62039f,vegetarisch
https://www.hellofresh.de/recipes/sweet-chili-bowl-mit-glasierter-aubergine-678a783c7767bb70db1914c9,vegetarische-rezepte,678a783c7767bb70db1914c9,vegetarisch
https://www.hellofresh.de/recipes/vegane-filetstucke-mit-rosmarin-drillingen-679759005fbdb4aa73bc763b,vegetarische-rezepte,679759005fbdb4aa73bc763b,vegetarisch
https://www.hellofresh.de/recipes/beyond-meat-mumbai-burger-mit-mango-chutney-67c0894a6c214d706c770678,vegetarische-rezepte,67c0894a6c214d706c770678,vegetarisch
https://www.hellofresh.de/recipes/japanische-sakura-bowl-mit-pinkem-reis-677265a00200888b9f0f89a9,vegetarische-rezepte,677265a00200888b9f0f89a9,vegetarisch
https://www.hellofresh.de/recipes/veganes-gemuse-kokos-curry-678a78ac7767bb70db1919d0,vegetarische-rezepte,678a78ac7767bb70db1919d0,vegetarisch
https://www.hellofresh.de/recipes/plant-based-poke-bowl-mit-portobello-and-avocado-678a78739160da204f3465a0,vegetarische-rezepte,678a78739160da204f3465a0,vegetarisch
https://www.hellofresh.de/recipes/vegane-asia-bowl-mit-rost-blumenkohl-677265dec7ac6d5384863996,vegetarische-rezepte,677265dec7ac6d5384863996,vegetarisch
https://www.hellofresh.de/recipes/vegane-gnocchi-in-spinat-tomaten-sosse-678a78a27767bb70db19192e,vegetarische-rezepte,678a78a27767bb70db19192e,vegetarisch
https://www.hellofresh.de/recipes/schupfnudel-salat-mit-knoblauch-zucchini-67470decb1d252afb328dc40,vegane-rezepte,67470decb1d252afb328dc40,vegan
https://www.hellofresh.de/recipes/glasnudelpfanne-mit-crispy-sweet-chili-tofu-677265c70200888b9f0f8b10,vegane-rezepte,677265c70200888b9f0f8b10,vegan
https://www.hellofresh.de/recipes/veganes-gemuse-kokos-curry-67470dd9fb7a3ff84744d413,vegane-rezepte,67470dd9fb7a3ff84744d413,vegan
https://www.hellofresh.de/recipes/udonnudeln-in-miso-erdnuss-sosse-mit-brokkoli-67470ddd989edba91be3173b,vegane-rezepte,67470ddd989edba91be3173b,vegan
https://www.hellofresh.de/recipes/beyond-burger-bowl-mit-harissa-kartoffel-chips-678a782800ea0a08f0b22c7f,vegane-rezepte,678a782800ea0a08f0b22c7f,vegan
https://www.hellofresh.de/recipes/souflaki-rauchertofu-mit-kartoffelsalat-6772659fc7ac6d5384863645,vegane-rezepte,6772659fc7ac6d5384863645,vegan
https://www.hellofresh.de/recipes/vegane-asia-bowl-mit-rost-blumenkohl-67470e5bb1d252afb328ddbd,vegane-rezepte,67470e5bb1d252afb328ddbd,vegan
https://www.hellofresh.de/recipes/udonnudeln-in-miso-erdnuss-sosse-mit-brokkoli-67470c9cb1d252afb328d626,vegane-rezepte,67470c9cb1d252afb328d626,vegan
https://www.hellofresh.de/recipes/veganes-dal-makhani-pikantes-bohnen-curry-67726567c7ac6d538486345f,vegane-rezepte,67726567c7ac6d538486345f,vegan
https://www.hellofresh.de/recipes/stir-fry-pfannengemuse-mit-erdnuss-chili-sosse-6746e9b7b1d252afb328d126,vegane-rezepte,6746e9b7b1d252afb328d126,vegan
https://www.hellofresh.de/recipes/stir-fry-pfannengemuse-mit-erdnuss-chili-sosse-677265e367cf697e9b6203e7,vegane-rezepte,677265e367cf697e9b6203e7,vegan
https://www.hellofresh.de/recipes/schupfnudel-salat-mit-knoblauch-zucchini-678a785c9160da204f346438,vegane-rezepte,678a785c9160da204f346438,vegan
https://www.hellofresh.de/recipes/beyond-meat-burger-mit-feigen-zwiebel-relish-678a78619160da204f346453,vegane-rezepte,678a78619160da204f346453,vegan
https://www.hellofresh.de/recipes/jamaikanisches-curry-mit-veganen-filetstucken-677266010200888b9f0f8cd9,vegane-rezepte,677266010200888b9f0f8cd9,vegan
https://www.hellofresh.de/recipes/stir-fry-pfannengemuse-mit-erdnuss-chili-sosse-67470caafb7a3ff84744cf39,vegane-rezepte,67470caafb7a3ff84744cf39,vegan
https://www.hellofresh.de/recipes/thai-erdnuss-curry-mit-krossem-chili-tofu-6772655967cf697e9b61fd82,vegane-rezepte,6772655967cf697e9b61fd82,vegan
https://www.hellofresh.de/recipes/veganes-dal-makhani-pikantes-bohnen-curry-678a78599160da204f346401,vegane-rezepte,678a78599160da204f346401,vegan
https://www.hellofresh.de/recipes/bbq-tacos-mit-veganem-pulled-6772659467cf697e9b620034,vegane-rezepte,6772659467cf697e9b620034,vegan
https://www.hellofresh.de/recipes/glasnudeln-in-miso-erdnuss-sosse-mit-brokkoli-67235e289ba7c0b27f46a2eb,vegane-rezepte,67235e289ba7c0b27f46a2eb,vegan
https://www.hellofresh.de/recipes/vegane-gnocchi-in-spinat-tomaten-sosse-67726584c7ac6d538486357f,vegane-rezepte,67726584c7ac6d538486357f,vegan
https://www.hellofresh.de/recipes/one-pot-thai-curry-risotto-6772656ac7ac6d5384863495,vegane-rezepte,6772656ac7ac6d5384863495,vegan
https://www.hellofresh.de/recipes/grillkase-mit-honig-walnussen-und-beete-salat-631b5b71b032954631001e6a,low-carb-rezepte,631b5b71b032954631001e6a,low-carb-rezepte
https://www.hellofresh.de/recipes/aromatischer-gemuse-eintopf-mit-bulgogi-hack-671f972f10bbc833b98f8ce7,low-carb-rezepte,671f972f10bbc833b98f8ce7,low-carb-rezepte
https://www.hellofresh.de/recipes/gratinierte-paprika-mit-linsen-gouda-fullung-62cd76b357fa7a705e07b690,low-carb-rezepte,62cd76b357fa7a705e07b690,low-carb-rezepte
https://www.hellofresh.de/recipes/gigantes-plaki-riesenbohnen-mit-grillkase-62f675365bcd319bf5011c04,low-carb-rezepte,62f675365bcd319bf5011c04,low-carb-rezepte
https://www.hellofresh.de/recipes/grillkase-mit-honig-walnussen-und-beete-salat-62dc3f6ea8002833850549b8,low-carb-rezepte,62dc3f6ea8002833850549b8,low-carb-rezepte
https://www.hellofresh.de/recipes/hahnchenbrust-auf-balsamico-linsen-salat-6797983889d6104200fdd26a,low-carb-rezepte,6797983889d6104200fdd26a,low-carb-rezepte
https://www.hellofresh.de/recipes/hahnchen-piccata-in-kapern-zitronen-sosse-6772658d67cf697e9b61ffec,low-carb-rezepte,6772658d67cf697e9b61ffec,low-carb-rezepte
https://www.hellofresh.de/recipes/aromatischer-gemuse-eintopf-mit-bulgogi-hack-677265a867cf697e9b620134,low-carb-rezepte,677265a867cf697e9b620134,low-carb-rezepte
https://www.hellofresh.de/recipes/grillkase-mit-honig-walnussen-und-beete-salat-63734eab46d517544007160c,low-carb-rezepte,63734eab46d517544007160c,low-carb-rezepte
https://www.hellofresh.de/recipes/halloumi-bowl-mit-rost-kichererbsen-and-avocado-62da9d284615402fc604e299,low-carb-rezepte,62da9d284615402fc604e299,low-carb-rezepte
https://www.hellofresh.de/recipes/krauter-grillkase-mit-butterbohnenpuree-62bb048efc6b45564f0b8f63,low-carb-rezepte,62bb048efc6b45564f0b8f63,low-carb-rezepte
https://www.hellofresh.de/recipes/gefullte-hahnchenbrust-mit-hirtenkase-677f96beea4876edd83b3640,low-carb-rezepte,677f96beea4876edd83b3640,low-carb-rezepte
https://www.hellofresh.de/recipes/caesar-salad-mit-fischfilet-6790c166a76fdc80e3948e74,low-carb-rezepte,6790c166a76fdc80e3948e74,low-carb-rezepte
https://www.hellofresh.de/recipes/quesadillas-mit-kasiger-rinderhackfleischfullung-671f96e810bbc833b98f88ba,low-carb-rezepte,671f96e810bbc833b98f88ba,low-carb-rezepte
https://www.hellofresh.de/recipes/grillkase-bowl-mit-rost-kichererbsen-and-avocado-63282e7c75f861414d0d0695,low-carb-rezepte,63282e7c75f861414d0d0695,low-carb-rezepte
https://www.hellofresh.de/recipes/seehecht-in-spinat-sahne-sosse-aus-dem-ofen-6772658cc7ac6d53848635d0,low-carb-rezepte,6772658cc7ac6d53848635d0,low-carb-rezepte
https://www.hellofresh.de/recipes/gyros-deluxe-67da93ef7aed69c9540c85de,low-carb-rezepte,67da93ef7aed69c9540c85de,low-carb-rezepte
https://www.hellofresh.de/recipes/pizza-party-mit-otto-dem-oktopus-661fbf39a0f8bf5f811ecf01,pizza,661fbf39a0f8bf5f811ecf01,pizza
https://www.hellofresh.de/recipes/salsiccia-pizza-mit-burrata-and-rucola-64e861124e40d5c6cb1a5a1f,pizza,64e861124e40d5c6cb1a5a1f,pizza
https://www.hellofresh.de/recipes/pizza-quattro-formaggi-mit-karamellisierter-birne-64e8611700af9633818bb50d,pizza,64e8611700af9633818bb50d,pizza
https://www.hellofresh.de/recipes/hirtenkase-pizza-mit-paprika-und-spinat-61e6b8485422295e2861915b,pizza,61e6b8485422295e2861915b,pizza
https://www.hellofresh.de/recipes/fladenbrot-pizza-bianca-mit-porree-und-pilzen-625409c43f595e30b615bfff,pizza,625409c43f595e30b615bfff,pizza
https://www.hellofresh.de/recipes/pizza-diavolo-mit-bacon-und-paprika-63b6f75cad61d2da7e012789,pizza,63b6f75cad61d2da7e012789,pizza
https://www.hellofresh.de/recipes/katalanische-rigatoni-romesco-mit-kalamata-oliven-6360f47dca8d2fbf91035f4e,spanische-rezepte,6360f47dca8d2fbf91035f4e,spanisch
https://www.hellofresh.de/recipes/fladenbrotpizza-mit-chorizo-und-apfelscheiben-661e8f1f019ddbd535c03e07,spanische-rezepte,661e8f1f019ddbd535c03e07,spanisch
https://www.hellofresh.de/recipes/warmer-kartoffelsalat-mit-mozzarella-und-kurbiskernol-64ca2be87878e638620652b7,spanische-rezepte,64ca2be87878e638620652b7,spanisch
https://www.hellofresh.de/recipes/paella-spanischer-reis-mit-chorizo-und-garnelen-61c8bea44cb75a75d81267a5,spanische-rezepte,61c8bea44cb75a75d81267a5,spanisch
https://www.hellofresh.de/recipes/patatas-bravas-spanische-backkartoffeln-65d489276c4f223989875bb1,spanische-rezepte,65d489276c4f223989875bb1,spanisch
https://www.hellofresh.de/recipes/bunt-gemischte-gemuse-paella-559be4fdfd2cb9c5328b4568,spanische-rezepte,559be4fdfd2cb9c5328b4568,spanisch
https://www.hellofresh.de/recipes/paella-spanischer-reis-mit-chorizo-und-garnelen-65451dd7210a8fb22c33df0a,spanische-rezepte,65451dd7210a8fb22c33df0a,spanisch
https://www.hellofresh.de/recipes/schweinefilet-mit-tomatiger-bohnenpfanne-5fab9cd89af9e30821771e55,spanische-rezepte,5fab9cd89af9e30821771e55,spanisch
https://www.hellofresh.de/recipes/spanischer-flammkuchen-mit-chorizo-6540c12f9f9fbc0b0a52937f,spanische-rezepte,6540c12f9f9fbc0b0a52937f,spanisch
https://www.hellofresh.de/recipes/tapas-platte-mit-selbst-gemachter-mojo-rojo-63eb491f0acde539d1013af4,spanische-rezepte,63eb491f0acde539d1013af4,spanisch
https://www.hellofresh.de/recipes/warmer-kartoffelsalat-mit-mozzarella-und-tomaten-65d489b67597174e16c0cd53,spanische-rezepte,65d489b67597174e16c0cd53,spanisch
https://www.hellofresh.de/recipes/schneller-serrano-wrap-574d5156fd2cb91b328b4567,spanische-rezepte,574d5156fd2cb91b328b4567,spanisch
https://www.hellofresh.de/recipes/pollo-al-limon-zitrushahnchen-mit-meersalz-5ddfcfbdaf1627221b6eb13a,spanische-rezepte,5ddfcfbdaf1627221b6eb13a,spanisch
https://www.hellofresh.de/recipes/schweinefilet-mit-buntem-ofengemuse-605cf1e23a04f12b4c50e840,spanische-rezepte,605cf1e23a04f12b4c50e840,spanisch
https://www.hellofresh.de/recipes/fladenbrotpizza-mit-chorizo-und-apfelscheiben-65dc6166ed8dba6400938be8,spanische-rezepte,65dc6166ed8dba6400938be8,spanisch
https://www.hellofresh.de/recipes/risotto-mit-safran-5a606135a1e1ea1da1295922,spanische-rezepte,5a606135a1e1ea1da1295922,spanisch
https://www.hellofresh.de/recipes/veganes-hahnchen-mit-patatas-bravas-and-gerosteter-aubergine-6569bbec2db9273db6a3ca7c,spanische-rezepte,6569bbec2db9273db6a3ca7c,spanisch
https://www.hellofresh.de/recipes/paella-spanischer-reis-mit-chorizo-und-garnelen-6421485752f692fc3608a53f,spanische-rezepte,6421485752f692fc3608a53f,spanisch
https://www.hellofresh.de/recipes/hahnchen-zucchini-couscous-65953641aa12a55eb352c79b,spanische-rezepte,65953641aa12a55eb352c79b,spanisch
https://www.hellofresh.de/recipes/patatas-bravas-spanische-backkartoffeln-5ae058c9ae08b5443a052a32,spanische-rezepte,5ae058c9ae08b5443a052a32,spanisch
https://www.hellofresh.de/recipes/tapas-platte-mit-selbst-gemachter-mojo-rojo-6540c1579f9fbc0b0a5295b9,spanische-rezepte,6540c1579f9fbc0b0a5295b9,spanisch
https://www.hellofresh.de/recipes/spanischer-flammkuchen-mit-chorizo-64ad734c12826c25880e66c3,spanische-rezepte,64ad734c12826c25880e66c3,spanisch
https://www.hellofresh.de/recipes/hahnchen-zucchini-couscous-661e8e735c9ad41013c09e10,spanische-rezepte,661e8e735c9ad41013c09e10,spanisch
https://www.hellofresh.de/recipes/kartoffelsalat-mit-gerauchertem-hahnchen-5d5e59ad4da29b000d6b971d,spanische-rezepte,5d5e59ad4da29b000d6b971d,spanisch
https://www.hellofresh.de/recipes/patatas-bravas-spanische-backkartoffeln-652cff106720825b47fd7fc7,spanische-rezepte,652cff106720825b47fd7fc7,spanisch
https://www.hellofresh.de/recipes/spanische-tapas-58c66d73171c586cb0479a72,spanische-rezepte,58c66d73171c586cb0479a72,spanisch
https://www.hellofresh.de/recipes/patatas-bravas-spanische-backkartoffeln-646c933d0c5be71356018858,spanische-rezepte,646c933d0c5be71356018858,spanisch
https://www.hellofresh.de/recipes/tapas-platte-mit-selbst-gemachter-mojo-rojo-61b896646dc21532ab2b98a0,spanische-rezepte,61b896646dc21532ab2b98a0,spanisch
https://www.hellofresh.de/recipes/paella-spanischer-reis-mit-chorizo-und-garnelen-618a3e43172d15156731a32d,spanische-rezepte,618a3e43172d15156731a32d,spanisch
https://www.hellofresh.de/recipes/spanisher-flammkuchen-mit-chorizo-and-pimientos-60b66a6d7aff8f4bf643348e,spanische-rezepte,60b66a6d7aff8f4bf643348e,spanisch
https://www.hellofresh.de/recipes/patatas-bravas-spanische-backkartoffeln-5f07013f2ed97334eb75c195,spanische-rezepte,5f07013f2ed97334eb75c195,spanisch
https://www.hellofresh.de/recipes/pasta-diavolo-feurige-strozzapreti-66d81d57b2e781f533137ac3,spanische-rezepte,66d81d57b2e781f533137ac3,spanisch
https://www.hellofresh.de/recipes/pasta-diavolo-feurige-strozzapreti-62bb043fd5d044cafa04652f,spanische-rezepte,62bb043fd5d044cafa04652f,spanisch
https://www.hellofresh.de/recipes/spanischer-hahnchenburger-60522e1b1d78e81370707001,spanische-rezepte,60522e1b1d78e81370707001,spanisch
https://www.hellofresh.de/recipes/patatas-bravas-spanische-backkartoffeln-6434bff62d7df5d2790077ba,spanische-rezepte,6434bff62d7df5d2790077ba,spanisch
https://www.hellofresh.de/recipes/patatas-bravas-spanische-backkartoffeln-60b66a3b6eef3e32af184db7,spanische-rezepte,60b66a3b6eef3e32af184db7,spanisch
https://www.hellofresh.de/recipes/fladenbrotpizza-mit-chorizo-und-apfelscheiben-656468c253b95b70f9991551,spanische-rezepte,656468c253b95b70f9991551,spanisch
https://www.hellofresh.de/recipes/gazelles-spanische-superstar-paella-6360f40c7e8dbc861a0eeec4,spanische-rezepte,6360f40c7e8dbc861a0eeec4,spanisch
https://www.hellofresh.de/recipes/fladenbrotpizza-mit-chorizo-und-apfelscheiben-65859b43600988fb9c069978,spanische-rezepte,65859b43600988fb9c069978,spanisch
https://www.hellofresh.de/recipes/spanischer-flammkuchen-mit-chorizo-62c436d9b1c82960f104fe7c,spanische-rezepte,62c436d9b1c82960f104fe7c,spanisch
https://www.hellofresh.de/recipes/warmer-kartoffelsalat-mit-mozzarella-und-kurbiskernol-dazu-babyspinat-kirschtomaten-und-kurbiskerne-64916bdc6502e4b377062196,spanische-rezepte,64916bdc6502e4b377062196,spanisch
https://www.hellofresh.de/recipes/spanischer-hahnchenburger-5e98425069fb271b04098401,spanische-rezepte,5e98425069fb271b04098401,spanisch
https://www.hellofresh.de/recipes/the-vegetarian-butcher-chick-eria-filet-668bf87d65ae7b0dd911322c,spanische-rezepte,668bf87d65ae7b0dd911322c,spanisch
https://www.hellofresh.de/recipes/pan-con-tomate-mit-ziegenfrischkasetaler-62bb0400db5136734e05f1b3,spanische-rezepte,62bb0400db5136734e05f1b3,spanisch
https://www.hellofresh.de/recipes/piri-piri-perlcouscous-mit-pimientos-and-hirtenkase-6500837a32e9107c6db8e4c7,spanische-rezepte,6500837a32e9107c6db8e4c7,spanisch
https://www.hellofresh.de/recipes/paella-spanischer-reis-mit-chorizo-und-garnelen-65200f0fbe675f371f8ad2e4,spanische-rezepte,65200f0fbe675f371f8ad2e4,spanisch
https://www.hellofresh.de/recipes/verduras-al-horno-ofengemuse-mit-wurzmandeln-60a36eca39fd86557b3aca65,spanische-rezepte,60a36eca39fd86557b3aca65,spanisch
https://www.hellofresh.de/recipes/patatas-bravas-mit-extra-steakstreifen-5d11d0f4e713ea00172c446d,spanische-rezepte,5d11d0f4e713ea00172c446d,spanisch
https://www.hellofresh.de/recipes/pollo-al-limon-zitrushahnchen-mit-meersalz-5c0e6751e3f339683779f0c1,spanische-rezepte,5c0e6751e3f339683779f0c1,spanisch
https://www.hellofresh.de/recipes/hahnchen-zucchini-couscous-65b24295a8fb57b0b41e762b,spanische-rezepte,65b24295a8fb57b0b41e762b,spanisch
https://www.hellofresh.de/recipes/knusprige-empanadas-mit-paprika-mais-fullung-636a0e3d0ef96468590b48f6,spanische-rezepte,636a0e3d0ef96468590b48f6,spanisch
https://www.hellofresh.de/recipes/spanischer-hahnchenburger-5f476de9c7400b650122465e,spanische-rezepte,5f476de9c7400b650122465e,spanisch
https://www.hellofresh.de/recipes/patatas-bravas-spanische-backkartoffeln-64df2a58552e10127649f17c,spanische-rezepte,64df2a58552e10127649f17c,spanisch
https://www.hellofresh.de/recipes/patatas-bravas-spanische-backkartoffeln-634e515250d08872a708b0b0,spanische-rezepte,634e515250d08872a708b0b0,spanisch
https://www.hellofresh.de/recipes/spanische-kartoffel-tortilla-5b054b4aae08b540bd3ab882,spanische-rezepte,5b054b4aae08b540bd3ab882,spanisch
https://www.hellofresh.de/recipes/flammkuchen-mit-chorizo-6023a4eaa8e11d1b943b7dba,spanische-rezepte,6023a4eaa8e11d1b943b7dba,spanisch
https://www.hellofresh.de/recipes/reispfanne-mit-wurzigem-grillkase-66ebe7d358baf82d2a963410,spanische-rezepte,66ebe7d358baf82d2a963410,spanisch
https://www.hellofresh.de/recipes/albondigas-hackballchen-in-pikanter-paprikasosse-66014c79d3a080fba6906891,spanische-rezepte,66014c79d3a080fba6906891,spanisch
https://www.hellofresh.de/recipes/rigatoni-romesco-mit-mandeln-and-kalamata-oliven-62da9d5838b0642c5301e054,spanische-rezepte,62da9d5838b0642c5301e054,spanisch
https://www.hellofresh.de/recipes/spanischer-hahnchenburger-6121f607a6beda0f87190952,spanische-rezepte,6121f607a6beda0f87190952,spanisch
https://www.hellofresh.de/recipes/patatas-bravas-spanische-backkartoffeln-5b685df1ae08b517ef43c082,spanische-rezepte,5b685df1ae08b517ef43c082,spanisch
https://www.hellofresh.de/recipes/spanish-style-flammkuchen-mit-chorizo-5f7d8a0373e82011896497be,spanische-rezepte,5f7d8a0373e82011896497be,spanisch
https://www.hellofresh.de/recipes/paella-spanischer-reis-mit-chorizo-und-garnelen-62285f26ad61e6588d6acafc,spanische-rezepte,62285f26ad61e6588d6acafc,spanisch
https://www.hellofresh.de/recipes/seelachs-mit-oliven-mandel-crumble-61652b792cf4a35de05c22cd,spanische-rezepte,61652b792cf4a35de05c22cd,spanisch
https://www.hellofresh.de/recipes/risotto-mit-safran-595f9aaad56afa217a6fc7d3,spanische-rezepte,595f9aaad56afa217a6fc7d3,spanisch
https://www.hellofresh.de/recipes/patatas-bravas-backkartoffeln-59b25a2051d3f113ac20f682,spanische-rezepte,59b25a2051d3f113ac20f682,spanisch
https://www.hellofresh.de/recipes/warmer-kartoffelsalat-mit-mozzarella-and-kurbiskernen-63b31bf7cb39e23c5501a813,spanische-rezepte,63b31bf7cb39e23c5501a813,spanisch
https://www.hellofresh.de/recipes/patatas-bravas-spanische-backkartoffeln-64df2a5a552e10127649f188,spanische-rezepte,64df2a5a552e10127649f188,spanisch
https://www.hellofresh.de/recipes/pollo-al-limon-zitrushahnchen-mit-meersalz-5cac5ca6e3f3391c136e3672,spanische-rezepte,5cac5ca6e3f3391c136e3672,spanisch
https://www.hellofresh.de/recipes/patatas-bravas-spanische-backkartoffeln-5e314cd4c3a6ea28de53f6a6,spanische-rezepte,5e314cd4c3a6ea28de53f6a6,spanisch
https://www.hellofresh.de/recipes/albondigas-hackballchen-in-pikanter-paprikasosse-660586a19b244e4ad68eb9b4,spanische-rezepte,660586a19b244e4ad68eb9b4,spanisch
https://www.hellofresh.de/recipes/patatas-bravas-spanische-backkartoffeln-63eb493a77a7dd9f8305b4c4,spanische-rezepte,63eb493a77a7dd9f8305b4c4,spanisch
https://www.hellofresh.de/recipes/paella-spanischer-reis-mit-chorizo-und-garnelen-612e010e110fa007fc3e7220,spanische-rezepte,612e010e110fa007fc3e7220,spanisch
https://www.hellofresh.de/recipes/spanisher-flammkuchen-mit-chorizo-and-pimientos-6177c4d203b2674197566e82,spanische-rezepte,6177c4d203b2674197566e82,spanisch
https://www.hellofresh.de/recipes/schweinefilet-auf-ofengemuse-mit-butterbohnen-61937a5ccfad42695248c648,spanische-rezepte,61937a5ccfad42695248c648,spanisch
https://www.hellofresh.de/recipes/patatas-bravas-spanische-backkartoffeln-5be01abe30006c26193f8b63,spanische-rezepte,5be01abe30006c26193f8b63,spanisch
https://www.hellofresh.de/recipes/paella-spanischer-reis-mit-chorizo-und-garnelen-647f4a99b638ce43ab02fac0,spanische-rezepte,647f4a99b638ce43ab02fac0,spanisch
https://www.hellofresh.de/recipes/warmer-kartoffelsalat-mit-mozzarella-and-kurbiskernol-63f33a6f7676216c1b060b80,spanische-rezepte,63f33a6f7676216c1b060b80,spanisch
https://www.hellofresh.de/recipes/warmer-kartoffelsalat-mit-mozzarella-and-kurbiskernol-6446bd8b2c5729b8090a09ac,spanische-rezepte,6446bd8b2c5729b8090a09ac,spanisch
https://www.hellofresh.de/recipes/patatas-bravas-spanische-backkartoffeln-65153cd8be675f371f89eb1d,spanische-rezepte,65153cd8be675f371f89eb1d,spanisch
https://www.hellofresh.de/recipes/veganes-kartoffelragout-mit-avocadotopping-61a61f9e96110439be74667c,spanische-rezepte,61a61f9e96110439be74667c,spanisch
https://www.hellofresh.de/recipes/pollo-al-limon-zitrushahnchen-mit-meersalz-5d2315e90ae9db000f497775,spanische-rezepte,5d2315e90ae9db000f497775,spanisch
https://www.hellofresh.de/recipes/schnelle-chorizo-paella-reispfanne-660ea3f21f3d24d03a7197e7,spanische-rezepte,660ea3f21f3d24d03a7197e7,spanisch
https://www.hellofresh.de/recipes/patatas-bravas-spanische-backkartoffeln-58aad47599052d2c226f4ea4,spanische-rezepte,58aad47599052d2c226f4ea4,spanisch
https://www.hellofresh.de/recipes/katalanische-rigatoni-romesco-mit-kalamata-oliven-6478b4e4ff597373c301e3f4,spanische-rezepte,6478b4e4ff597373c301e3f4,spanisch
https://www.hellofresh.de/recipes/pollo-al-limon-zitrushahnchen-mit-meersalz-60ae0d820865fe0ffb75c87f,spanische-rezepte,60ae0d820865fe0ffb75c87f,spanisch
https://www.hellofresh.de/recipes/spanische-tapas-variadas-553fae4d6ced6e3c3f8b456b,spanische-rezepte,553fae4d6ced6e3c3f8b456b,spanisch
https://www.hellofresh.de/recipes/patatas-bravas-spanische-backkartoffeln-6215f4d740eebf452833f2a9,spanische-rezepte,6215f4d740eebf452833f2a9,spanisch
https://www.hellofresh.de/recipes/pollo-al-limon-zitrushahnchen-mit-meersalz-5fd9d315ad0f8004482f745f,spanische-rezepte,5fd9d315ad0f8004482f745f,spanisch
https://www.hellofresh.de/recipes/knusprig-gefullte-gemuse-quessadillas-565571f44dab712d5f8b4567,spanische-rezepte,565571f44dab712d5f8b4567,spanisch
https://www.hellofresh.de/recipes/spanischer-hahnchenburger-5ff573a476fd0d12261f0149,spanische-rezepte,5ff573a476fd0d12261f0149,spanisch
https://www.hellofresh.de/recipes/paella-spanischer-reis-mit-chorizo-und-garnelen-64b6848ca221034e0e045fec,spanische-rezepte,64b6848ca221034e0e045fec,spanisch
https://www.hellofresh.de/recipes/patatas-bravas-spanische-backkartoffeln-6033e69f1cd4fc17f937a810,spanische-rezepte,6033e69f1cd4fc17f937a810,spanisch
https://www.hellofresh.de/recipes/patatas-bravas-mit-chorizo-5b68608aae08b519e82534f2,spanische-rezepte,5b68608aae08b519e82534f2,spanisch
https://www.hellofresh.de/recipes/pollo-al-limon-zitrushahnchen-mit-meersalz-5f070159b68c534acb77bba7,spanische-rezepte,5f070159b68c534acb77bba7,spanisch
https://www.hellofresh.de/recipes/piri-piri-perlcouscous-mit-pimientos-and-hirtenkase-crumble-64647ecdfb8044f97c053597,spanische-rezepte,64647ecdfb8044f97c053597,spanisch
https://www.hellofresh.de/recipes/piri-piri-perlencouscous-mit-pimientos-653f815ce06ba99102771c6a,spanische-rezepte,653f815ce06ba99102771c6a,spanisch
https://www.hellofresh.de/recipes/risotto-mit-safran-5ad0781bae08b571b56eb622,spanische-rezepte,5ad0781bae08b571b56eb622,spanisch
https://www.hellofresh.de/recipes/spanische-reispfanne-mit-mariniertem-grillkase-624bfc06a0bd7b67ec3e42ea,spanische-rezepte,624bfc06a0bd7b67ec3e42ea,spanisch
https://www.hellofresh.de/recipes/tapas-platte-mit-selbst-gemachter-mojo-rojo-629f52b5975d420a430de5dd,spanische-rezepte,629f52b5975d420a430de5dd,spanisch
https://www.hellofresh.de/recipes/fladenbrotpizza-mit-chorizo-und-apfelscheiben-64916c20c16ebba10e0d3c16,spanische-rezepte,64916c20c16ebba10e0d3c16,spanisch
https://www.hellofresh.de/recipes/mediterrane-reispfanne-mit-wurzigem-grillkase-65fd62497b309a7a47f527b1,spanische-rezepte,65fd62497b309a7a47f527b1,spanisch
https://www.hellofresh.de/recipes/hahnchen-zucchini-couscous-667453e9011c8aeaadadbe4f,spanische-rezepte,667453e9011c8aeaadadbe4f,spanisch
https://www.hellofresh.de/recipes/patatas-bravas-spanische-backkartoffeln-64ad732502c6bbbb42071765,spanische-rezepte,64ad732502c6bbbb42071765,spanisch
https://www.hellofresh.de/recipes/spanischer-reis-mit-chorizo-und-garnelen-5f994d00fca9fd5d05162493,spanische-rezepte,5f994d00fca9fd5d05162493,spanisch
https://www.hellofresh.de/recipes/patatas-bravas-spanische-backkartoffeln-5d78c51892f8cd000f153769,spanische-rezepte,5d78c51892f8cd000f153769,spanisch
https://www.hellofresh.de/recipes/veganes-chick-eria-filet-mit-patatas-bravas-663a3142db4284dbea8d059b,spanische-rezepte,663a3142db4284dbea8d059b,spanisch
https://www.hellofresh.de/recipes/warmer-kartoffelsalat-mit-mozzarella-611a081cf025d708055ead6d,spanische-rezepte,611a081cf025d708055ead6d,spanisch
https://www.hellofresh.de/recipes/em-fieber-spanien-5756c234fd2cb9e8478b4567,spanische-rezepte,5756c234fd2cb9e8478b4567,spanisch
https://www.hellofresh.de/recipes/chorizo-paella-mit-gerosteten-mandeln-5667f174fd2cb9393a8b4567,spanische-rezepte,5667f174fd2cb9393a8b4567,spanisch
https://www.hellofresh.de/recipes/warmer-kartoffelsalat-mit-mozzarella-babyspinat-und-kurbiskernol-64ec6879e50106e0ce4a92f8,spanische-rezepte,64ec6879e50106e0ce4a92f8,spanisch
https://www.hellofresh.de/recipes/schweinefilet-mit-butterbohnen-625409f13e77a72df1668b09,spanische-rezepte,625409f13e77a72df1668b09,spanisch
https://www.hellofresh.de/recipes/hahnchen-zucchini-couscous-668e686c6d9531676611a55f,spanische-rezepte,668e686c6d9531676611a55f,spanisch
https://www.hellofresh.de/recipes/hahnchen-zucchini-couscous-65ef16084916f82b1a901fe2,spanische-rezepte,65ef16084916f82b1a901fe2,spanisch
https://www.hellofresh.de/recipes/tapas-platte-mit-selbst-gemachter-mojo-rojo-64916bbb6502e4b377062192,spanische-rezepte,64916bbb6502e4b377062192,spanisch
https://www.hellofresh.de/recipes/spanischer-flammkuchen-mit-chorizo-6450be51928a854a070eb454,spanische-rezepte,6450be51928a854a070eb454,spanisch
https://www.hellofresh.de/recipes/paella-spanischer-reis-mit-chorizo-und-garnelen-60c9a302fb216b56e51fd741,spanische-rezepte,60c9a302fb216b56e51fd741,spanisch
https://www.hellofresh.de/recipes/tapas-platte-mit-selbst-gemachter-mojo-rojo-6048863908cd617174056a2a,spanische-rezepte,6048863908cd617174056a2a,spanisch
https://www.hellofresh.de/recipes/hahnchen-und-gemuse-mit-tomatenaioli-652e4a9bc88a1f5ba6f4ed1a,spanische-rezepte,652e4a9bc88a1f5ba6f4ed1a,spanisch
https://www.hellofresh.de/recipes/salat-trampo-paprika-salat-mit-chorizo-and-oliven-624bfc166542f245af12f2a9,spanische-rezepte,624bfc166542f245af12f2a9,spanisch
https://www.hellofresh.de/recipes/paella-spanischer-reis-mit-riesengarnelen-65562e982d94ad532d60a50a,spanische-rezepte,65562e982d94ad532d60a50a,spanisch
https://www.hellofresh.de/recipes/gemuse-paella-mit-gebratenem-halloumi-5ff57357f2b58f303d3ff780,spanische-rezepte,5ff57357f2b58f303d3ff780,spanisch
https://www.hellofresh.de/recipes/katalanische-rigatoni-romesco-mit-grunen-oliven-640ff14e4b7288a4a701e048,spanische-rezepte,640ff14e4b7288a4a701e048,spanisch
https://www.hellofresh.de/recipes/geschmorte-auberginensteaks-6121f5dca5bdfa35b67d262a,spanische-rezepte,6121f5dca5bdfa35b67d262a,spanisch
https://www.hellofresh.de/recipes/one-pan-paella-mit-chorizo-und-garnelen-664c6397db12ba3a5e100fc1,spanische-rezepte,664c6397db12ba3a5e100fc1,spanisch
https://www.hellofresh.de/recipes/tapas-platte-mit-selbst-gemachter-mojo-rojo-613f121c3b1b66307f0dc2d7,spanische-rezepte,613f121c3b1b66307f0dc2d7,spanisch
https://www.hellofresh.de/recipes/spanischer-flammkuchen-mit-chorizo-620bc2c77656b36e01506de2,spanische-rezepte,620bc2c77656b36e01506de2,spanisch
https://www.hellofresh.de/recipes/spanischer-kartoffelsalat-mit-pikanter-mojo-rojo-638dc104a9a3dd7a46002789,spanische-rezepte,638dc104a9a3dd7a46002789,spanisch
https://www.hellofresh.de/recipes/verscharft-tomaten-penne-mit-chorizo-5799e1b6f31cf1f8558b4568,spanische-rezepte,5799e1b6f31cf1f8558b4568,spanisch
https://www.hellofresh.de/recipes/spanischer-flammkuchen-mit-chorizo-63b31c3413e065f1640034a1,spanische-rezepte,63b31c3413e065f1640034a1,spanisch
https://www.hellofresh.de/recipes/leckere-gemuse-paella-56308c3b79a23cff4d8b4567,spanische-rezepte,56308c3b79a23cff4d8b4567,spanisch
https://www.hellofresh.de/recipes/bunte-gemuse-paella-5549f0806ced6e8c748b4567,spanische-rezepte,5549f0806ced6e8c748b4567,spanisch
https://www.hellofresh.de/recipes/patatas-bravas-spanische-backkartoffeln-5ea04d3a0eb83314933e5b72,spanische-rezepte,5ea04d3a0eb83314933e5b72,spanisch
https://www.hellofresh.de/recipes/spanischer-hahnchenburger-60bddd5f3f61385d8e7c8299,spanische-rezepte,60bddd5f3f61385d8e7c8299,spanisch
https://www.hellofresh.de/recipes/kartoffelsalat-mit-gerauchertem-hahnchen-5d2347434aa05400097d89b7,spanische-rezepte,5d2347434aa05400097d89b7,spanisch
https://www.hellofresh.de/recipes/rigatoni-romesco-mit-mandeln-und-oliven-623848fe2939212b5a7025f8,spanische-rezepte,623848fe2939212b5a7025f8,spanisch
https://www.hellofresh.de/recipes/gebackene-kartoffelspalten-5a58b4bd30a03b3d243c3f52,spanische-rezepte,5a58b4bd30a03b3d243c3f52,spanisch
https://www.hellofresh.de/recipes/sommerliches-risotto-mit-safran-5b4db05830006c1e180f9012,spanische-rezepte,5b4db05830006c1e180f9012,spanisch
https://www.hellofresh.de/recipes/warmer-kartoffelsalat-mit-mozzarella-und-cherry-tomaten-65329a252fab1d7bab0f11ec,spanische-rezepte,65329a252fab1d7bab0f11ec,spanisch
https://www.hellofresh.de/recipes/spanischer-flammkuchen-mit-chorizo-63f4714114e7af74e50fc1af,spanische-rezepte,63f4714114e7af74e50fc1af,spanisch
https://www.hellofresh.de/recipes/hahnchen-zucchini-couscous-6669cf1ac2b46cc6d5535100,spanische-rezepte,6669cf1ac2b46cc6d5535100,spanisch
https://www.hellofresh.de/recipes/reispfanne-paella-style-mit-grillkase-610d4d248e273353f75854f1,spanische-rezepte,610d4d248e273353f75854f1,spanisch
https://www.hellofresh.de/recipes/spanischer-reis-mit-chorizo-and-garnelen-602b8461f92da00d942dc682,spanische-rezepte,602b8461f92da00d942dc682,spanisch
https://www.hellofresh.de/recipes/patatas-bravas-spanische-backkartoffeln-5c66f965c445fa4d53480733,spanische-rezepte,5c66f965c445fa4d53480733,spanisch
https://www.hellofresh.de/recipes/piri-piri-perlcouscous-mit-pimientos-656468be2d94ad532d61fb7f,spanische-rezepte,656468be2d94ad532d61fb7f,spanisch
https://www.hellofresh.de/recipes/patatas-bravas-spanische-backkartoffeln-639882caec9af708550847f9,spanische-rezepte,639882caec9af708550847f9,spanisch
https://www.hellofresh.de/recipes/patatas-bravas-spanische-backkartoffeln-62fbdf2f004a42900b033688,spanische-rezepte,62fbdf2f004a42900b033688,spanisch
https://www.hellofresh.de/recipes/salchicha-de-res-wurzige-rindsbratwurstchen-64df86f5059e1b8982c039de,spanische-rezepte,64df86f5059e1b8982c039de,spanisch
https://www.hellofresh.de/recipes/spanisches-tomaten-brot-mit-chorizo-580f2d94bfba3d501a6eb742,spanische-rezepte,580f2d94bfba3d501a6eb742,spanisch
https://www.hellofresh.de/recipes/patatas-bravas-spanische-backkartoffeln-5f994cc429f32758e06abfc4,spanische-rezepte,5f994cc429f32758e06abfc4,spanisch
https://www.hellofresh.de/recipes/kartoffel-tortilla-mit-buntem-gemuse-5b34e15630006c5ae73f0d62,spanische-rezepte,5b34e15630006c5ae73f0d62,spanisch
https://www.hellofresh.de/recipes/patatas-bravas-spanische-backkartoffeln-613f12490b06ae034c3a9872,spanische-rezepte,613f12490b06ae034c3a9872,spanisch
https://www.hellofresh.de/recipes/paella-spanischer-reis-mit-chorizo-und-garnelen-63a02eb0d40c1d97b005fa67,spanische-rezepte,63a02eb0d40c1d97b005fa67,spanisch
https://www.hellofresh.de/recipes/albondigas-hackballchen-in-pikanter-paprikasosse-64df2a65614f75555c20eebc,spanische-rezepte,64df2a65614f75555c20eebc,spanisch
https://www.hellofresh.de/recipes/fladenbrotpizza-mit-chorizo-und-apfelscheiben-65200f156c05521bbf6dd5b3,spanische-rezepte,65200f156c05521bbf6dd5b3,spanisch
https://www.hellofresh.de/recipes/paella-spanischer-reis-mit-chorizo-und-garnelen-6540c2b19f9fbc0b0a52998a,spanische-rezepte,6540c2b19f9fbc0b0a52998a,spanisch
https://www.hellofresh.de/recipes/albondigas-hackballchen-in-pikanter-paprikasosse-647f4a9ce93273b463074e68,spanische-rezepte,647f4a9ce93273b463074e68,spanisch
https://www.hellofresh.de/recipes/knusprige-empanadas-mit-paprika-mais-fullung-63f33aa95a58a0317402d2bf,spanische-rezepte,63f33aa95a58a0317402d2bf,spanisch
https://www.hellofresh.de/recipes/patatas-bravas-spanische-backkartoffeln-5d10d4f298ae4800123c6a3e,spanische-rezepte,5d10d4f298ae4800123c6a3e,spanisch
https://www.hellofresh.de/recipes/spanischer-flammkuchen-mit-chorizo-636a0e370001dfed5b0fdeaf,spanische-rezepte,636a0e370001dfed5b0fdeaf,spanisch
https://www.hellofresh.de/recipes/albondigas-hackballchen-in-pikanter-paprikasosse-65b2424ed1da3988cdd86475,spanische-rezepte,65b2424ed1da3988cdd86475,spanisch
https://www.hellofresh.de/recipes/vegetarische-paella-58d3fdc33131003689575582,spanische-rezepte,58d3fdc33131003689575582,spanisch
https://www.hellofresh.de/recipes/wildreispfanne-mit-krauterseitlingen-628b9e43e76a60400f09f7f2,franzosische-rezepte,628b9e43e76a60400f09f7f2,franzosisch
https://www.hellofresh.de/recipes/gruner-salat-mit-ziegenkase-im-speckmantel-627a71eb677bb1714107b1f7,franzosische-rezepte,627a71eb677bb1714107b1f7,franzosisch
https://www.hellofresh.de/recipes/tartelettes-tonno-mit-gurken-dill-salat-64df2a19552e10127649ef09,franzosische-rezepte,64df2a19552e10127649ef09,franzosisch
https://www.hellofresh.de/recipes/rinderhuftsteak-mit-granatapfel-gremolata-64f5d7287048962116ef7382,franzosische-rezepte,64f5d7287048962116ef7382,franzosisch
https://www.hellofresh.de/recipes/salade-de-pommes-de-terre-mit-ziegenfrischkase-61b89695c809b171bf5d9dc2,franzosische-rezepte,61b89695c809b171bf5d9dc2,franzosisch
https://www.hellofresh.de/recipes/hirschsteak-mit-dijonbutter-und-salbeikartoffeln-62f0fcd257c6175a0f05178a,franzosische-rezepte,62f0fcd257c6175a0f05178a,franzosisch
https://www.hellofresh.de/recipes/fischfilet-mit-ravigote-sosse-und-kohlrabi-671a5e1afeb5bb81ef3ae53e,franzosische-rezepte,671a5e1afeb5bb81ef3ae53e,franzosisch
https://www.hellofresh.de/recipes/tartelettes-tonno-mit-gurken-dill-salat-62a879d85519f9a3880fe9f8,franzosische-rezepte,62a879d85519f9a3880fe9f8,franzosisch
https://www.hellofresh.de/recipes/apfelhahnchen-a-la-normande-619cc311249efc41ad614ee7,franzosische-rezepte,619cc311249efc41ad614ee7,franzosisch
https://www.hellofresh.de/recipes/gebackenes-gemuse-bonbon-mit-buffelmozzarella-66b4d4e3b70d6250be60262c,franzosische-rezepte,66b4d4e3b70d6250be60262c,franzosisch
https://www.hellofresh.de/recipes/mandel-ziegenkase-auf-linsensalat-66d81d48cc7423314febac4a,franzosische-rezepte,66d81d48cc7423314febac4a,franzosisch
https://www.hellofresh.de/recipes/rindersteak-mit-granatapfel-gremolata-65fda7844e3f78300551abdc,franzosische-rezepte,65fda7844e3f78300551abdc,franzosisch
https://www.hellofresh.de/recipes/gebratenes-rindersteak-mit-krauter-zucchini-6215f45c2869c04c144b9dd4,franzosische-rezepte,6215f45c2869c04c144b9dd4,franzosisch
https://www.hellofresh.de/recipes/karamellisierter-thymian-camembert-63b31be93ce9b064410986e2,franzosische-rezepte,63b31be93ce9b064410986e2,franzosisch
https://www.hellofresh.de/recipes/spinatrollen-mit-sahnemeerrettich-creme-65200f346c05521bbf6dd779,franzosische-rezepte,65200f346c05521bbf6dd779,franzosisch
https://www.hellofresh.de/recipes/spinat-ricotta-crepes-mit-walnussen-62540a0920e0d235f9711845,franzosische-rezepte,62540a0920e0d235f9711845,franzosisch
https://www.hellofresh.de/recipes/kernige-ziegenkasetaler-auf-buntem-salat-64ad736acfcd538e7c010a69,franzosische-rezepte,64ad736acfcd538e7c010a69,franzosisch
https://www.hellofresh.de/recipes/salat-mit-ziegenkase-im-speckmantel-and-bohnen-61b8dd2721cebe74d607e211,franzosische-rezepte,61b8dd2721cebe74d607e211,franzosisch
https://www.hellofresh.de/recipes/lachsfilet-mit-karotten-ingwer-puree-668e67f86d9531676611a33a,franzosische-rezepte,668e67f86d9531676611a33a,franzosisch
https://www.hellofresh.de/recipes/schweinesteak-mit-frischer-estragonbutter-61e6b7d103feba728228c254,franzosische-rezepte,61e6b7d103feba728228c254,franzosisch
https://www.hellofresh.de/recipes/kernige-ziegenkasetaler-auf-buntem-salat-66d812d0b2e781f533137824,franzosische-rezepte,66d812d0b2e781f533137824,franzosisch
https://www.hellofresh.de/recipes/spinatrollen-mit-sahnemeerrettichcreme-67470debfb7a3ff84744d5ba,franzosische-rezepte,67470debfb7a3ff84744d5ba,franzosisch
https://www.hellofresh.de/recipes/hackballchen-in-zwiebel-balsamico-sosse-61c0b5e1a8dfb948c94c97a9,franzosische-rezepte,61c0b5e1a8dfb948c94c97a9,franzosisch
https://www.hellofresh.de/recipes/perlencouscous-salat-mit-rote-beete-and-pastinakenchips-64e8611440ec4203972faf1b,franzosische-rezepte,64e8611440ec4203972faf1b,franzosisch
https://www.hellofresh.de/recipes/maronen-pilz-ragout-mit-knoblauch-bohnen-639882c4131911269d0b979b,franzosische-rezepte,639882c4131911269d0b979b,franzosisch
https://www.hellofresh.de/recipes/rindersteak-mit-granatapfel-gremolata-65200f9d6c05521bbf6dde2a,franzosische-rezepte,65200f9d6c05521bbf6dde2a,franzosisch
https://www.hellofresh.de/recipes/mandel-ziegenkase-auf-linsensalat-mit-cranberries-659c0bb7c7596f421e543c0a,franzosische-rezepte,659c0bb7c7596f421e543c0a,franzosisch
https://www.hellofresh.de/recipes/crepe-bar-mit-sussen-and-herzhaften-fullungen-671f9727662b2e47e398cac6,franzosische-rezepte,671f9727662b2e47e398cac6,franzosisch
https://www.hellofresh.de/recipes/kernige-ziegenkasetaler-auf-buntem-salat-62bb04aa7b4b884a830b8ec1,franzosische-rezepte,62bb04aa7b4b884a830b8ec1,franzosisch
https://www.hellofresh.de/recipes/spinatrollen-mit-sahnemeerrettichcreme-65fc5f677b309a7a47f51737,franzosische-rezepte,65fc5f677b309a7a47f51737,franzosisch
https://www.hellofresh.de/recipes/kohlrabisteaks-mit-zitronenthymian-panko-crumble-63d8eee5588dccaea5092f24,franzosische-rezepte,63d8eee5588dccaea5092f24,franzosisch
https://www.hellofresh.de/recipes/spinatrollen-mit-sahnemeerrettichcreme-659529ee6b4bf2cf1c679404,franzosische-rezepte,659529ee6b4bf2cf1c679404,franzosisch
https://www.hellofresh.de/recipes/schweinelachssteak-mit-frischer-estragonbutter-62dc3f2ea45dea22ec0e6911,franzosische-rezepte,62dc3f2ea45dea22ec0e6911,franzosisch
https://www.hellofresh.de/recipes/hahnchenbrust-in-salbei-thymian-marinade-647f24d48b7cbe6ce106c852,franzosische-rezepte,647f24d48b7cbe6ce106c852,franzosisch
https://www.hellofresh.de/recipes/mandel-ziegenkase-auf-linsensalat-62285ead2864f4357c43b232,franzosische-rezepte,62285ead2864f4357c43b232,franzosisch
https://www.hellofresh.de/recipes/wintersalat-mit-ziegenkase-schneeflocken-654525603357e0637a82cc7b,franzosische-rezepte,654525603357e0637a82cc7b,franzosisch
https://www.hellofresh.de/recipes/karamellisierter-thymian-camembert-6450bdfd7c6d253bd709d393,franzosische-rezepte,6450bdfd7c6d253bd709d393,franzosisch
https://www.hellofresh.de/recipes/kohlrabi-walnuss-rosti-mit-radieschen-salat-6283a7f26464b59b350faf34,franzosische-rezepte,6283a7f26464b59b350faf34,franzosisch
https://www.hellofresh.de/recipes/caesar-salad-mit-mariniertem-hahnchen-61af6f9f6e142f1c37082ff5,franzosische-rezepte,61af6f9f6e142f1c37082ff5,franzosisch
https://www.hellofresh.de/recipes/blauschimmelkasetarte-mit-birnenspalten-655b2cff53b95b70f997eee0,franzosische-rezepte,655b2cff53b95b70f997eee0,franzosisch
https://www.hellofresh.de/recipes/rindersteak-mit-granatapfel-gremolata-66b23b391047ce9880456f72,franzosische-rezepte,66b23b391047ce9880456f72,franzosisch
https://www.hellofresh.de/recipes/kernige-ziegenkasetaler-auf-buntem-salat-656468a553b95b70f99912f9,franzosische-rezepte,656468a553b95b70f99912f9,franzosisch
https://www.hellofresh.de/recipes/blauschimmelkasetarte-mit-birnenspalten-66d81d500eb51492a4c65255,franzosische-rezepte,66d81d500eb51492a4c65255,franzosisch
https://www.hellofresh.de/recipes/superhelden-teller-mit-hahnchenbrust-661fbef15c9ad41013c0cfe3,franzosische-rezepte,661fbef15c9ad41013c0cfe3,franzosisch
https://www.hellofresh.de/recipes/edles-rinderfilet-mit-buschbohnen-und-mandeln-623060396710af57b83e3cfb,franzosische-rezepte,623060396710af57b83e3cfb,franzosisch
https://www.hellofresh.de/recipes/tartelettes-tonno-mit-gurken-dill-salat-64631b366e3bf12e3a0c53bb,franzosische-rezepte,64631b366e3bf12e3a0c53bb,franzosisch
https://www.hellofresh.de/recipes/franzosischer-fischeintopf-mit-seelachs-661e8eae5c9ad41013c09fd2,franzosische-rezepte,661e8eae5c9ad41013c09fd2,franzosisch
https://www.hellofresh.de/recipes/hirschsteak-mit-dijonbutter-und-salbeikartoffeln-633192d2aa3fbaeecc07fd21,franzosische-rezepte,633192d2aa3fbaeecc07fd21,franzosisch
https://www.hellofresh.de/recipes/fenchel-brot-salat-mit-schmelz-camembert-65859b14c6869ff77feb075f,franzosische-rezepte,65859b14c6869ff77feb075f,franzosisch
https://www.hellofresh.de/recipes/honig-gebackener-camembert-mit-pekannussen-62d69f15446e44957a054ac8,franzosische-rezepte,62d69f15446e44957a054ac8,franzosisch
https://www.hellofresh.de/recipes/honig-gebackener-camembert-mit-pekannussen-62ab30608ae925310d0cb01f,franzosische-rezepte,62ab30608ae925310d0cb01f,franzosisch
https://www.hellofresh.de/recipes/schweinelachssteak-mit-frischer-estragonbutter-64c871de8bb4c147c20398e4,franzosische-rezepte,64c871de8bb4c147c20398e4,franzosisch
https://www.hellofresh.de/recipes/fenchel-birnen-salat-mit-gelbe-beete-chips-6268eeddeb46ebbd5f0b13d9,franzosische-rezepte,6268eeddeb46ebbd5f0b13d9,franzosisch
https://www.hellofresh.de/recipes/bulgursalat-mit-hirtenkase-nektarinen-64e860a640ec4203972fa826,franzosische-rezepte,64e860a640ec4203972fa826,franzosisch
https://www.hellofresh.de/recipes/hahnchenbrust-in-salbei-thymian-marinade-674855b6ec8df7b6e6fee7ac,franzosische-rezepte,674855b6ec8df7b6e6fee7ac,franzosisch
https://www.hellofresh.de/recipes/kernige-ziegenkasetaler-auf-buntem-salat-63b6f75a772e2e5807023402,franzosische-rezepte,63b6f75a772e2e5807023402,franzosisch
https://www.hellofresh.de/recipes/mandel-ziegenkase-auf-linsensalat-mit-cranberries-64df2a76614f75555c20ef4f,franzosische-rezepte,64df2a76614f75555c20ef4f,franzosisch
https://www.hellofresh.de/recipes/spinatrollen-mit-sahnemeerrettichcreme-65ef1789d4f950689014632a,franzosische-rezepte,65ef1789d4f950689014632a,franzosisch
https://www.hellofresh.de/recipes/schneeflocken-aus-ziegenkase-auf-wintersalat-65958c4eaa12a55eb352d8b7,franzosische-rezepte,65958c4eaa12a55eb352d8b7,franzosisch
https://www.hellofresh.de/recipes/bistro-salat-mit-kernigen-ziegenkasetalern-61de9d410784ee24682a2483,franzosische-rezepte,61de9d410784ee24682a2483,franzosisch
https://www.hellofresh.de/recipes/fenchel-brot-salat-mit-schmelz-camembert-64e3b213a2c417189e0daaee,franzosische-rezepte,64e3b213a2c417189e0daaee,franzosisch
https://www.hellofresh.de/recipes/perlencouscous-salat-mit-rote-beete-and-orange-6553465a2d94ad532d604c4f,franzosische-rezepte,6553465a2d94ad532d604c4f,franzosisch
https://www.hellofresh.de/recipes/wildreispfanne-mit-krauterseitlingen-und-rucola-61a61fa839c43415bc2f5317,franzosische-rezepte,61a61fa839c43415bc2f5317,franzosisch
https://www.hellofresh.de/recipes/kernige-ziegenkasetaler-auf-buntem-salat-6643607be15adad53cab1bea,franzosische-rezepte,6643607be15adad53cab1bea,franzosisch
https://www.hellofresh.de/recipes/rindersteak-mit-cranberry-gremolata-66c4892e26a15d047a606488,franzosische-rezepte,66c4892e26a15d047a606488,franzosisch
https://www.hellofresh.de/recipes/grilled-cheese-sandwich-mit-ziegenkase-62024ee395bd8032f17cccf9,franzosische-rezepte,62024ee395bd8032f17cccf9,franzosisch
https://www.hellofresh.de/recipes/superhelden-teller-mit-hahnchenbrust-672118744251e0dbe4be5768,franzosische-rezepte,672118744251e0dbe4be5768,franzosisch
https://www.hellofresh.de/recipes/franzosischer-kartoffelsalat-mit-ziegenfrischkase-62cd76a409b98cc6e20c6e53,franzosische-rezepte,62cd76a409b98cc6e20c6e53,franzosisch
https://www.hellofresh.de/recipes/lachsfilet-mit-karotten-ingwer-puree-6577170b3405d840b2be6b8e,franzosische-rezepte,6577170b3405d840b2be6b8e,franzosisch
https://www.hellofresh.de/recipes/mandel-ziegenkase-auf-linsensalat-671f96d84251e0dbe4bdf033,franzosische-rezepte,671f96d84251e0dbe4bdf033,franzosisch
https://www.hellofresh.de/recipes/superhelden-teller-mit-hahnchenbrust-66d81d770eb51492a4c653e7,franzosische-rezepte,66d81d770eb51492a4c653e7,franzosisch
https://www.hellofresh.de/recipes/superhelden-teller-mit-hahnchenbrust-6669cf31c2b46cc6d55351ba,franzosische-rezepte,6669cf31c2b46cc6d55351ba,franzosisch
https://www.hellofresh.de/recipes/honig-gebackener-camembert-mit-pekannussen-65200f55188676f47c1b282e,franzosische-rezepte,65200f55188676f47c1b282e,franzosisch
https://www.hellofresh.de/recipes/blauschimmelkasetarte-und-birnenspalten-64ca2c197d51e966770dc53b,franzosische-rezepte,64ca2c197d51e966770dc53b,franzosisch
https://www.hellofresh.de/recipes/gebackenes-gemuse-bonbon-mit-buffelmozzarella-624bfbd1b4e8ac4db46e4a9e,franzosische-rezepte,624bfbd1b4e8ac4db46e4a9e,franzosisch
https://www.hellofresh.de/recipes/maronen-pilz-ragout-mit-knoblauch-bohnen-65859b6ec6869ff77feb0b59,franzosische-rezepte,65859b6ec6869ff77feb0b59,franzosisch
https://www.hellofresh.de/recipes/hahnchenbrust-in-salbei-thymian-marinade-64f5a3abc09936aa866c7e0a,franzosische-rezepte,64f5a3abc09936aa866c7e0a,franzosisch
https://www.hellofresh.de/recipes/fenchel-brot-salat-mit-schmelz-camembert-65200f936c05521bbf6ddd5f,franzosische-rezepte,65200f936c05521bbf6ddd5f,franzosisch
https://www.hellofresh.de/recipes/schneeflocken-aus-ziegenkase-auf-wintersalat-65958c93c7596f421e53e425,franzosische-rezepte,65958c93c7596f421e53e425,franzosisch
https://www.hellofresh.de/recipes/karamellisierter-thymian-camembert-63f470fc028cb8c5810d9d55,franzosische-rezepte,63f470fc028cb8c5810d9d55,franzosisch
https://www.hellofresh.de/recipes/susse-und-herzhafte-crepe-bar-fur-die-ganze-familie-66b23b0aa1293bffe8e01a43,franzosische-rezepte,66b23b0aa1293bffe8e01a43,franzosisch
https://www.hellofresh.de/recipes/schweinefilet-mit-nektarinen-ziegenkase-salat-64631b396692a7186201d23a,franzosische-rezepte,64631b396692a7186201d23a,franzosisch
https://www.hellofresh.de/recipes/schweinelachssteak-mit-frischer-estragonbutter-6331c4b7e04088e91a0d47b2,franzosische-rezepte,6331c4b7e04088e91a0d47b2,franzosisch
https://www.hellofresh.de/recipes/rindersteak-mit-cranberry-gremolata-6721184f4251e0dbe4be5595,franzosische-rezepte,6721184f4251e0dbe4be5595,franzosisch
https://www.hellofresh.de/recipes/rindersteak-mit-granatapfel-gremolata-655b33b72d94ad532d60e2ba,franzosische-rezepte,655b33b72d94ad532d60e2ba,franzosisch
https://www.hellofresh.de/recipes/rinderhuftsteak-mit-prinzessbohnen-und-mandeln-64bf76ebc1a7d510c709c3c7,franzosische-rezepte,64bf76ebc1a7d510c709c3c7,franzosisch
https://www.hellofresh.de/recipes/hahnchenbrust-in-salbei-thymian-marinade-6360f438ab75b70bab04069d,franzosische-rezepte,6360f438ab75b70bab04069d,franzosisch
https://www.hellofresh.de/recipes/karamellisierter-thymian-camembert-62f675289b2cbb7f060618b3,franzosische-rezepte,62f675289b2cbb7f060618b3,franzosisch
https://www.hellofresh.de/recipes/schweinesteak-mit-frischer-estragonbutter-628b94c58b8b2b1cfe01b4e4,franzosische-rezepte,628b94c58b8b2b1cfe01b4e4,franzosisch
https://www.hellofresh.de/recipes/apfelhahnchen-a-la-normande-62540a1c09fb840bee223777,franzosische-rezepte,62540a1c09fb840bee223777,franzosisch
https://www.hellofresh.de/recipes/schweinelachssteak-mit-frischer-estragonbutter-6459e6a1a1e4d288880a1b26,franzosische-rezepte,6459e6a1a1e4d288880a1b26,franzosisch
https://www.hellofresh.de/recipes/wildreispfanne-mit-krauterseitlingen-6242daae51f837560b6e14df,franzosische-rezepte,6242daae51f837560b6e14df,franzosisch
https://www.hellofresh.de/recipes/karamellisierter-thymian-camembert-61af6f6dbed60a5acc4a6798,franzosische-rezepte,61af6f6dbed60a5acc4a6798,franzosisch
https://www.hellofresh.de/recipes/spinatrollen-mit-sahnemeerrettich-creme-619cc2d3358f893cb6179b7c,franzosische-rezepte,619cc2d3358f893cb6179b7c,franzosisch
https://www.hellofresh.de/recipes/blauschimmelkase-tarte-mit-birnenspalten-633192cf03e9666f9b0c838e,franzosische-rezepte,633192cf03e9666f9b0c838e,franzosisch
https://www.hellofresh.de/recipes/hahnchenbrust-in-salbei-thymian-marinade-62fbdf35560f063ed90ebbc2,franzosische-rezepte,62fbdf35560f063ed90ebbc2,franzosisch
https://www.hellofresh.de/recipes/hirschsteak-mit-dijonbutter-und-salbeikartoffeln-62713ae190c0c997e805e415,franzosische-rezepte,62713ae190c0c997e805e415,franzosisch
https://www.hellofresh.de/recipes/gruner-salat-mit-ziegenkase-im-speckmantel-64631ad03682b914010b1ac7,franzosische-rezepte,64631ad03682b914010b1ac7,franzosisch
https://www.hellofresh.de/recipes/mandel-ziegenkase-auf-linsensalat-mit-cranberries-655b2b8d5234ba85b73a9c4c,franzosische-rezepte,655b2b8d5234ba85b73a9c4c,franzosisch
https://www.hellofresh.de/recipes/kernige-ziegenkasetaler-auf-buntem-salatbett-62713ada0a3a16cd9605c6dc,franzosische-rezepte,62713ada0a3a16cd9605c6dc,franzosisch
https://www.hellofresh.de/recipes/wintersalat-mit-ziegenkase-schneeflocken-65706fab2db9273db6a45221,franzosische-rezepte,65706fab2db9273db6a45221,franzosisch
https://www.hellofresh.de/recipes/lachsfilet-mit-karotten-ingwer-puree-67470ca0b1d252afb328d65c,franzosische-rezepte,67470ca0b1d252afb328d65c,franzosisch
https://www.hellofresh.de/recipes/mandel-ziegenkase-auf-linsensalat-668e68c66d9531676611a6e8,franzosische-rezepte,668e68c66d9531676611a6e8,franzosisch
https://www.hellofresh.de/recipes/wildreispfanne-mit-krauterseitlingen-61fa4a3ab0b4624f2a0d974c,franzosische-rezepte,61fa4a3ab0b4624f2a0d974c,franzosisch
https://www.hellofresh.de/recipes/fenchel-brot-salat-mit-schmelz-camembert-64b684b8a221034e0e045ff0,franzosische-rezepte,64b684b8a221034e0e045ff0,franzosisch
https://www.hellofresh.de/recipes/gebratene-maultaschen-auf-rosenkohl-salat-64e8607e40ec4203972fa5ce,franzosische-rezepte,64e8607e40ec4203972fa5ce,franzosisch
https://www.hellofresh.de/recipes/grillkase-mit-frischem-rote-beete-salat-6671ce0837bff126fa74edba,franzosische-rezepte,6671ce0837bff126fa74edba,franzosisch
https://www.hellofresh.de/recipes/poulet-roti-franzosisches-hahnchen-64e860a500af9633818badee,franzosische-rezepte,64e860a500af9633818badee,franzosisch
https://www.hellofresh.de/recipes/fruchtige-tarte-mit-karamellisiertem-porree-634e513a21372677410a2fba,franzosische-rezepte,634e513a21372677410a2fba,franzosisch
https://www.hellofresh.de/recipes/honig-gebackener-camembert-mit-pekannussen-64ad7307d4e8e13ffe0e4a69,franzosische-rezepte,64ad7307d4e8e13ffe0e4a69,franzosisch
https://www.hellofresh.de/recipes/kernige-ziegenkasetaler-auf-buntem-salat-64df848d2ed2b43bc53d6f5d,franzosische-rezepte,64df848d2ed2b43bc53d6f5d,franzosisch
https://www.hellofresh.de/recipes/blauschimmelkasetarte-mit-birnenspalten-65200f6b6c05521bbf6dda2b,franzosische-rezepte,65200f6b6c05521bbf6dda2b,franzosisch
https://www.hellofresh.de/recipes/honig-gebackener-camembert-mit-pekannussen-625409e41d3c053a2758c43a,franzosische-rezepte,625409e41d3c053a2758c43a,franzosisch
https://www.hellofresh.de/recipes/kernige-ziegenkasetaler-auf-buntem-salat-6459e7269bf593232600f3f8,franzosische-rezepte,6459e7269bf593232600f3f8,franzosisch
https://www.hellofresh.de/recipes/maronen-pilz-ragout-mit-knoblauch-bohnen-63f4710f63c5112753071b81,franzosische-rezepte,63f4710f63c5112753071b81,franzosisch
https://www.hellofresh.de/recipes/lachsfilet-mit-karotten-ingwer-puree-665ec6e344a1718e5e78e348,franzosische-rezepte,665ec6e344a1718e5e78e348,franzosisch
https://www.hellofresh.de/recipes/tartelettes-tonno-mit-gurken-dill-salat-619cc31f26296437ce020ec2,franzosische-rezepte,619cc31f26296437ce020ec2,franzosisch
https://www.hellofresh.de/recipes/rindersteak-mit-granatapfel-gremolata-64df2a97614f75555c20f050,franzosische-rezepte,64df2a97614f75555c20f050,franzosisch
https://www.hellofresh.de/recipes/hirschsteak-mit-senfbutter-und-salbeikartoffeln-661ce7afa0f8bf5f811e5b4b,franzosische-rezepte,661ce7afa0f8bf5f811e5b4b,franzosisch
https://www.hellofresh.de/recipes/rindersteak-mit-granatapfel-gremolata-6669cefd3acc3d3ec3368e99,franzosische-rezepte,6669cefd3acc3d3ec3368e99,franzosisch
https://www.hellofresh.de/recipes/gebackenes-gemuse-bonbon-mit-buffelmozzarella-66bf3f0a3853f8b644acf03a,franzosische-rezepte,66bf3f0a3853f8b644acf03a,franzosisch
https://www.hellofresh.de/recipes/lachsfilet-mit-karotten-ingwer-puree-655b33e05234ba85b73aa0f3,franzosische-rezepte,655b33e05234ba85b73aa0f3,franzosisch
https://www.hellofresh.de/recipes/fenchel-brot-salat-mit-schmelz-camembert-63a026b1ac7d2b4415065f5f,franzosische-rezepte,63a026b1ac7d2b4415065f5f,franzosisch
https://www.hellofresh.de/recipes/karamellisierter-thymian-camembert-627a721df87cd8323e05891f,franzosische-rezepte,627a721df87cd8323e05891f,franzosisch
https://www.hellofresh.de/recipes/wurziger-mozzarella-mit-blumenkohlpuree-and-buntem-wurzelgemuse-61f0fc13cb2fe62c2667d6fd,franzosische-rezepte,61f0fc13cb2fe62c2667d6fd,franzosisch
https://www.hellofresh.de/recipes/tarte-mit-porree-und-champignons-61a61f41c4e1006ff8501473,franzosische-rezepte,61a61f41c4e1006ff8501473,franzosisch
https://www.hellofresh.de/recipes/franzosischer-fischeintopf-64b684c1f8dc3112a90724c4,franzosische-rezepte,64b684c1f8dc3112a90724c4,franzosisch
https://www.hellofresh.de/recipes/perlencouscous-salat-mit-rote-beete-and-orange-65859b26f9c7ff8689945967,franzosische-rezepte,65859b26f9c7ff8689945967,franzosisch
https://www.hellofresh.de/recipes/lachsfilet-mit-karotten-ingwer-puree-and-hirtenkasecrumble-653150368732f93fdb156186,franzosische-rezepte,653150368732f93fdb156186,franzosisch
https://www.hellofresh.de/recipes/susse-und-herzhafte-crepe-bar-fur-die-ganze-familie-664313ece15adad53cab1297,franzosische-rezepte,664313ece15adad53cab1297,franzosisch
https://www.hellofresh.de/recipes/rinderhuftsteak-in-zwiebel-balsamico-sosse-64ad73853cfaca8d78030462,franzosische-rezepte,64ad73853cfaca8d78030462,franzosisch
https://www.hellofresh.de/recipes/wildreispfanne-mit-krauterseitlingen-62da9d67b3a2e6c83c017881,franzosische-rezepte,62da9d67b3a2e6c83c017881,franzosisch
https://www.hellofresh.de/recipes/caesar-salad-mit-mariniertem-hahnchen-62bb047bdb5136734e05f1b7,franzosische-rezepte,62bb047bdb5136734e05f1b7,franzosisch
https://www.hellofresh.de/recipes/tartelettes-tonno-mit-gurken-dill-salat-642ba10f84c4105cc6052e92,franzosische-rezepte,642ba10f84c4105cc6052e92,franzosisch
https://www.hellofresh.de/recipes/mandel-ziegenkase-auf-linsensalat-mit-cranberries-6434bfcba7bbcfb7ee03fc57,franzosische-rezepte,6434bfcba7bbcfb7ee03fc57,franzosisch
https://www.hellofresh.de/recipes/tartelettes-tonno-mit-gurken-dill-salat-63d8eed346dd9bd609044834,franzosische-rezepte,63d8eed346dd9bd609044834,franzosisch
https://www.hellofresh.de/recipes/tartelettes-tonno-mit-gurken-dill-salat-65f867ee1d9f403b835b5589,franzosische-rezepte,65f867ee1d9f403b835b5589,franzosisch
https://www.hellofresh.de/recipes/tartelettes-tonno-mit-gurken-dill-salat-64a2ae8e12826c25880e6564,franzosische-rezepte,64a2ae8e12826c25880e6564,franzosisch
https://www.hellofresh.de/recipes/rinderhuftsteak-mit-prinzessenbohnen-und-mandeln-63e9e06e9547875a20005a6a,franzosische-rezepte,63e9e06e9547875a20005a6a,franzosisch
https://www.hellofresh.de/recipes/maronen-pilz-ragout-mit-knoblauch-bohnen-62fbdf1c34d4e615b50f3b04,franzosische-rezepte,62fbdf1c34d4e615b50f3b04,franzosisch
https://www.hellofresh.de/recipes/rinderhuftsteak-mit-prinzessbohnen-und-mandeln-647f4aa22f87ae660709642c,franzosische-rezepte,647f4aa22f87ae660709642c,franzosisch
https://www.hellofresh.de/recipes/fruchtiger-french-onion-brotsalat-668e3ec8018283f1f439b480,franzosische-rezepte,668e3ec8018283f1f439b480,franzosisch
https://www.hellofresh.de/recipes/hahnchenbrust-in-salbei-thymian-marinade-668e68236d9531676611a433,franzosische-rezepte,668e68236d9531676611a433,franzosisch
https://www.hellofresh.de/recipes/mandel-ziegenkase-auf-linsensalat-mit-cranberries-63f33a59f0c7e6e78303d598,franzosische-rezepte,63f33a59f0c7e6e78303d598,franzosisch
https://www.hellofresh.de/recipes/schweinelachssteak-mit-frischer-estragonbutter-63f33a2424cf8a231708307c,franzosische-rezepte,63f33a2424cf8a231708307c,franzosisch
https://www.hellofresh.de/recipes/camembert-sandwich-mit-feigen-zwiebel-relish-6353d36e393099a22a075e4f,franzosische-rezepte,6353d36e393099a22a075e4f,franzosisch
https://www.hellofresh.de/recipes/mandel-ziegenkase-auf-linsensalat-67470deeb1d252afb328dc64,franzosische-rezepte,67470deeb1d252afb328dc64,franzosisch
https://www.hellofresh.de/recipes/mandel-ziegenkase-auf-linsensalat-mit-cranberries-64df2a7c552e10127649f295,franzosische-rezepte,64df2a7c552e10127649f295,franzosisch
https://www.hellofresh.de/recipes/porreetarte-mit-senf-und-schnittlauch-dip-62fbdf1008be66aa2604b82e,franzosische-rezepte,62fbdf1008be66aa2604b82e,franzosisch
https://www.hellofresh.de/recipes/superhelden-teller-mit-hahnchenbrust-67470cb8fb7a3ff84744cfed,franzosische-rezepte,67470cb8fb7a3ff84744cfed,franzosisch
https://www.hellofresh.de/recipes/apfelhahnchen-a-la-normande-629f5304e67756f7f5070006,franzosische-rezepte,629f5304e67756f7f5070006,franzosisch
https://www.hellofresh.de/recipes/premiumfilet-vom-simmentaler-rind-61c8beae09fbf0171427fc3c,franzosische-rezepte,61c8beae09fbf0171427fc3c,franzosisch
https://www.hellofresh.de/recipes/camembert-sandwich-mit-feigen-zwiebel-relish-630cb73490fb6bf6720013be,franzosische-rezepte,630cb73490fb6bf6720013be,franzosisch
https://www.hellofresh.de/recipes/crepes-mit-wurziger-apfel-spitzkohl-fullung-63171d8af8d6a7f8170b6f30,franzosische-rezepte,63171d8af8d6a7f8170b6f30,franzosisch
https://www.hellofresh.de/recipes/camembert-sandwich-mit-feigen-zwiebel-relish-62bb04ae3430a75b29009a72,franzosische-rezepte,62bb04ae3430a75b29009a72,franzosisch
https://www.hellofresh.de/recipes/honig-gebackener-camembert-mit-pekannussen-643e11ba017b31d7690bf93e,franzosische-rezepte,643e11ba017b31d7690bf93e,franzosisch
https://www.hellofresh.de/recipes/gerostetem-lachs-und-gruner-spargel-64e860ae4e40d5c6cb1a54be,franzosische-rezepte,64e860ae4e40d5c6cb1a54be,franzosisch
https://www.hellofresh.de/recipes/fruchtiger-rote-beete-flammkuchen-mit-apfel-63a026b55b07d329fc039902,franzosische-rezepte,63a026b55b07d329fc039902,franzosisch
https://www.hellofresh.de/recipes/bistro-salat-mit-kernigen-ziegenkasetalern-61937ab23d44694ee15151b9,franzosische-rezepte,61937ab23d44694ee15151b9,franzosisch
https://www.hellofresh.de/recipes/tartelettes-tonno-mit-gurken-dill-salat-62fbdf52cffffb46e006c070,franzosische-rezepte,62fbdf52cffffb46e006c070,franzosisch
https://www.hellofresh.de/recipes/gefullter-portobello-auf-blumenkohlpuree-61c8be7e0ec7b63a7316ccf5,franzosische-rezepte,61c8be7e0ec7b63a7316ccf5,franzosisch
https://www.hellofresh.de/recipes/schweinemedaillons-in-apfel-zwiebel-sahnesosse-63b6f7055b3fa424720e094d,franzosische-rezepte,63b6f7055b3fa424720e094d,franzosisch
https://www.hellofresh.de/recipes/kernige-ziegenkasetaler-auf-buntem-salat-636a0e5cc332a3ea1d04e3e8,franzosische-rezepte,636a0e5cc332a3ea1d04e3e8,franzosisch
https://www.hellofresh.de/recipes/rote-beete-perlencouscous-salat-64e8608040ec4203972fa619,franzosische-rezepte,64e8608040ec4203972fa619,franzosisch
https://www.hellofresh.de/recipes/pikanter-harissa-hahnchen-eintopf-67470e59fb7a3ff84744d710,franzosische-rezepte,67470e59fb7a3ff84744d710,franzosisch
https://www.hellofresh.de/recipes/blauschimmelkasetarte-mit-birnenspalten-64e37f75a2c417189e0da84c,franzosische-rezepte,64e37f75a2c417189e0da84c,franzosisch
https://www.hellofresh.de/recipes/tartelettes-tonno-mit-gurken-dill-salat-66eac55c27cb7aed8b812a31,franzosische-rezepte,66eac55c27cb7aed8b812a31,franzosisch
https://www.hellofresh.de/recipes/hirschsteak-mit-senfbutter-und-salbeikartoffeln-67470e72b1d252afb328deef,franzosische-rezepte,67470e72b1d252afb328deef,franzosisch
https://www.hellofresh.de/recipes/grillkase-mit-frischem-rote-beete-salat-64631afeeaf00f25c70caa36,franzosische-rezepte,64631afeeaf00f25c70caa36,franzosisch
https://www.hellofresh.de/recipes/hahnchenbrust-in-salbei-thymian-marinade-6238491091689b5013141ed8,franzosische-rezepte,6238491091689b5013141ed8,franzosisch
https://www.hellofresh.de/recipes/flammkuchen-mit-camembert-6215f4ae5989af0f4e168008,franzosische-rezepte,6215f4ae5989af0f4e168008,franzosisch
https://www.hellofresh.de/recipes/apfelhahnchen-a-la-normande-61e6b83d8e560705495cf490,franzosische-rezepte,61e6b83d8e560705495cf490,franzosisch
https://www.hellofresh.de/recipes/mandel-ziegenkase-auf-linsensalat-mit-cranberries-646c92ec9ff2d3b43b0a74a5,franzosische-rezepte,646c92ec9ff2d3b43b0a74a5,franzosisch
https://www.hellofresh.de/recipes/fenchel-brot-salat-mit-schmelz-camembert-634e518521372677410a2fbe,franzosische-rezepte,634e518521372677410a2fbe,franzosisch
https://www.hellofresh.de/recipes/hirschsteak-mit-senfbutter-und-salbeikartoffeln-6683e2253468e0473bf9e46e,franzosische-rezepte,6683e2253468e0473bf9e46e,franzosisch
https://www.hellofresh.de/recipes/hahnchensalat-nach-waldorf-art-mit-croutons-630cb6fed2ff1c27b40e9fe0,franzosische-rezepte,630cb6fed2ff1c27b40e9fe0,franzosisch
https://www.hellofresh.de/recipes/tartelettes-tonno-mit-gurken-dill-salat-625ec0c023b082720711b334,franzosische-rezepte,625ec0c023b082720711b334,franzosisch
https://www.hellofresh.de/recipes/ziegenkase-karotten-tarte-mit-gelber-beete-638dc0eaa16b463c5c06b0bd,franzosische-rezepte,638dc0eaa16b463c5c06b0bd,franzosisch
https://www.hellofresh.de/recipes/fischfilet-mit-ravigote-sosse-und-kohlrabi-6729fa3208580719f8597f4e,franzosische-rezepte,6729fa3208580719f8597f4e,franzosisch
https://www.hellofresh.de/recipes/fenchel-brot-salat-mit-schmelz-camembert-62a87a00d68faefeb80e7598,franzosische-rezepte,62a87a00d68faefeb80e7598,franzosisch
https://www.hellofresh.de/recipes/hahnchenbrust-in-salbei-thymian-marinade-643e11e3bc1a7c1659066695,franzosische-rezepte,643e11e3bc1a7c1659066695,franzosisch
https://www.hellofresh.de/recipes/grillkase-mit-frischem-rote-beete-salat-668e68606d9531676611a523,franzosische-rezepte,668e68606d9531676611a523,franzosisch
https://www.hellofresh.de/recipes/camembert-sandwich-mit-feigen-zwiebel-relish-63a02eb75c4ade803803eb45,franzosische-rezepte,63a02eb75c4ade803803eb45,franzosisch
https://www.hellofresh.de/recipes/camembert-sandwich-mit-feigen-zwiebel-relish-6230602e37246f66ea30508b,franzosische-rezepte,6230602e37246f66ea30508b,franzosisch
https://www.hellofresh.de/recipes/bunte-bowl-mit-gelben-karottenspaghetti-6215f4c4b89d20228e2e54e0,franzosische-rezepte,6215f4c4b89d20228e2e54e0,franzosisch
https://www.hellofresh.de/recipes/honig-gebackener-camembert-mit-pekannussen-632c3cf0e943effe9e067f24,franzosische-rezepte,632c3cf0e943effe9e067f24,franzosisch
https://www.hellofresh.de/recipes/rauchiges-ofen-ratatouille-61a61f348d9fc178846d8a64,franzosische-rezepte,61a61f348d9fc178846d8a64,franzosisch
https://www.hellofresh.de/recipes/tartelettes-tonno-mit-gurken-dill-salat-64ec6a24813a9d3ec27651d9,franzosische-rezepte,64ec6a24813a9d3ec27651d9,franzosisch
https://www.hellofresh.de/recipes/hahnchenbrust-in-salbei-thymian-marinade-61b8dd08bf2f37428d31be66,franzosische-rezepte,61b8dd08bf2f37428d31be66,franzosisch
https://www.hellofresh.de/recipes/hirschsteak-mit-dijonbutter-und-salbeikartoffeln-63e1b676eef173a9c70c8423,franzosische-rezepte,63e1b676eef173a9c70c8423,franzosisch
https://www.hellofresh.de/recipes/schweinelachssteak-mit-frischer-estragonbutter-63a02e34d6878a3c8802354b,franzosische-rezepte,63a02e34d6878a3c8802354b,franzosisch
https://www.hellofresh.de/recipes/superhelden-teller-mit-hahnchenbrust-669e676d180815c7932760fe,franzosische-rezepte,669e676d180815c7932760fe,franzosisch
https://www.hellofresh.de/recipes/kernige-ziegenkasetaler-auf-buntem-salatbett-62285ef6cf8ee901c2665976,franzosische-rezepte,62285ef6cf8ee901c2665976,franzosisch
https://www.hellofresh.de/recipes/mandel-ziegenkase-auf-linsensalat-mit-cranberries-64b684404585d753810710cc,franzosische-rezepte,64b684404585d753810710cc,franzosisch
https://www.hellofresh.de/recipes/sommersalat-mit-balsamico-pflaumen-6283a816bcdd5d0e460cad13,franzosische-rezepte,6283a816bcdd5d0e460cad13,franzosisch
https://www.hellofresh.de/recipes/superhelden-teller-mit-hahnchenbrust-66b23b9b1047ce98804574e4,franzosische-rezepte,66b23b9b1047ce98804574e4,franzosisch
https://www.hellofresh.de/recipes/crepe-bar-mit-sussen-and-herzhaften-fullungen-67211847662b2e47e3992f9b,franzosische-rezepte,67211847662b2e47e3992f9b,franzosisch
https://www.hellofresh.de/recipes/salade-de-pommes-de-terre-mit-ziegenfrischkase-625ec097dde21d09356277ef,franzosische-rezepte,625ec097dde21d09356277ef,franzosisch
https://www.hellofresh.de/recipes/camembert-sandwich-mit-feigen-zwiebel-relish-64998caa1cc581c81100416a,franzosische-rezepte,64998caa1cc581c81100416a,franzosisch
https://www.hellofresh.de/recipes/hahnchenbrust-in-salbei-thymian-marinade-63b6f73fd67255c0910dd766,franzosische-rezepte,63b6f73fd67255c0910dd766,franzosisch
https://www.hellofresh.de/recipes/mandel-ziegenkase-auf-linsensalat-mit-cranberries-63171d74b8222d63dc09e602,franzosische-rezepte,63171d74b8222d63dc09e602,franzosisch
https://www.hellofresh.de/recipes/tartelettes-mit-krauterseitlingen-und-bacon-6272a2acded485d99d00cf10,franzosische-rezepte,6272a2acded485d99d00cf10,franzosisch
https://www.hellofresh.de/recipes/gruner-salat-mit-ziegenkase-im-speckmantel-620bc28e017af108eb58e8dc,franzosische-rezepte,620bc28e017af108eb58e8dc,franzosisch
https://www.hellofresh.de/recipes/perlencouscous-salat-mit-rote-beete-und-orange-6530fc36b7b4c3b9a5c3a21d,franzosische-rezepte,6530fc36b7b4c3b9a5c3a21d,franzosisch
https://www.hellofresh.de/recipes/fruhlings-strudel-mit-krautercreme-and-kohlrabi-6446bd777c3864bffb006547,franzosische-rezepte,6446bd777c3864bffb006547,franzosisch
https://www.hellofresh.de/recipes/spinatrollen-mit-sahnemeerrettichcreme-65859ad0f9c7ff86899453a4,franzosische-rezepte,65859ad0f9c7ff86899453a4,franzosisch
https://www.hellofresh.de/recipes/rindersteak-mit-granatapfel-gremolata-657716d0ba37c0febace2d74,franzosische-rezepte,657716d0ba37c0febace2d74,franzosisch
https://www.hellofresh.de/recipes/hirschsteak-mit-dijonbutter-und-salbeikartoffeln-637c84d4fa6d8c2e36004b9a,franzosische-rezepte,637c84d4fa6d8c2e36004b9a,franzosisch
https://www.hellofresh.de/recipes/rinderhuftsteak-mit-prinzessbohnen-und-mandeln-64190913117d9b555e0ac912,franzosische-rezepte,64190913117d9b555e0ac912,franzosisch
https://www.hellofresh.de/recipes/poulet-roti-hahnchen-mit-karamellisierten-karotten-65e5fa54762a70483e9da8a3,franzosische-rezepte,65e5fa54762a70483e9da8a3,franzosisch
https://www.hellofresh.de/recipes/mandel-ziegenkase-auf-linsensalat-mit-cranberries-653663fb16f966aee9240489,franzosische-rezepte,653663fb16f966aee9240489,franzosisch
https://www.hellofresh.de/recipes/fenchel-zwiebel-flammkuchen-64e860ae4e40d5c6cb1a54a6,franzosische-rezepte,64e860ae4e40d5c6cb1a54a6,franzosisch
https://www.hellofresh.de/recipes/kernige-ziegenkasetaler-auf-buntem-salat-67470e70b1d252afb328ded4,franzosische-rezepte,67470e70b1d252afb328ded4,franzosisch
https://www.hellofresh.de/recipes/hahnchenbrust-an-salat-mit-aprikosen-curry-dressing-66728ffc37bff126fa74f5f7,franzosische-rezepte,66728ffc37bff126fa74f5f7,franzosisch
https://www.hellofresh.de/recipes/mandel-ziegenkase-auf-linsensalat-65cb2fd95d0250930594574f,franzosische-rezepte,65cb2fd95d0250930594574f,franzosisch
https://www.hellofresh.de/recipes/rindersteak-mit-granatapfel-gremolata-65953a04c7596f421e53d3ba,franzosische-rezepte,65953a04c7596f421e53d3ba,franzosisch
https://www.hellofresh.de/recipes/hahnchenbrust-in-salbei-thymian-marinade-64e3b212a2c417189e0daae5,franzosische-rezepte,64e3b212a2c417189e0daae5,franzosisch
https://www.hellofresh.de/recipes/rinderhuftsteak-in-zwiebel-balsamico-sosse-64c92dba7d51e966770dc50c,franzosische-rezepte,64c92dba7d51e966770dc50c,franzosisch
https://www.hellofresh.de/recipes/rinderhuftsteak-mit-bouillonkartoffeln-61a61ef3c538d64ba0004e63,franzosische-rezepte,61a61ef3c538d64ba0004e63,franzosisch
https://www.hellofresh.de/recipes/honig-gebackener-camembert-mit-pekannussen-61de9ce86bb3b430ac2da8f4,franzosische-rezepte,61de9ce86bb3b430ac2da8f4,franzosisch
https://www.hellofresh.de/recipes/perlencouscous-salat-mit-gurke-and-orange-65f1c6f097477827aca4f2d3,franzosische-rezepte,65f1c6f097477827aca4f2d3,franzosisch
https://www.hellofresh.de/recipes/rinderhuftsteak-in-zwiebel-balsamico-sosse-64df2a24edeb8104eac9089f,franzosische-rezepte,64df2a24edeb8104eac9089f,franzosisch
https://www.hellofresh.de/recipes/grillkase-mit-frischem-rote-beete-salat-65fd518678b19ca7c0a952d9,franzosische-rezepte,65fd518678b19ca7c0a952d9,franzosisch
https://www.hellofresh.de/recipes/kernige-ziegenkasetaler-auf-buntem-salat-62fbdf6d004a42900b03368c,franzosische-rezepte,62fbdf6d004a42900b03368c,franzosisch
https://www.hellofresh.de/recipes/kernige-ziegenkasetaler-auf-buntem-salat-63f471537676216c1b060ce1,franzosische-rezepte,63f471537676216c1b060ce1,franzosisch
https://www.hellofresh.de/recipes/fenchel-linsen-salat-mit-hirtenkase-6540c1709f9fbc0b0a529761,rezepte-naher-osten,6540c1709f9fbc0b0a529761,rezepte-naher-osten
https://www.hellofresh.de/recipes/hahnchenbrust-auf-balsamico-linsen-salat-65b242543ebf28940b2ffca3,rezepte-naher-osten,65b242543ebf28940b2ffca3,rezepte-naher-osten
https://www.hellofresh.de/recipes/dinkel-aprikosen-pilaw-mit-grillkasesticks-6666c095d824d78597575935,rezepte-naher-osten,6666c095d824d78597575935,rezepte-naher-osten
https://www.hellofresh.de/recipes/perlcouscous-bowl-mit-geschmorter-zucchini-655b2c872d94ad532d60e0a0,rezepte-naher-osten,655b2c872d94ad532d60e0a0,rezepte-naher-osten
https://www.hellofresh.de/recipes/harissa-fischfilet-mit-bulgursalat-650083a3786cce2df0e0788a,rezepte-naher-osten,650083a3786cce2df0e0788a,rezepte-naher-osten
https://www.hellofresh.de/recipes/harissa-fischfilet-mit-bulgursalat-643e11d2285d2cbf0c07f7e7,rezepte-naher-osten,643e11d2285d2cbf0c07f7e7,rezepte-naher-osten
https://www.hellofresh.de/recipes/badridschani-georgische-auberginenrollen-6384c12fa40c39bc79097858,rezepte-naher-osten,6384c12fa40c39bc79097858,rezepte-naher-osten
https://www.hellofresh.de/recipes/badridschani-georgische-auberginenrollen-63cfb24180fcdf69d505a82f,rezepte-naher-osten,63cfb24180fcdf69d505a82f,rezepte-naher-osten
https://www.hellofresh.de/recipes/bulgursalat-mit-honig-ziegenkase-crumble-62f67549eacfc7aa090ed65f,rezepte-naher-osten,62f67549eacfc7aa090ed65f,rezepte-naher-osten
https://www.hellofresh.de/recipes/hahnchenkeule-mit-harissa-honig-karotten-65859b44f9c7ff8689945b92,rezepte-naher-osten,65859b44f9c7ff8689945b92,rezepte-naher-osten
https://www.hellofresh.de/recipes/rindfleischkofte-auf-goldenem-sultaninen-reis-64631ad7a1cd64a9aa097598,rezepte-naher-osten,64631ad7a1cd64a9aa097598,rezepte-naher-osten
https://www.hellofresh.de/recipes/veganes-schawarma-mit-couscous-and-rotkohlsalat-64df83b1059e1b8982c0392e,rezepte-naher-osten,64df83b1059e1b8982c0392e,rezepte-naher-osten
https://www.hellofresh.de/recipes/dinkel-aprikosen-pilaw-mit-grillkasesticks-667a7cba37bff126fa7584a9,rezepte-naher-osten,667a7cba37bff126fa7584a9,rezepte-naher-osten
https://www.hellofresh.de/recipes/libanesischer-fattoush-brotsalat-mit-hirtenkase-661e8e8a5c9ad41013c09e69,rezepte-naher-osten,661e8e8a5c9ad41013c09e69,rezepte-naher-osten
https://www.hellofresh.de/recipes/harissa-rostblumenkohl-auf-hummusstampf-64f86b7a32e9107c6db83606,rezepte-naher-osten,64f86b7a32e9107c6db83606,rezepte-naher-osten
https://www.hellofresh.de/recipes/tomatige-harissa-aprikosen-kichererbsen-6620e670085685a844898382,rezepte-naher-osten,6620e670085685a844898382,rezepte-naher-osten
https://www.hellofresh.de/recipes/veganer-schawarma-teller-mit-tahini-dressing-643e1217250446e0b4048948,rezepte-naher-osten,643e1217250446e0b4048948,rezepte-naher-osten
https://www.hellofresh.de/recipes/perlcouscous-bowl-mit-geschmorter-zucchini-640ff12697f5d1fb8b0ba189,rezepte-naher-osten,640ff12697f5d1fb8b0ba189,rezepte-naher-osten
https://www.hellofresh.de/recipes/hahnchenbrust-auf-balsamico-linsen-salat-659539b5c7596f421e53d398,rezepte-naher-osten,659539b5c7596f421e53d398,rezepte-naher-osten
https://www.hellofresh.de/recipes/wildreis-harissa-pilaf-mit-cranberries-63f33a9a63c5112753071a82,rezepte-naher-osten,63f33a9a63c5112753071a82,rezepte-naher-osten
https://www.hellofresh.de/recipes/kichererbsen-baharat-bowl-mit-perlencouscous-63734f038b613e82570aa408,rezepte-naher-osten,63734f038b613e82570aa408,rezepte-naher-osten
https://www.hellofresh.de/recipes/hahnchen-perlcouscous-salat-65f963c78b3de89f4a7864f7,rezepte-naher-osten,65f963c78b3de89f4a7864f7,rezepte-naher-osten
https://www.hellofresh.de/recipes/rinderhackfleisch-kofte-auf-bulgur-65bcbb924ea9c06e9e331e65,rezepte-naher-osten,65bcbb924ea9c06e9e331e65,rezepte-naher-osten
https://www.hellofresh.de/recipes/hahnchen-perlcouscous-salat-660586805ce3cbf560d79a4c,rezepte-naher-osten,660586805ce3cbf560d79a4c,rezepte-naher-osten
https://www.hellofresh.de/recipes/rindfleischkofte-auf-goldenem-sultaninen-reis-660586575ce3cbf560d798c3,rezepte-naher-osten,660586575ce3cbf560d798c3,rezepte-naher-osten
https://www.hellofresh.de/recipes/hummus-bowl-mit-sesamaubergine-62c436e3dd5f71a90405913a,rezepte-naher-osten,62c436e3dd5f71a90405913a,rezepte-naher-osten
https://www.hellofresh.de/recipes/bunt-gefullter-wrap-mit-falafelballchen-64e886534e40d5c6cb1a6361,rezepte-naher-osten,64e886534e40d5c6cb1a6361,rezepte-naher-osten
https://www.hellofresh.de/recipes/dinkel-aprikosen-pilaw-mit-halloumisticks-65b8d5dcd1da3988cdd8d1f6,rezepte-naher-osten,65b8d5dcd1da3988cdd8d1f6,rezepte-naher-osten
https://www.hellofresh.de/recipes/rinderhackfleisch-kofte-auf-bulgur-659bf322aa12a55eb35331da,rezepte-naher-osten,659bf322aa12a55eb35331da,rezepte-naher-osten
https://www.hellofresh.de/recipes/geschmorte-aubergine-auf-krauter-bulgur-6511534fadeb498a75282748,rezepte-naher-osten,6511534fadeb498a75282748,rezepte-naher-osten
https://www.hellofresh.de/recipes/wurfelsalat-mit-harissa-grillkase-6551f83e53b95b70f99735e4,rezepte-naher-osten,6551f83e53b95b70f99735e4,rezepte-naher-osten
https://www.hellofresh.de/recipes/perlcouscous-bowl-mit-geschmorter-zucchini-6641d45a4e43120cb074b49c,rezepte-naher-osten,6641d45a4e43120cb074b49c,rezepte-naher-osten
https://www.hellofresh.de/recipes/couscous-mit-dukkah-ofengemuse-64df2a78edeb8104eac90b92,rezepte-naher-osten,64df2a78edeb8104eac90b92,rezepte-naher-osten
https://www.hellofresh.de/recipes/geschmorte-aubergine-auf-bulgur-mit-hirtenkase-64e861374e40d5c6cb1a5c3b,rezepte-naher-osten,64e861374e40d5c6cb1a5c3b,rezepte-naher-osten
https://www.hellofresh.de/recipes/gerostete-honig-harissa-aubergine-mit-burrata-6459e6b1476c8cdb4a02d9fd,rezepte-naher-osten,6459e6b1476c8cdb4a02d9fd,rezepte-naher-osten
https://www.hellofresh.de/recipes/hahnchenbrust-auf-balsamico-linsen-salat-65f867a44690e3c09047137c,rezepte-naher-osten,65f867a44690e3c09047137c,rezepte-naher-osten
https://www.hellofresh.de/recipes/libanesischer-fattoush-brotsalat-mit-hirtenkase-65d489bd6c4f223989876350,rezepte-naher-osten,65d489bd6c4f223989876350,rezepte-naher-osten
https://www.hellofresh.de/recipes/icli-pide-mit-hirtenkase-zwiebeln-and-minzjoghurt-6500839632e9107c6db8e563,rezepte-naher-osten,6500839632e9107c6db8e563,rezepte-naher-osten
https://www.hellofresh.de/recipes/perlcouscous-bowl-mit-geschmorter-zucchini-64ad732cf2c965df86056bed,rezepte-naher-osten,64ad732cf2c965df86056bed,rezepte-naher-osten
https://www.hellofresh.de/recipes/couscous-mit-dukkah-ofengemuse-661e8eb95c9ad41013c0a059,rezepte-naher-osten,661e8eb95c9ad41013c0a059,rezepte-naher-osten
https://www.hellofresh.de/recipes/bulgursalat-mit-honig-ziegenkase-crumble-63a02e868c970711e002ca97,rezepte-naher-osten,63a02e868c970711e002ca97,rezepte-naher-osten
https://www.hellofresh.de/recipes/seehecht-mit-aromatischem-harissagewurz-65cdd01b5d0250930594d176,rezepte-naher-osten,65cdd01b5d0250930594d176,rezepte-naher-osten
https://www.hellofresh.de/recipes/badridschani-georgische-auberginenrollen-633192d95a8712c5030bcd36,rezepte-naher-osten,633192d95a8712c5030bcd36,rezepte-naher-osten
https://www.hellofresh.de/recipes/putenbrust-auf-balsamico-linsen-salat-655638df2d94ad532d60a711,rezepte-naher-osten,655638df2d94ad532d60a711,rezepte-naher-osten
https://www.hellofresh.de/recipes/wurfelsalat-mit-harissa-grillkase-und-kartoffelcroutons-63e1b640351a222899036170,rezepte-naher-osten,63e1b640351a222899036170,rezepte-naher-osten
https://www.hellofresh.de/recipes/seehecht-mit-aromatischem-harissagewurz-65dc74ac700746d2fe52295c,rezepte-naher-osten,65dc74ac700746d2fe52295c,rezepte-naher-osten
https://www.hellofresh.de/recipes/zatar-lachsfilet-auf-linsen-tabbouleh-64ad7383a221034e0e045f24,rezepte-naher-osten,64ad7383a221034e0e045f24,rezepte-naher-osten
https://www.hellofresh.de/recipes/veganer-schawarma-teller-mit-tahini-dressing-62dc3f9bce47a8a054051fd6,rezepte-naher-osten,62dc3f9bce47a8a054051fd6,rezepte-naher-osten
https://www.hellofresh.de/recipes/ziegenkase-tabbouleh-mit-granatapfel-65d489ae6c4f2239898762ca,rezepte-naher-osten,65d489ae6c4f2239898762ca,rezepte-naher-osten
https://www.hellofresh.de/recipes/perlcouscous-bowl-mit-geschmorter-zucchini-6576e53f3405d840b2be62d5,rezepte-naher-osten,6576e53f3405d840b2be62d5,rezepte-naher-osten
https://www.hellofresh.de/recipes/champignon-bohnen-quinoa-655346991b313a369d617c65,rezepte-naher-osten,655346991b313a369d617c65,rezepte-naher-osten
https://www.hellofresh.de/recipes/ziegenkase-tabbouleh-mit-granatapfel-64c871ee7878e63862065258,rezepte-naher-osten,64c871ee7878e63862065258,rezepte-naher-osten
https://www.hellofresh.de/recipes/hahnchenkeule-mit-harissa-honig-karotten-6576e5eb3405d840b2be6319,rezepte-naher-osten,6576e5eb3405d840b2be6319,rezepte-naher-osten
https://www.hellofresh.de/recipes/seehecht-mit-aromatischem-harissagewurz-653b991ee06ba991027700f8,rezepte-naher-osten,653b991ee06ba991027700f8,rezepte-naher-osten
https://www.hellofresh.de/recipes/kichererbsen-baharat-bowl-mit-perlencouscous-63eb492677a7dd9f8305b4c0,rezepte-naher-osten,63eb492677a7dd9f8305b4c0,rezepte-naher-osten
https://www.hellofresh.de/recipes/hummus-bowl-mit-sesamaubergine-6268eec1eb46ebbd5f0b13d5,rezepte-naher-osten,6268eec1eb46ebbd5f0b13d5,rezepte-naher-osten
https://www.hellofresh.de/recipes/seehecht-mit-aromatischem-harissagewurz-65d48985ebca12e273053659,rezepte-naher-osten,65d48985ebca12e273053659,rezepte-naher-osten
https://www.hellofresh.de/recipes/harissa-rostblumenkohl-auf-hummusstampf-6446bd477ffc691fa1011072,rezepte-naher-osten,6446bd477ffc691fa1011072,rezepte-naher-osten
https://www.hellofresh.de/recipes/harissa-hahnchenbrust-mit-aubergine-63f33a7f20bbe9b25a0d1ba8,rezepte-naher-osten,63f33a7f20bbe9b25a0d1ba8,rezepte-naher-osten
https://www.hellofresh.de/recipes/gerostete-honig-harissa-aubergine-mit-burrata-63e1b6010a46a203b6004d47,rezepte-naher-osten,63e1b6010a46a203b6004d47,rezepte-naher-osten
https://www.hellofresh.de/recipes/fenchel-linsen-salat-mit-hirtenkase-656468a05234ba85b73bd710,rezepte-naher-osten,656468a05234ba85b73bd710,rezepte-naher-osten
https://www.hellofresh.de/recipes/couscous-mit-dukkah-ofengemuse-62da9ce4400bd9c927055ce8,rezepte-naher-osten,62da9ce4400bd9c927055ce8,rezepte-naher-osten
https://www.hellofresh.de/recipes/hummus-avocado-wrap-64e861004e40d5c6cb1a596c,rezepte-naher-osten,64e861004e40d5c6cb1a596c,rezepte-naher-osten
https://www.hellofresh.de/recipes/rindfleischkofte-auf-goldenem-sultaninen-reis-64df2a27edeb8104eac908ba,rezepte-naher-osten,64df2a27edeb8104eac908ba,rezepte-naher-osten
https://www.hellofresh.de/recipes/fenchel-linsen-salat-mit-hirtenkase-664360ffc72b4f891e542e2f,rezepte-naher-osten,664360ffc72b4f891e542e2f,rezepte-naher-osten
https://www.hellofresh.de/recipes/wurfelsalat-mit-harissa-grillkase-656468ba53b95b70f9991494,rezepte-naher-osten,656468ba53b95b70f9991494,rezepte-naher-osten
https://www.hellofresh.de/recipes/zatar-gemuse-mit-hirtenkase-crumble-and-butterbohnen-hummus-63e1b652eef173a9c70c841f,rezepte-naher-osten,63e1b652eef173a9c70c841f,rezepte-naher-osten
https://www.hellofresh.de/recipes/rinderhackfleisch-kofte-auf-bulgur-65b2428ba8fb57b0b41e756d,rezepte-naher-osten,65b2428ba8fb57b0b41e756d,rezepte-naher-osten
https://www.hellofresh.de/recipes/perlencouscous-salat-mit-ziegenkase-and-cranberries-64e886734e40d5c6cb1a63dc,rezepte-naher-osten,64e886734e40d5c6cb1a63dc,rezepte-naher-osten
https://www.hellofresh.de/recipes/wurfelsalat-mit-harissa-grillkase-661e8ec4019ddbd535c03b5e,rezepte-naher-osten,661e8ec4019ddbd535c03b5e,rezepte-naher-osten
https://www.hellofresh.de/recipes/hahnchen-perlcouscous-salat-65dc6122ed8dba6400938bba,rezepte-naher-osten,65dc6122ed8dba6400938bba,rezepte-naher-osten
https://www.hellofresh.de/recipes/hamshuka-hackfleisch-auf-hummusstampf-65d48c497597174e16c0d033,rezepte-naher-osten,65d48c497597174e16c0d033,rezepte-naher-osten
https://www.hellofresh.de/recipes/bulgursalat-mit-schweinefiletspitzen-630cb71dac6d5e0402050f37,rezepte-naher-osten,630cb71dac6d5e0402050f37,rezepte-naher-osten
https://www.hellofresh.de/recipes/seehecht-mit-aromatischem-harissagewurz-65ae45ad7a5c42553ab7238a,rezepte-naher-osten,65ae45ad7a5c42553ab7238a,rezepte-naher-osten
https://www.hellofresh.de/recipes/wurfelsalat-mit-harissa-grillkase-und-kartoffelcroutons-64631b12712a940da80a8841,rezepte-naher-osten,64631b12712a940da80a8841,rezepte-naher-osten
https://www.hellofresh.de/recipes/wurfelsalat-mit-harissa-grillkase-und-kartoffelcroutons-65115055adeb498a752825dd,rezepte-naher-osten,65115055adeb498a752825dd,rezepte-naher-osten
https://www.hellofresh.de/recipes/hahnchen-mit-aprikosen-curry-sosse-64e860f34e40d5c6cb1a58c6,rezepte-naher-osten,64e860f34e40d5c6cb1a58c6,rezepte-naher-osten
https://www.hellofresh.de/recipes/hamshuka-65786012ba37c0febace6421,rezepte-naher-osten,65786012ba37c0febace6421,rezepte-naher-osten
https://www.hellofresh.de/recipes/hahnchenbrust-auf-balsamico-linsen-salat-6540c18e9f9fbc0b0a5298a2,rezepte-naher-osten,6540c18e9f9fbc0b0a5298a2,rezepte-naher-osten
https://www.hellofresh.de/recipes/rindfleischkofte-auf-goldenem-sultaninen-reis-63d8ee6a9bbfac37ae05659a,rezepte-naher-osten,63d8ee6a9bbfac37ae05659a,rezepte-naher-osten
https://www.hellofresh.de/recipes/harissa-fischfilet-mit-bulgursalat-634e5149d226cc3d8f02a661,rezepte-naher-osten,634e5149d226cc3d8f02a661,rezepte-naher-osten
https://www.hellofresh.de/recipes/hahnchenkeule-mit-bunten-harissa-honig-karotten-63171dd5837df2d6af04e49b,rezepte-naher-osten,63171dd5837df2d6af04e49b,rezepte-naher-osten
https://www.hellofresh.de/recipes/couscous-mit-dukkah-ofengemuse-628ba085e1b356c5540b9ebd,rezepte-naher-osten,628ba085e1b356c5540b9ebd,rezepte-naher-osten
https://www.hellofresh.de/recipes/zitronen-hahnchenkeule-mit-tabbouleh-6268ee74ea24f0f03e0149a3,rezepte-naher-osten,6268ee74ea24f0f03e0149a3,rezepte-naher-osten
https://www.hellofresh.de/recipes/ziegenkase-tabbouleh-mit-granatapfel-6548f3063357e0637a82e618,rezepte-naher-osten,6548f3063357e0637a82e618,rezepte-naher-osten
https://www.hellofresh.de/recipes/wurfelsalat-mit-harissa-grillkase-65f813c91d9f403b835b3bbc,rezepte-naher-osten,65f813c91d9f403b835b3bbc,rezepte-naher-osten
https://www.hellofresh.de/recipes/fattoush-libanesischer-brotsalat-mit-aubergine-64c872424e9e3df10e0d1e69,rezepte-naher-osten,64c872424e9e3df10e0d1e69,rezepte-naher-osten
https://www.hellofresh.de/recipes/zatar-gemuse-mit-hirtenkase-crumble-64b6847012826c25880e67ac,rezepte-naher-osten,64b6847012826c25880e67ac,rezepte-naher-osten
https://www.hellofresh.de/recipes/harissa-seehechtfilet-mit-bulgursalat-62a879607a4d881dd20e1a15,rezepte-naher-osten,62a879607a4d881dd20e1a15,rezepte-naher-osten
https://www.hellofresh.de/recipes/harissa-fischfilet-mit-bulgursalat-639882d20ec90de1ce09f681,rezepte-naher-osten,639882d20ec90de1ce09f681,rezepte-naher-osten
https://www.hellofresh.de/recipes/harissa-hahnchenbrust-mit-aubergine-65859e0ef9c7ff8689945fde,rezepte-naher-osten,65859e0ef9c7ff8689945fde,rezepte-naher-osten
https://www.hellofresh.de/recipes/reis-harissa-pilaf-mit-cranberries-661e8f155c9ad41013c0a446,rezepte-naher-osten,661e8f155c9ad41013c0a446,rezepte-naher-osten
https://www.hellofresh.de/recipes/balsamico-linsen-salat-mit-hahnchenbrust-64b684c3a8ea9ca6700dbff5,rezepte-naher-osten,64b684c3a8ea9ca6700dbff5,rezepte-naher-osten
https://www.hellofresh.de/recipes/hummus-avocado-wrap-6446bd4ecd4928c6e5001a78,rezepte-naher-osten,6446bd4ecd4928c6e5001a78,rezepte-naher-osten
https://www.hellofresh.de/recipes/hahnchenkeule-mit-bunten-harissa-honig-karotten-63eb4976a70260ea390aed95,rezepte-naher-osten,63eb4976a70260ea390aed95,rezepte-naher-osten
https://www.hellofresh.de/recipes/hahnchenkeule-mit-bunten-harissa-honig-karotten-64916c1b648f4189d10648c5,rezepte-naher-osten,64916c1b648f4189d10648c5,rezepte-naher-osten
https://www.hellofresh.de/recipes/harissa-fischfilet-mit-bulgursalat-62f0fca75e8e2ab450027b49,rezepte-naher-osten,62f0fca75e8e2ab450027b49,rezepte-naher-osten
https://www.hellofresh.de/recipes/libertys-turbo-hahnchen-6523c7c9be675f371f8b060c,rezepte-naher-osten,6523c7c9be675f371f8b060c,rezepte-naher-osten
https://www.hellofresh.de/recipes/rauchertofu-teller-kebab-style-6500837c786cce2df0e077bb,rezepte-naher-osten,6500837c786cce2df0e077bb,rezepte-naher-osten
https://www.hellofresh.de/recipes/hummus-linsen-bowl-mit-sesamaubergine-64e888ec40ec4203972fb855,rezepte-naher-osten,64e888ec40ec4203972fb855,rezepte-naher-osten
https://www.hellofresh.de/recipes/ziegenkase-tabbouleh-mit-granatapfel-6459e6ae627baa69c40c1d18,rezepte-naher-osten,6459e6ae627baa69c40c1d18,rezepte-naher-osten
https://www.hellofresh.de/recipes/perlencouscous-salat-mit-ziegenkase-630cb6d6396a307c250a9264,rezepte-naher-osten,630cb6d6396a307c250a9264,rezepte-naher-osten
https://www.hellofresh.de/recipes/wurfelsalat-mit-harissa-grillkase-6572e050105c9621030b59ff,rezepte-naher-osten,6572e050105c9621030b59ff,rezepte-naher-osten
https://www.hellofresh.de/recipes/badridschani-georgische-auberginenrollen-625ec0d20350f76e3b5a0c72,rezepte-naher-osten,625ec0d20350f76e3b5a0c72,rezepte-naher-osten
https://www.hellofresh.de/recipes/ziegenkase-tabbouleh-mit-granatapfel-6548b896d637bf067f0a01e4,rezepte-naher-osten,6548b896d637bf067f0a01e4,rezepte-naher-osten
https://www.hellofresh.de/recipes/rindfleischkofte-auf-goldenem-sultaninen-reis-6331c552eb0b6bdb5404703e,rezepte-naher-osten,6331c552eb0b6bdb5404703e,rezepte-naher-osten
https://www.hellofresh.de/recipes/perlcouscous-bowl-mit-geschmorter-zucchini-631f0e088cae8e985a02338c,rezepte-naher-osten,631f0e088cae8e985a02338c,rezepte-naher-osten
https://www.hellofresh.de/recipes/perlcouscous-bowl-mit-geschmorter-zucchini-63c1624148ab2965c408368f,rezepte-naher-osten,63c1624148ab2965c408368f,rezepte-naher-osten
https://www.hellofresh.de/recipes/bulgurpfanne-mit-seelachs-und-krauterdip-62cd76fe419df1abd50f9028,rezepte-naher-osten,62cd76fe419df1abd50f9028,rezepte-naher-osten
https://www.hellofresh.de/recipes/couscous-mit-dukkah-ofengemuse-63d8ee89f9360e9ffb0c4d56,rezepte-naher-osten,63d8ee89f9360e9ffb0c4d56,rezepte-naher-osten
https://www.hellofresh.de/recipes/rinderhackfleisch-kofte-auf-bulgur-646c9339245c3420660f1d47,rezepte-naher-osten,646c9339245c3420660f1d47,rezepte-naher-osten
https://www.hellofresh.de/recipes/rindfleischkofte-auf-goldenem-sultaninen-reis-6551f63c70cac64bddcad5a0,rezepte-naher-osten,6551f63c70cac64bddcad5a0,rezepte-naher-osten
https://www.hellofresh.de/recipes/rindfleischkofte-auf-goldenem-sultaninen-reis-640ff0d2fa4f16aba10788f9,rezepte-naher-osten,640ff0d2fa4f16aba10788f9,rezepte-naher-osten
https://www.hellofresh.de/recipes/couscous-mit-dukkah-ofengemuse-65ef173dd4f9506890146291,rezepte-naher-osten,65ef173dd4f9506890146291,rezepte-naher-osten
https://www.hellofresh.de/recipes/wurfelsalat-mit-harissa-grillkase-und-kartoffelcroutons-633192b21639a8794004896a,rezepte-naher-osten,633192b21639a8794004896a,rezepte-naher-osten
https://www.hellofresh.de/recipes/perlencouscous-salat-mit-ziegenkase-and-cranberries-63b31bd45574be2c5b0b566a,rezepte-naher-osten,63b31bd45574be2c5b0b566a,rezepte-naher-osten
https://www.hellofresh.de/recipes/hahnchenkeule-mit-harissa-honig-karotten-63a02ecf7277ef7dc309b49f,rezepte-naher-osten,63a02ecf7277ef7dc309b49f,rezepte-naher-osten
https://www.hellofresh.de/recipes/harissa-rostblumenkohl-auf-hummusstampf-638dc0b14f3d275a61096238,rezepte-naher-osten,638dc0b14f3d275a61096238,rezepte-naher-osten
https://www.hellofresh.de/recipes/perlencouscous-salat-mit-ziegenkase-crumble-65d33c015d02509305953ad6,rezepte-naher-osten,65d33c015d02509305953ad6,rezepte-naher-osten
https://www.hellofresh.de/recipes/couscous-mit-baharat-ofengemuse-641908bf823b68ab74026402,rezepte-naher-osten,641908bf823b68ab74026402,rezepte-naher-osten
https://www.hellofresh.de/recipes/couscous-mit-dukkah-ofengemuse-655b311453b95b70f997efeb,rezepte-naher-osten,655b311453b95b70f997efeb,rezepte-naher-osten
https://www.hellofresh.de/recipes/rindfleischkofte-auf-goldenem-sultaninen-reis-65ae39112052454790628815,rezepte-naher-osten,65ae39112052454790628815,rezepte-naher-osten
https://www.hellofresh.de/recipes/champignon-bohnen-quinoa-64e3b2100989be803362eafe,rezepte-naher-osten,64e3b2100989be803362eafe,rezepte-naher-osten
https://www.hellofresh.de/recipes/rindfleischkofte-auf-goldenem-sultaninen-reis-65f963d0473c4f42771cff5f,rezepte-naher-osten,65f963d0473c4f42771cff5f,rezepte-naher-osten
https://www.hellofresh.de/recipes/ziegenkase-tabbouleh-mit-granatapfel-64916b8225f4d5d0e70e34a7,rezepte-naher-osten,64916b8225f4d5d0e70e34a7,rezepte-naher-osten
https://www.hellofresh.de/recipes/seehecht-getoppt-mit-zitronen-thymian-panko-6268eecf6e6c72aa8e04fc78,rezepte-naher-osten,6268eecf6e6c72aa8e04fc78,rezepte-naher-osten
https://www.hellofresh.de/recipes/balsamico-linsen-salat-mit-hahnchenbrust-64df2a75552e10127649f25f,rezepte-naher-osten,64df2a75552e10127649f25f,rezepte-naher-osten
https://www.hellofresh.de/recipes/rindfleischkofte-auf-goldenem-sultaninen-reis-65d3231aad601d3d957aae08,rezepte-naher-osten,65d3231aad601d3d957aae08,rezepte-naher-osten
https://www.hellofresh.de/recipes/hahnchen-perlencouscous-salat-64998ca7c177509e030cd3c7,rezepte-naher-osten,64998ca7c177509e030cd3c7,rezepte-naher-osten
https://www.hellofresh.de/recipes/warmer-kartoffelsalat-in-harissadressing-65d489337597174e16c0c7cd,rezepte-naher-osten,65d489337597174e16c0c7cd,rezepte-naher-osten
https://www.hellofresh.de/recipes/bunte-falafel-bowl-mit-wurzelgemuse-627a72553a0e98fc63036bca,rezepte-naher-osten,627a72553a0e98fc63036bca,rezepte-naher-osten
https://www.hellofresh.de/recipes/perlencouscous-salat-mit-ziegenkase-crumble-664732cb7d59947cc3a71f87,rezepte-naher-osten,664732cb7d59947cc3a71f87,rezepte-naher-osten
https://www.hellofresh.de/recipes/perlcouscous-bowl-mit-geschmorter-zucchini-66014c5c6c6e132758b2aa88,rezepte-naher-osten,66014c5c6c6e132758b2aa88,rezepte-naher-osten
https://www.hellofresh.de/recipes/fattoush-libanesischer-brotsalat-mit-aubergine-65329a0416f966aee923e563,rezepte-naher-osten,65329a0416f966aee923e563,rezepte-naher-osten
https://www.hellofresh.de/recipes/fattoush-libanesischer-brotsalat-mit-aubergine-64881fe2656db21e010b303a,rezepte-naher-osten,64881fe2656db21e010b303a,rezepte-naher-osten
https://www.hellofresh.de/recipes/hahnchen-mit-aprikosen-curry-sosse-661e8eb7019ddbd535c03b1f,rezepte-naher-osten,661e8eb7019ddbd535c03b1f,rezepte-naher-osten
https://www.hellofresh.de/recipes/gerostete-honig-harissa-aubergine-mit-burrata-640ff0da8af5a96831003de2,rezepte-naher-osten,640ff0da8af5a96831003de2,rezepte-naher-osten
https://www.hellofresh.de/recipes/hahnchen-perlencouscous-salat-mit-oliven-6283a85f4a1acc87b10365c8,rezepte-naher-osten,6283a85f4a1acc87b10365c8,rezepte-naher-osten
https://www.hellofresh.de/recipes/harissa-hahnchenbrust-mit-aubergine-62713ab2c8aeec24a80fdf3b,rezepte-naher-osten,62713ab2c8aeec24a80fdf3b,rezepte-naher-osten
https://www.hellofresh.de/recipes/wurfelsalat-mit-harissa-grillkase-6666bfb2d824d78597575892,rezepte-naher-osten,6666bfb2d824d78597575892,rezepte-naher-osten
https://www.hellofresh.de/recipes/perlencouscous-salat-mit-ziegenkase-6360f421ea60fefce701d78b,rezepte-naher-osten,6360f421ea60fefce701d78b,rezepte-naher-osten
https://www.hellofresh.de/recipes/hummus-bowl-mit-sesamaubergine-and-linsen-634e51a8d1dab0c4890f5cd1,rezepte-naher-osten,634e51a8d1dab0c4890f5cd1,rezepte-naher-osten
https://www.hellofresh.de/recipes/couscous-mit-dukkah-ofengemuse-650819fb270f68660e1ac6fc,rezepte-naher-osten,650819fb270f68660e1ac6fc,rezepte-naher-osten
https://www.hellofresh.de/recipes/hahnchen-mit-aprikosen-curry-sosse-65d86c68700746d2fe51fc64,rezepte-naher-osten,65d86c68700746d2fe51fc64,rezepte-naher-osten
https://www.hellofresh.de/recipes/perlencouscous-salat-mit-ziegenkase-62c4369270167887d6084c2b,rezepte-naher-osten,62c4369270167887d6084c2b,rezepte-naher-osten
https://www.hellofresh.de/recipes/ziegenkase-tabbouleh-mit-granatapfel-6523bfe0d07173a1e1f02ea1,rezepte-naher-osten,6523bfe0d07173a1e1f02ea1,rezepte-naher-osten
https://www.hellofresh.de/recipes/wurfelsalat-mit-harissa-grillkase-und-kartoffelcroutons-6421482952f692fc3608a53b,rezepte-naher-osten,6421482952f692fc3608a53b,rezepte-naher-osten
https://www.hellofresh.de/recipes/perlcouscous-bowl-mit-geschmorter-zucchini-652cff696720825b47fd7fff,rezepte-naher-osten,652cff696720825b47fd7fff,rezepte-naher-osten
https://www.hellofresh.de/recipes/blumenkohl-tabbouleh-mit-pfirsich-ajvar-dressing-638dc1466e2cc248f8072211,rezepte-naher-osten,638dc1466e2cc248f8072211,rezepte-naher-osten
https://www.hellofresh.de/recipes/wurfelsalat-mit-harissa-grillkase-und-kartoffelcroutons-64e860f64e40d5c6cb1a58ea,rezepte-naher-osten,64e860f64e40d5c6cb1a58ea,rezepte-naher-osten
https://www.hellofresh.de/recipes/sesam-susskartoffel-mit-hummus-dip-62f0fccab0d453b9150e70cb,rezepte-naher-osten,62f0fccab0d453b9150e70cb,rezepte-naher-osten
https://www.hellofresh.de/recipes/icli-pide-mit-hirtenkase-zwiebeln-and-minzjoghurt-6502e9ce32e9107c6db9135d,rezepte-naher-osten,6502e9ce32e9107c6db9135d,rezepte-naher-osten
https://www.hellofresh.de/recipes/rauchertofu-teller-kebab-style-653f7ec12fab1d7bab10d55d,rezepte-naher-osten,653f7ec12fab1d7bab10d55d,rezepte-naher-osten
https://www.hellofresh.de/recipes/hahnchenkeule-mit-harissa-honig-karotten-65200f6abe675f371f8ad8b0,rezepte-naher-osten,65200f6abe675f371f8ad8b0,rezepte-naher-osten
https://www.hellofresh.de/recipes/bunter-gemuse-wrap-mit-falafelballchen-6419091cb7182205d60f22f8,rezepte-naher-osten,6419091cb7182205d60f22f8,rezepte-naher-osten
https://www.hellofresh.de/recipes/hummus-bowl-mit-sesamaubergine-642148668eb16c8598056b5f,rezepte-naher-osten,642148668eb16c8598056b5f,rezepte-naher-osten
https://www.hellofresh.de/recipes/mezze-platte-mit-linsen-tabbouleh-and-hummus-62a879976eb38459090192b3,rezepte-naher-osten,62a879976eb38459090192b3,rezepte-naher-osten
https://www.hellofresh.de/recipes/ziegenkase-tabbouleh-mit-granatapfel-and-minz-dressing-642147d09e00fbf406082810,rezepte-naher-osten,642147d09e00fbf406082810,rezepte-naher-osten
https://www.hellofresh.de/recipes/fenchel-linsen-salat-mit-hirtenkase-65d48c257597174e16c0cfda,rezepte-naher-osten,65d48c257597174e16c0cfda,rezepte-naher-osten
https://www.hellofresh.de/recipes/warmer-kartoffelsalat-in-harissadressing-661ceb01a0f8bf5f811e5d6e,rezepte-naher-osten,661ceb01a0f8bf5f811e5d6e,rezepte-naher-osten
https://www.hellofresh.de/recipes/perlcouscous-bowl-mit-geschmorter-zucchini-65a50887a4190de83372bb3f,rezepte-naher-osten,65a50887a4190de83372bb3f,rezepte-naher-osten
https://www.hellofresh.de/recipes/veganer-schawarma-teller-mit-tahini-dressing-6540c14be06ba9910277db3c,rezepte-naher-osten,6540c14be06ba9910277db3c,rezepte-naher-osten
https://www.hellofresh.de/recipes/fattoush-orientalischer-brotsalat-63f471067676216c1b060cdd,rezepte-naher-osten,63f471067676216c1b060cdd,rezepte-naher-osten
https://www.hellofresh.de/recipes/ajvar-hummus-makali-wrap-mit-kartoffelspalten-64e0063f0989be803362a767,rezepte-naher-osten,64e0063f0989be803362a767,rezepte-naher-osten
https://www.hellofresh.de/recipes/perlcouscous-bowl-mit-geschmorter-zucchini-65c9ec24fb119bc90e9d1cef,rezepte-naher-osten,65c9ec24fb119bc90e9d1cef,rezepte-naher-osten
https://www.hellofresh.de/recipes/fattoush-libanesischer-brotsalat-mit-aubergine-64e73ce84e40d5c6cb1a30e0,rezepte-naher-osten,64e73ce84e40d5c6cb1a30e0,rezepte-naher-osten
https://www.hellofresh.de/recipes/icli-pide-mit-hirtenkase-zwiebeln-and-minzjoghurt-65044065270f68660e1aaaf5,rezepte-naher-osten,65044065270f68660e1aaaf5,rezepte-naher-osten
https://www.hellofresh.de/recipes/zatar-lachsfilet-auf-linsen-tabbouleh-64e861074e40d5c6cb1a59b8,rezepte-naher-osten,64e861074e40d5c6cb1a59b8,rezepte-naher-osten
https://www.hellofresh.de/recipes/hahnchen-mit-aprikosen-curry-sosse-627a71f21b982766b409f038,rezepte-naher-osten,627a71f21b982766b409f038,rezepte-naher-osten
https://www.hellofresh.de/recipes/rindfleischkofte-auf-goldenem-sultaninen-reis-64998c230cea2f141d0e7949,rezepte-naher-osten,64998c230cea2f141d0e7949,rezepte-naher-osten
https://www.hellofresh.de/recipes/bulgursalat-mit-honig-ziegenkase-crumble-62ab308fdce3f960200aa48e,rezepte-naher-osten,62ab308fdce3f960200aa48e,rezepte-naher-osten
https://www.hellofresh.de/recipes/rindfleischkofte-auf-goldenem-sultaninen-reis-652cfe4ac88a1f5ba6f4d0e7,rezepte-naher-osten,652cfe4ac88a1f5ba6f4d0e7,rezepte-naher-osten
https://www.hellofresh.de/recipes/harissa-rostblumenkohl-auf-hummusstampf-6548bd9e210a8fb22c33f2f0,rezepte-naher-osten,6548bd9e210a8fb22c33f2f0,rezepte-naher-osten
https://www.hellofresh.de/recipes/wurziger-grillkase-auf-tabbouleh-631b5b45b1c12ea92a0439e6,rezepte-naher-osten,631b5b45b1c12ea92a0439e6,rezepte-naher-osten
https://www.hellofresh.de/recipes/couscous-mit-dukkah-ofengemuse-637c8472f30ac134e1038d5a,rezepte-naher-osten,637c8472f30ac134e1038d5a,rezepte-naher-osten
https://www.hellofresh.de/recipes/bunt-gefullter-wrap-mit-falafelballchen-639883178f99b4b0b7059dd6,rezepte-naher-osten,639883178f99b4b0b7059dd6,rezepte-naher-osten
https://www.hellofresh.de/recipes/schawarma-chicken-pasta-mit-schwarzkummel-625ec053ee9a1d3b186a25d8,rezepte-naher-osten,625ec053ee9a1d3b186a25d8,rezepte-naher-osten
https://www.hellofresh.de/recipes/hummus-avocado-wrap-mit-spicy-harissa-karotten-647f24972c1e222f930b7272,rezepte-naher-osten,647f24972c1e222f930b7272,rezepte-naher-osten
https://www.hellofresh.de/recipes/hahnchenbrust-auf-balsamico-linsen-salat-66544f4c3c6f67065179afd4,rezepte-naher-osten,66544f4c3c6f67065179afd4,rezepte-naher-osten
https://www.hellofresh.de/recipes/couscous-mit-dukkah-ofengemuse-66544747d7e2204fdd0961bd,rezepte-naher-osten,66544747d7e2204fdd0961bd,rezepte-naher-osten
https://www.hellofresh.de/recipes/ziegenkase-tabbouleh-mit-granatapfel-64df2a31614f75555c20ecc5,rezepte-naher-osten,64df2a31614f75555c20ecc5,rezepte-naher-osten
https://www.hellofresh.de/recipes/couscous-mit-dukkah-ofengemuse-6536645616f966aee92404c5,rezepte-naher-osten,6536645616f966aee92404c5,rezepte-naher-osten
https://www.hellofresh.de/recipes/hummus-avocado-wrap-64b684218a81ebb88f00ba3e,rezepte-naher-osten,64b684218a81ebb88f00ba3e,rezepte-naher-osten
https://www.hellofresh.de/recipes/bulgurpfanne-mit-seelachs-und-krauterdip-627a72a6d33200dc02017348,rezepte-naher-osten,627a72a6d33200dc02017348,rezepte-naher-osten
https://www.hellofresh.de/recipes/champignon-bohnen-quinoa-656468c953b95b70f99915af,rezepte-naher-osten,656468c953b95b70f99915af,rezepte-naher-osten
https://www.hellofresh.de/recipes/ziegenkase-tabbouleh-mit-cranberries-6643609ec72b4f891e542b2b,rezepte-naher-osten,6643609ec72b4f891e542b2b,rezepte-naher-osten
https://www.hellofresh.de/recipes/harissa-fischfilet-mit-bulgursalat-63e9e0363065f540a804449c,rezepte-naher-osten,63e9e0363065f540a804449c,rezepte-naher-osten
https://www.hellofresh.de/recipes/rindfleischkofte-auf-goldenem-sultaninen-reis-656468b55234ba85b73bd86d,rezepte-naher-osten,656468b55234ba85b73bd86d,rezepte-naher-osten
https://www.hellofresh.de/recipes/perlcouscous-bowl-mit-geschmorter-zucchini-64df2a37552e10127649f03b,rezepte-naher-osten,64df2a37552e10127649f03b,rezepte-naher-osten
https://www.hellofresh.de/recipes/hahnchen-perlencouscous-salat-64ca2c3a81947863d90b21e6,rezepte-naher-osten,64ca2c3a81947863d90b21e6,rezepte-naher-osten
https://www.hellofresh.de/recipes/libertys-turbo-hahnchen-64c871fee53ea6dd81012bbc,rezepte-naher-osten,64c871fee53ea6dd81012bbc,rezepte-naher-osten
https://www.hellofresh.de/recipes/seehecht-mit-aromatischem-harissagewurz-6548f4093357e0637a82e6a1,rezepte-naher-osten,6548f4093357e0637a82e6a1,rezepte-naher-osten
https://www.hellofresh.de/recipes/perlcouscous-bowl-mit-geschmorter-zucchini-637c849560ce6cc9cc002ef5,rezepte-naher-osten,637c849560ce6cc9cc002ef5,rezepte-naher-osten
https://www.hellofresh.de/recipes/couscous-mit-baharat-ofengemuse-64631ae98e924368d20c9d4d,rezepte-naher-osten,64631ae98e924368d20c9d4d,rezepte-naher-osten
https://www.hellofresh.de/recipes/icli-pide-mit-hirtenkase-zwiebeln-and-minzjoghurt-64a2ae453cfaca8d780302e8,rezepte-naher-osten,64a2ae453cfaca8d780302e8,rezepte-naher-osten
https://www.hellofresh.de/recipes/hahnchenkeule-mit-harissa-honig-karotten-64df910db8a6c010d9441309,rezepte-naher-osten,64df910db8a6c010d9441309,rezepte-naher-osten
https://www.hellofresh.de/recipes/couscous-mit-dukkah-ofengemuse-65b2428ea8fb57b0b41e75bb,rezepte-naher-osten,65b2428ea8fb57b0b41e75bb,rezepte-naher-osten
https://www.hellofresh.de/recipes/perlcouscous-bowl-mit-geschmorter-zucchini-64f5a42d71b62ce1283379a3,rezepte-naher-osten,64f5a42d71b62ce1283379a3,rezepte-naher-osten
https://www.hellofresh.de/recipes/balsamico-linsen-salat-mit-hahnchenbrust-64df2a76552e10127649f268,rezepte-naher-osten,64df2a76552e10127649f268,rezepte-naher-osten
https://www.hellofresh.de/recipes/fenchel-linsen-salat-mit-hirtenkase-64ca2c55a5ca5447de0b1785,rezepte-naher-osten,64ca2c55a5ca5447de0b1785,rezepte-naher-osten
https://www.hellofresh.de/recipes/knusper-aubergine-mit-couscous-salat-6283a7f90c6a0a12fc0c83d8,rezepte-naher-osten,6283a7f90c6a0a12fc0c83d8,rezepte-naher-osten
https://www.hellofresh.de/recipes/fattoush-libanesischer-brotsalat-65200f64be675f371f8ad810,rezepte-naher-osten,65200f64be675f371f8ad810,rezepte-naher-osten
https://www.hellofresh.de/recipes/zatar-gemuse-mit-hirtenkase-crumble-and-butterbohnen-hummus-6478b4b201a64b8671043b7a,rezepte-naher-osten,6478b4b201a64b8671043b7a,rezepte-naher-osten
https://www.hellofresh.de/recipes/dorade-mit-aromatischem-harissagewurz-656f4c2002bcfeab655638e1,rezepte-naher-osten,656f4c2002bcfeab655638e1,rezepte-naher-osten
https://www.hellofresh.de/recipes/hahnchenkeule-mit-harissa-honig-karotten-655b2cb45234ba85b73a9d8a,rezepte-naher-osten,655b2cb45234ba85b73a9d8a,rezepte-naher-osten
https://www.hellofresh.de/recipes/couscous-mit-dukkah-ofengemuse-64bf769511eb633edf03ba54,rezepte-naher-osten,64bf769511eb633edf03ba54,rezepte-naher-osten
https://www.hellofresh.de/recipes/wurfelsalat-mit-harissa-grillkase-und-kartoffelcroutons-64c92d53443b161d250f1c1f,rezepte-naher-osten,64c92d53443b161d250f1c1f,rezepte-naher-osten
https://www.hellofresh.de/recipes/rinderhackfleisch-kofte-auf-bulgur-661e8eed5c9ad41013c0a293,rezepte-naher-osten,661e8eed5c9ad41013c0a293,rezepte-naher-osten
https://www.hellofresh.de/recipes/couscous-bowl-mit-ofen-zucchini-64df2a12edeb8104eac9080a,rezepte-naher-osten,64df2a12edeb8104eac9080a,rezepte-naher-osten
https://www.hellofresh.de/recipes/harissa-dorade-mit-bulgursalat-654b83083357e0637a83248c,rezepte-naher-osten,654b83083357e0637a83248c,rezepte-naher-osten
https://www.hellofresh.de/recipes/kartoffelsalat-in-cremigem-harissadressing-647f24a42f87ae6607096412,rezepte-naher-osten,647f24a42f87ae6607096412,rezepte-naher-osten
https://www.hellofresh.de/recipes/balsamico-linsen-salat-mit-hahnchenbrust-652d01396720825b47fd8124,rezepte-naher-osten,652d01396720825b47fd8124,rezepte-naher-osten
https://www.hellofresh.de/recipes/perlencouscous-salat-mit-ziegenkase-65d489b4ebca12e27305389e,rezepte-naher-osten,65d489b4ebca12e27305389e,rezepte-naher-osten
https://www.hellofresh.de/recipes/shawarma-auf-bohnenstampf-64e860a540ec4203972fa7ea,rezepte-naher-osten,64e860a540ec4203972fa7ea,rezepte-naher-osten
https://www.hellofresh.de/recipes/wurfelsalat-mit-harissa-grillkase-und-kartoffelcroutons-64998c7e20c912e9d60d6423,rezepte-naher-osten,64998c7e20c912e9d60d6423,rezepte-naher-osten
https://www.hellofresh.de/recipes/libertys-turbo-hahnchen-652cfd9b6720825b47fd7ecf,rezepte-naher-osten,652cfd9b6720825b47fd7ecf,rezepte-naher-osten
https://www.hellofresh.de/recipes/hahnchen-mit-aprikosen-curry-sosse-65859b1ef9c7ff86899458a8,rezepte-naher-osten,65859b1ef9c7ff86899458a8,rezepte-naher-osten
https://www.hellofresh.de/recipes/couscous-bowl-mit-pistazien-und-avocado-5f2ac32ec22fdc3c143a160e,fusions-rezepte,5f2ac32ec22fdc3c143a160e,fusions-rezepte
https://www.hellofresh.de/recipes/maiskolben-mit-kase-limetten-topping-5f514b552895131a4c065354,fusions-rezepte,5f514b552895131a4c065354,fusions-rezepte
https://www.hellofresh.de/recipes/bunter-halloumi-brot-salat-5cf77d63b818e3001711d261,fusions-rezepte,5cf77d63b818e3001711d261,fusions-rezepte
https://www.hellofresh.de/recipes/auberginen-halloumiauflauf-5c867192c445fa64d77198b2,fusions-rezepte,5c867192c445fa64d77198b2,fusions-rezepte
https://www.hellofresh.de/recipes/gemusepfanne-mit-extra-lachsfilet-5f3e33b6e3704721083bb1f0,fusions-rezepte,5f3e33b6e3704721083bb1f0,fusions-rezepte
https://www.hellofresh.de/recipes/wurziges-ofen-harissa-hahnchen-5c531481e3f3394aa1112012,fusions-rezepte,5c531481e3f3394aa1112012,fusions-rezepte
https://www.hellofresh.de/recipes/wraps-mit-crunchy-champignons-5fc66af496b4c94cb431a207,fusions-rezepte,5fc66af496b4c94cb431a207,fusions-rezepte
https://www.hellofresh.de/recipes/grillplatte-auf-ranch-art-mit-hahnchen-5cf7adb0cf2d63001533e606,fusions-rezepte,5cf7adb0cf2d63001533e606,fusions-rezepte
https://www.hellofresh.de/recipes/harissa-hahnchenkeulen-mit-aubergine-5e4e6b6e42a17262eb35d7a0,fusions-rezepte,5e4e6b6e42a17262eb35d7a0,fusions-rezepte
https://www.hellofresh.de/recipes/halloumi-burger-mit-karotten-bete-sticks-5c4f2930c445fa6e4b7499b2,fusions-rezepte,5c4f2930c445fa6e4b7499b2,fusions-rezepte
https://www.hellofresh.de/recipes/schweinefilet-mit-wurziger-aprikosensosse-6023a494c0c6f51ec35dba82,fusions-rezepte,6023a494c0c6f51ec35dba82,fusions-rezepte
https://www.hellofresh.de/recipes/gebratene-hahnchenbrust-mit-kase-5ee1ec9173868144e5257b6c,fusions-rezepte,5ee1ec9173868144e5257b6c,fusions-rezepte
https://www.hellofresh.de/recipes/uberbackene-penne-mit-getrockneten-tomaten-5f07013267aacd26fe691e33,fusions-rezepte,5f07013267aacd26fe691e33,fusions-rezepte
https://www.hellofresh.de/recipes/schellfisch-mit-dillsosse-5eafd8d2c9918540b13496c7,fusions-rezepte,5eafd8d2c9918540b13496c7,fusions-rezepte
https://www.hellofresh.de/recipes/hahnchenfilets-in-knuspriger-krauterpanade-5d664a08522f9400173a3ed1,fusions-rezepte,5d664a08522f9400173a3ed1,fusions-rezepte
https://www.hellofresh.de/recipes/wurziges-ofen-harissa-hahnchen-5d2ec8527ac6d4000d429dbb,fusions-rezepte,5d2ec8527ac6d4000d429dbb,fusions-rezepte
https://www.hellofresh.de/recipes/schweinefilets-mit-honig-thymian-sosse-5d7f8e03b4f87437a4068e0a,fusions-rezepte,5d7f8e03b4f87437a4068e0a,fusions-rezepte
https://www.hellofresh.de/recipes/bunte-susskartoffel-nacho-bowl-5d6907fa764e8b000d14c902,fusions-rezepte,5d6907fa764e8b000d14c902,fusions-rezepte
https://www.hellofresh.de/recipes/surf-and-turf-rindersteak-und-garnelen-5f476df96e7df87a7249e6e6,fusions-rezepte,5f476df96e7df87a7249e6e6,fusions-rezepte
https://www.hellofresh.de/recipes/uberbackene-haselnussspatzle-5f1ad88bbe876e545a2b7ea8,fusions-rezepte,5f1ad88bbe876e545a2b7ea8,fusions-rezepte
https://www.hellofresh.de/recipes/bohnenpfanne-mit-tortillas-5ee1e90701bf553e6a2c2588,fusions-rezepte,5ee1e90701bf553e6a2c2588,fusions-rezepte
https://www.hellofresh.de/recipes/linsenauflauf-mit-rostikruste-5d80f41e1cf30246ac7e676e,fusions-rezepte,5d80f41e1cf30246ac7e676e,fusions-rezepte
https://www.hellofresh.de/recipes/mit-honig-gebackener-hirtenkase-5d78c32020b681001662d3bc,fusions-rezepte,5d78c32020b681001662d3bc,fusions-rezepte
https://www.hellofresh.de/recipes/ranchplatte-mit-hahnchen-und-filetsandwich-5f7d89f8ba59155848207e18,fusions-rezepte,5f7d89f8ba59155848207e18,fusions-rezepte
https://www.hellofresh.de/recipes/wurzig-feurige-halloumi-tacos-5db06e7055ff1162ea192b42,fusions-rezepte,5db06e7055ff1162ea192b42,fusions-rezepte
https://www.hellofresh.de/recipes/bunte-susskartoffel-nacho-bowl-5c879891c445fa487b5f3bd2,fusions-rezepte,5c879891c445fa487b5f3bd2,fusions-rezepte
https://www.hellofresh.de/recipes/erdnusscurry-mit-kokosreis-5d9f3f635c37421d8b32fe25,fusions-rezepte,5d9f3f635c37421d8b32fe25,fusions-rezepte
https://www.hellofresh.de/recipes/wurzig-feurige-halloumi-garnelen-tacos-5c752e83c445fa77b86372e2,fusions-rezepte,5c752e83c445fa77b86372e2,fusions-rezepte
https://www.hellofresh.de/recipes/uberbackene-penne-5d442ec0abe2d800150de7ad,fusions-rezepte,5d442ec0abe2d800150de7ad,fusions-rezepte
https://www.hellofresh.de/recipes/brokkoli-taler-mit-ofen-susskartoffeln-5c9a3d5de3f3393535103382,fusions-rezepte,5c9a3d5de3f3393535103382,fusions-rezepte
https://www.hellofresh.de/recipes/caesar-salat-mit-gebratenen-gnocchi-5cac6862c445fa47570da0c4,fusions-rezepte,5cac6862c445fa47570da0c4,fusions-rezepte
https://www.hellofresh.de/recipes/hahnchenbrust-in-cranberrysosse-5f34f4fbd870ac2f8c793492,fusions-rezepte,5f34f4fbd870ac2f8c793492,fusions-rezepte
https://www.hellofresh.de/recipes/mango-gurken-salat-mit-ofen-susskartoffel-5fbb986bfeb8473c1d223071,fusions-rezepte,5fbb986bfeb8473c1d223071,fusions-rezepte
https://www.hellofresh.de/recipes/gebratener-seehecht-5d0212ff14c74f00187de2f4,fusions-rezepte,5d0212ff14c74f00187de2f4,fusions-rezepte
https://www.hellofresh.de/recipes/bulgurpfanne-mit-seelachs-and-krauterdip-6023a4d32ccc42417931f422,fusions-rezepte,6023a4d32ccc42417931f422,fusions-rezepte
https://www.hellofresh.de/recipes/gnocchi-spinat-auflauf-5df3c947d56540140223fc94,fusions-rezepte,5df3c947d56540140223fc94,fusions-rezepte
https://www.hellofresh.de/recipes/seehecht-auf-cremigem-porreegemuse-5dd56c02e4524830570ef5ff,fusions-rezepte,5dd56c02e4524830570ef5ff,fusions-rezepte
https://www.hellofresh.de/recipes/kartoffelsalat-mit-extra-bratwurst-5d3af76e7696190008133bc8,fusions-rezepte,5d3af76e7696190008133bc8,fusions-rezepte
https://www.hellofresh.de/recipes/seehecht-auf-cremigem-porreegemuse-5e313c63428b376ab93a1132,fusions-rezepte,5e313c63428b376ab93a1132,fusions-rezepte
https://www.hellofresh.de/recipes/hahnchenfilet-in-cashewsosse-5fd9d3076f4d0c6b107877b2,fusions-rezepte,5fd9d3076f4d0c6b107877b2,fusions-rezepte
https://www.hellofresh.de/recipes/sommer-bowl-mit-aprikosenreis-5e873efecd8be172091823b6,fusions-rezepte,5e873efecd8be172091823b6,fusions-rezepte
https://www.hellofresh.de/recipes/ranchplatte-mit-hahnchen-und-filetsandwich-5e175d26ae37df09ee6bbe57,fusions-rezepte,5e175d26ae37df09ee6bbe57,fusions-rezepte
https://www.hellofresh.de/recipes/orzo-salat-mit-extra-lachsfilet-5ceebc943a938c00111e22e2,fusions-rezepte,5ceebc943a938c00111e22e2,fusions-rezepte
https://www.hellofresh.de/recipes/brokkolitaler-mit-hirtenkasedip-5e788422821ae0579703834a,fusions-rezepte,5e788422821ae0579703834a,fusions-rezepte
https://www.hellofresh.de/recipes/uberbackene-penne-5da733b4df8c99187709ae34,fusions-rezepte,5da733b4df8c99187709ae34,fusions-rezepte
https://www.hellofresh.de/recipes/uberbackene-penne-mit-getrockneten-tomaten-5cc0509aaa0357000c466b5d,fusions-rezepte,5cc0509aaa0357000c466b5d,fusions-rezepte
https://www.hellofresh.de/recipes/wurzige-cajun-tacos-mit-seelachs-5cac5a8de3f3391a57120e02,fusions-rezepte,5cac5a8de3f3391a57120e02,fusions-rezepte
https://www.hellofresh.de/recipes/schweinefilets-mit-honig-thymian-sosse-5c752da3e3f3394ac8641652,fusions-rezepte,5c752da3e3f3394ac8641652,fusions-rezepte
https://www.hellofresh.de/recipes/scharfer-auflauf-mit-orzonudeln-5c6ab883c445fa0c736bfb61,fusions-rezepte,5c6ab883c445fa0c736bfb61,fusions-rezepte
https://www.hellofresh.de/recipes/bohnenpfanne-mit-tortillas-5d541002aa31b0001920d5ea,fusions-rezepte,5d541002aa31b0001920d5ea,fusions-rezepte
https://www.hellofresh.de/recipes/veggie-cheeseburger-aus-pilzen-und-bohnen-5fab9c95a5f2827a69392f40,fusions-rezepte,5fab9c95a5f2827a69392f40,fusions-rezepte
https://www.hellofresh.de/recipes/knackige-gemusepfanne-mit-fenchel-5df3ccd9682ef64120586055,fusions-rezepte,5df3ccd9682ef64120586055,fusions-rezepte
https://www.hellofresh.de/recipes/hahnchenfilets-in-krauterpanade-5db03ee59e54fc76333c9959,fusions-rezepte,5db03ee59e54fc76333c9959,fusions-rezepte
https://www.hellofresh.de/recipes/gebackener-camembert-mit-honig-5ebbfeef592eca70314d2b2e,fusions-rezepte,5ebbfeef592eca70314d2b2e,fusions-rezepte
https://www.hellofresh.de/recipes/kasige-hahnchenbrust-mit-krautersosse-5fdcaa1059d43b354c4271c9,fusions-rezepte,5fdcaa1059d43b354c4271c9,fusions-rezepte
https://www.hellofresh.de/recipes/steakstreifen-in-thymiansosse-5f492741296de93e15041e90,fusions-rezepte,5f492741296de93e15041e90,fusions-rezepte
https://www.hellofresh.de/recipes/griechische-mezze-platte-5f34f519d44acd2b0d43bb02,fusions-rezepte,5f34f519d44acd2b0d43bb02,fusions-rezepte
https://www.hellofresh.de/recipes/bohnenpfanne-mit-tortillas-5e4d50470293b9143e1f4be5,fusions-rezepte,5e4d50470293b9143e1f4be5,fusions-rezepte
https://www.hellofresh.de/recipes/caesar-salat-mit-gebratenen-gnocchi-5dea3bce8005a9301a1b39a2,fusions-rezepte,5dea3bce8005a9301a1b39a2,fusions-rezepte
https://www.hellofresh.de/recipes/couscous-gemuse-pfanne-mit-steakstreifen-5c4f3ba5c445fa7d9423e0e2,fusions-rezepte,5c4f3ba5c445fa7d9423e0e2,fusions-rezepte
https://www.hellofresh.de/recipes/rinderburger-mit-barlauch-chimichurri-5c59a169c445fa7cf749f792,fusions-rezepte,5c59a169c445fa7cf749f792,fusions-rezepte
https://www.hellofresh.de/recipes/hahnchen-perlencouscous-salat-mit-oliven-603f4e436aa9b3049b3a8922,fusions-rezepte,603f4e436aa9b3049b3a8922,fusions-rezepte
https://www.hellofresh.de/recipes/uberbackene-penne-mit-gefullter-huhnerbrust-5c5316c4e3f3394c5d4a6bb2,fusions-rezepte,5c5316c4e3f3394c5d4a6bb2,fusions-rezepte
https://www.hellofresh.de/recipes/uberbackene-penne-mit-extra-hahnchenbrust-5d4436000ade6f001770f1c0,fusions-rezepte,5d4436000ade6f001770f1c0,fusions-rezepte
https://www.hellofresh.de/recipes/pulled-chicken-kiwi-halloumi-burger-5c8ea715c445fa04b16b8ef2,fusions-rezepte,5c8ea715c445fa04b16b8ef2,fusions-rezepte
https://www.hellofresh.de/recipes/steakstreifen-in-thymiansosse-5e0a05c4a4c1ad20a5076565,fusions-rezepte,5e0a05c4a4c1ad20a5076565,fusions-rezepte
https://www.hellofresh.de/recipes/wurzig-feurige-halloumi-tacos-5f6d95a96eb4e447ce5f6aa8,fusions-rezepte,5f6d95a96eb4e447ce5f6aa8,fusions-rezepte
https://www.hellofresh.de/recipes/halloumi-brot-salat-mit-hahnchenspiessen-5cf7b4b7b818e300117c8a6a,fusions-rezepte,5cf7b4b7b818e300117c8a6a,fusions-rezepte
https://www.hellofresh.de/recipes/schweinefilets-mit-honig-thymian-sosse-5ecf989591747026f0321519,fusions-rezepte,5ecf989591747026f0321519,fusions-rezepte
https://www.hellofresh.de/recipes/fur-valentinstag-surf-and-turf-5e0df3d44a23355e3e26954e,fusions-rezepte,5e0df3d44a23355e3e26954e,fusions-rezepte
https://www.hellofresh.de/recipes/bolognese-mit-chorizo-und-frischen-linguine-5fb3fa4e5451e40d2b0f2bb5,fusions-rezepte,5fb3fa4e5451e40d2b0f2bb5,fusions-rezepte
https://www.hellofresh.de/recipes/nudelauflauf-mit-bunten-kirschtomaten-5f80459efca9fd5d05162092,fusions-rezepte,5f80459efca9fd5d05162092,fusions-rezepte
https://www.hellofresh.de/recipes/knackige-gemusepfanne-mit-fenchel-5f3e3369879bf264c10183e2,fusions-rezepte,5f3e3369879bf264c10183e2,fusions-rezepte
https://www.hellofresh.de/recipes/hahnchenbrust-in-cranberrysosse-5e1dd8ea422eb65d675fa20f,fusions-rezepte,5e1dd8ea422eb65d675fa20f,fusions-rezepte
https://www.hellofresh.de/recipes/sesam-susskartoffel-mit-hummus-dip-60488640cd81531e241be551,fusions-rezepte,60488640cd81531e241be551,fusions-rezepte
https://www.hellofresh.de/recipes/linsenauflauf-mit-kartoffelkruste-5f6b031f57c472489e4344ed,fusions-rezepte,5f6b031f57c472489e4344ed,fusions-rezepte
https://www.hellofresh.de/recipes/hahnchenbrust-in-fruchtiger-cranberrysosse-6033e6a783c3c12d7f5b2317,fusions-rezepte,6033e6a783c3c12d7f5b2317,fusions-rezepte
https://www.hellofresh.de/recipes/rindersteak-mit-gedunsteten-tomaten-5c73f8d1e3f3395ca32e5de2,fusions-rezepte,5c73f8d1e3f3395ca32e5de2,fusions-rezepte
https://www.hellofresh.de/recipes/mit-honig-gebackener-feta-5c531501e3f3394b61302bd2,fusions-rezepte,5c531501e3f3394b61302bd2,fusions-rezepte
https://www.hellofresh.de/recipes/leckere-hahnchenstreifen-5f514b3eb7c44054841f37e3,fusions-rezepte,5f514b3eb7c44054841f37e3,fusions-rezepte
https://www.hellofresh.de/recipes/gnocchi-spinat-auflauf-5d7f9b1918bd601bf87eaa24,fusions-rezepte,5d7f9b1918bd601bf87eaa24,fusions-rezepte
https://www.hellofresh.de/recipes/linsenauflauf-mit-kartoffelkruste-5e313fa5a7dd4937bd637fe1,fusions-rezepte,5e313fa5a7dd4937bd637fe1,fusions-rezepte
https://www.hellofresh.de/recipes/wurzig-feurige-halloumi-tacos-5d5e9bca4da29b000c4981d3,fusions-rezepte,5d5e9bca4da29b000c4981d3,fusions-rezepte
https://www.hellofresh.de/recipes/hahnchenbrust-in-cranberry-sosse-5ca1e1d2e3f33917bb40ad02,fusions-rezepte,5ca1e1d2e3f33917bb40ad02,fusions-rezepte
https://www.hellofresh.de/recipes/kichererbsenbratlinge-mit-petersiliendip-5d19e4013aef9e000d20d4e4,fusions-rezepte,5d19e4013aef9e000d20d4e4,fusions-rezepte
https://www.hellofresh.de/recipes/halloumi-auf-gebackenem-gemuse-5ef4700d3d24dc154c0a1134,fusions-rezepte,5ef4700d3d24dc154c0a1134,fusions-rezepte
https://www.hellofresh.de/recipes/linsenauflauf-mit-rostikruste-5d2edb4e7ac6d40010273d00,fusions-rezepte,5d2edb4e7ac6d40010273d00,fusions-rezepte
https://www.hellofresh.de/recipes/burger-mit-birnen-zwiebel-chutney-5d11c742e713ea001215014c,fusions-rezepte,5d11c742e713ea001215014c,fusions-rezepte
https://www.hellofresh.de/recipes/bunte-susskartoffel-nacho-bowl-5d67c606a28e8200080ede53,fusions-rezepte,5d67c606a28e8200080ede53,fusions-rezepte
https://www.hellofresh.de/recipes/uberbackene-penne-mit-getrockneten-tomaten-5c59af2ee3f33917547acb82,fusions-rezepte,5c59af2ee3f33917547acb82,fusions-rezepte
https://www.hellofresh.de/recipes/ranchplatte-mit-hahnchen-und-filetsandwich-601a73bf207c89679371dec3,fusions-rezepte,601a73bf207c89679371dec3,fusions-rezepte
https://www.hellofresh.de/recipes/schweinefilets-mit-honig-thymian-sosse-5df37ebc3075b452d36ee3d8,fusions-rezepte,5df37ebc3075b452d36ee3d8,fusions-rezepte
https://www.hellofresh.de/recipes/knackige-gemusepfanne-mit-extra-lachsfilet-5d2c69989a9d1a001275eb9a,fusions-rezepte,5d2c69989a9d1a001275eb9a,fusions-rezepte
https://www.hellofresh.de/recipes/gebackener-camembert-mit-honig-5fb3fa04919be64c8c350657,fusions-rezepte,5fb3fa04919be64c8c350657,fusions-rezepte
https://www.hellofresh.de/recipes/zartes-fischfilet-unter-curry-linsenhaube-5fdcaa05ffbca863e22bca33,fusions-rezepte,5fdcaa05ffbca863e22bca33,fusions-rezepte
https://www.hellofresh.de/recipes/wurzig-scharfer-borlotti-bohnen-eintopf-5c9a3b2de3f3393361250d12,fusions-rezepte,5c9a3b2de3f3393361250d12,fusions-rezepte
https://www.hellofresh.de/recipes/bacon-salbei-schweinefilets-5c8ea0eac445fa7e4951eaf2,fusions-rezepte,5c8ea0eac445fa7e4951eaf2,fusions-rezepte
https://www.hellofresh.de/recipes/gebratener-seehecht-5c8798e4e3f3394ec825b5d2,fusions-rezepte,5c8798e4e3f3394ec825b5d2,fusions-rezepte
https://www.hellofresh.de/recipes/gold-gebackene-halloumi-sticks-5fdca9b72cb9c84bf5327e53,fusions-rezepte,5fdca9b72cb9c84bf5327e53,fusions-rezepte
https://www.hellofresh.de/recipes/steakstreifen-in-thymiansosse-5ce55076528324000e032922,fusions-rezepte,5ce55076528324000e032922,fusions-rezepte
https://www.hellofresh.de/recipes/hahnchengeschnetzeltes-in-currysosse-5f80456493057502df205a14,fusions-rezepte,5f80456493057502df205a14,fusions-rezepte
https://www.hellofresh.de/recipes/auflauf-mit-halloumi-und-aubergine-5e314aa92510ba78302cfe94,fusions-rezepte,5e314aa92510ba78302cfe94,fusions-rezepte
https://www.hellofresh.de/recipes/wurzig-feurige-halloumi-garnelen-tacos-5db16e85c374fe2f207c29e5,fusions-rezepte,5db16e85c374fe2f207c29e5,fusions-rezepte
https://www.hellofresh.de/recipes/grillplatte-mit-hahnchen-5e7b8cd95cbdf962ce417cea,fusions-rezepte,5e7b8cd95cbdf962ce417cea,fusions-rezepte
https://www.hellofresh.de/recipes/gnocchi-spinat-auflauf-5eeb25f43f89ea5d866d90b9,fusions-rezepte,5eeb25f43f89ea5d866d90b9,fusions-rezepte
https://www.hellofresh.de/recipes/bohnenpfanne-mit-tortilla-crunch-5fd387a378a54c663856ee4f,fusions-rezepte,5fd387a378a54c663856ee4f,fusions-rezepte
https://www.hellofresh.de/recipes/gnocchi-salat-mit-extra-doradenfilet-5e57cc850b8d894efe0f6b6a,fusions-rezepte,5e57cc850b8d894efe0f6b6a,fusions-rezepte
https://www.hellofresh.de/recipes/hahnchenfilets-in-knuspriger-krauterpanade-5cf77c1f16736200170abb6b,fusions-rezepte,5cf77c1f16736200170abb6b,fusions-rezepte
https://www.hellofresh.de/recipes/tacos-mit-susskartoffelwurfeln-und-chorizo-5ee1e72de6057361e20ca110,fusions-rezepte,5ee1e72de6057361e20ca110,fusions-rezepte
https://www.hellofresh.de/recipes/grillplatte-auf-ranch-art-mit-hahnchen-5d44343eeda58a00161f5d45,fusions-rezepte,5d44343eeda58a00161f5d45,fusions-rezepte
https://www.hellofresh.de/recipes/halloumi-auf-gebackenem-gemuse-5c45d6f7e3f33950ce0e4e02,fusions-rezepte,5c45d6f7e3f33950ce0e4e02,fusions-rezepte
https://www.hellofresh.de/recipes/einfaches-aprikosenhahnchen-mit-mandeln-5fb3fa5247c2e251c0293d60,fusions-rezepte,5fb3fa5247c2e251c0293d60,fusions-rezepte
https://www.hellofresh.de/recipes/schweinefilet-mit-wurziger-aprikosensosse-5f6d95b292de38729f0583f3,fusions-rezepte,5f6d95b292de38729f0583f3,fusions-rezepte
https://www.hellofresh.de/recipes/wurzig-feurige-halloumi-tacos-5d0214a19c2a89000e645154,fusions-rezepte,5d0214a19c2a89000e645154,fusions-rezepte
https://www.hellofresh.de/recipes/wurzig-feurige-halloumi-tacos-5e983e32b095406e8823f640,fusions-rezepte,5e983e32b095406e8823f640,fusions-rezepte
https://www.hellofresh.de/recipes/hahnchenfilets-in-krauterpanade-5ea8428eb0890671e00b2441,fusions-rezepte,5ea8428eb0890671e00b2441,fusions-rezepte
https://www.hellofresh.de/recipes/wurziges-ofen-harissa-hahnchen-5e7b77609210ae561b10a4ec,fusions-rezepte,5e7b77609210ae561b10a4ec,fusions-rezepte
https://www.hellofresh.de/recipes/hahnchenbrustfilet-mit-kichererbsen-5e39829c84ef3008074cad04,fusions-rezepte,5e39829c84ef3008074cad04,fusions-rezepte
https://www.hellofresh.de/recipes/halloumi-auf-kichererbsengemuse-5fa27c7deea007108d3da780,fusions-rezepte,5fa27c7deea007108d3da780,fusions-rezepte
https://www.hellofresh.de/recipes/hahnchenfilets-in-knuspriger-krauterpanade-5f2a9667dda7f649281db48a,fusions-rezepte,5f2a9667dda7f649281db48a,fusions-rezepte
https://www.hellofresh.de/recipes/steakstreifen-in-thymiansosse-5e57803e6572a777485feed6,fusions-rezepte,5e57803e6572a777485feed6,fusions-rezepte
https://www.hellofresh.de/recipes/lachs-auf-cremigem-porreegemuse-5f476dac427c7526d06f24b7,fusions-rezepte,5f476dac427c7526d06f24b7,fusions-rezepte
https://www.hellofresh.de/recipes/gebratener-lachs-mit-knoblauchdip-5f6b03392d47bb2361083f7d,fusions-rezepte,5f6b03392d47bb2361083f7d,fusions-rezepte
https://www.hellofresh.de/recipes/linsenauflauf-mit-kartoffelkruste-6023a45dc033c94e523a7d99,fusions-rezepte,6023a45dc033c94e523a7d99,fusions-rezepte
https://www.hellofresh.de/recipes/linsenauflauf-mit-rostikruste-5c752771e3f33946044cae22,fusions-rezepte,5c752771e3f33946044cae22,fusions-rezepte
https://www.hellofresh.de/recipes/pfannkuchen-auflauf-5f5e071f98cf5409e14a340e,fusions-rezepte,5f5e071f98cf5409e14a340e,fusions-rezepte
https://www.hellofresh.de/recipes/tacos-mit-susskartoffel-und-chorizo-60101e8fa613cf758e1876d9,fusions-rezepte,60101e8fa613cf758e1876d9,fusions-rezepte
https://www.hellofresh.de/recipes/burger-mit-chimichurri-5d5e606f730968001029b802,fusions-rezepte,5d5e606f730968001029b802,fusions-rezepte
https://www.hellofresh.de/recipes/brokkolitaler-mit-hirtenkasedip-5f50db5b18fb6b1d3211d575,fusions-rezepte,5f50db5b18fb6b1d3211d575,fusions-rezepte
https://www.hellofresh.de/recipes/wurzig-feurige-halloumi-garnelen-tacos-5e1ed81841fed159a05a2180,fusions-rezepte,5e1ed81841fed159a05a2180,fusions-rezepte
https://www.hellofresh.de/recipes/skandinavischer-kartoffelsalat-mit-dill-5d3ac7b476961900091d2fa8,fusions-rezepte,5d3ac7b476961900091d2fa8,fusions-rezepte
https://www.hellofresh.de/recipes/schweinefilets-mit-honig-thymian-sosse-5fab9c9c30df84123c7d8ded,fusions-rezepte,5fab9c9c30df84123c7d8ded,fusions-rezepte
https://www.hellofresh.de/recipes/tacos-mit-mexikanischem-schweinefilet-5d0216989c0fbd00092ab5e0,fusions-rezepte,5d0216989c0fbd00092ab5e0,fusions-rezepte
https://www.hellofresh.de/recipes/kiwi-halloumi-burger-5c8ea3f6e3f3391a1d5d2b42,fusions-rezepte,5c8ea3f6e3f3391a1d5d2b42,fusions-rezepte
https://www.hellofresh.de/recipes/bowl-mit-garnelen-5c8ea7c7e3f3391d25701d12,fusions-rezepte,5c8ea7c7e3f3391d25701d12,fusions-rezepte
https://www.hellofresh.de/recipes/wurzig-feurige-halloumi-tacos-5c752e7dc445fa77a5147642,fusions-rezepte,5c752e7dc445fa77a5147642,fusions-rezepte
https://www.hellofresh.de/recipes/skandinavischer-kartoffelsalat-mit-dill-5c87a59cc445fa51e937bb92,fusions-rezepte,5c87a59cc445fa51e937bb92,fusions-rezepte
https://www.hellofresh.de/recipes/fleischballchen-in-currysosse-5f7d89cb29f32758e06abaeb,fusions-rezepte,5f7d89cb29f32758e06abaeb,fusions-rezepte
https://www.hellofresh.de/recipes/wurzig-feurige-halloumi-tacos-5f07011ab68c534acb77bba3,fusions-rezepte,5f07011ab68c534acb77bba3,fusions-rezepte
https://www.hellofresh.de/recipes/kubanische-bowl-mit-avocado-mango-salsa-5f49277288bdb548cc603b05,fusions-rezepte,5f49277288bdb548cc603b05,fusions-rezepte
https://www.hellofresh.de/recipes/hahnchenfilets-in-knuspriger-krauterpanade-5fab9c8e10317f213c02bed4,fusions-rezepte,5fab9c8e10317f213c02bed4,fusions-rezepte
https://www.hellofresh.de/recipes/knackige-gemusepfanne-mit-fenchel-5ecf9888df634317944212e6,fusions-rezepte,5ecf9888df634317944212e6,fusions-rezepte
https://www.hellofresh.de/recipes/schweinefilets-mit-honig-thymian-sosse-6023a4275017781bd4017ead,fusions-rezepte,6023a4275017781bd4017ead,fusions-rezepte
https://www.hellofresh.de/recipes/surf-and-turf-rindersteak-and-garnelen-5fdcaa14fc152e1f3b1f595d,fusions-rezepte,5fdcaa14fc152e1f3b1f595d,fusions-rezepte
https://www.hellofresh.de/recipes/veganes-erdnusscurry-mit-kokosreis-5f7d89c48220af61bc7d74fd,fusions-rezepte,5f7d89c48220af61bc7d74fd,fusions-rezepte
https://www.hellofresh.de/recipes/halloumiburger-mit-balsamico-zwiebeln-5f994d0404ab0817041f3ff2,fusions-rezepte,5f994d0404ab0817041f3ff2,fusions-rezepte
https://www.hellofresh.de/recipes/vegane-linsensuppe-mit-susskartoffel-5fd9d2e4d9d6e94cf8712666,fusions-rezepte,5fd9d2e4d9d6e94cf8712666,fusions-rezepte
https://www.hellofresh.de/recipes/wurzig-feurige-halloumi-garnelen-tacos-5f75a91c64a1e0435a03863c,fusions-rezepte,5f75a91c64a1e0435a03863c,fusions-rezepte
https://www.hellofresh.de/recipes/seehecht-auf-cremigem-porreegemuse-5ecf98809e2a5757cb04c042,fusions-rezepte,5ecf98809e2a5757cb04c042,fusions-rezepte
https://www.hellofresh.de/recipes/orangen-tabbouleh-mit-pfannen-avocado-603f4dfef951e807380dfd5a,fusions-rezepte,603f4dfef951e807380dfd5a,fusions-rezepte
https://www.hellofresh.de/recipes/wurziges-harissa-hahnchen-5fc66ab1a17974515b6a6052,fusions-rezepte,5fc66ab1a17974515b6a6052,fusions-rezepte
https://www.hellofresh.de/recipes/bunte-susskartoffel-nacho-bowl-5ecf98a3e7b03c67b9697765,fusions-rezepte,5ecf98a3e7b03c67b9697765,fusions-rezepte
https://www.hellofresh.de/recipes/gnocchi-salat-mit-extra-doradenfilet-5dea60d0fcbbdf169b2a13f9,fusions-rezepte,5dea60d0fcbbdf169b2a13f9,fusions-rezepte
https://www.hellofresh.de/recipes/rinderbraten-mit-balsamico-sosse-5d5ea39085b7d6000f6fcd22,fusions-rezepte,5d5ea39085b7d6000f6fcd22,fusions-rezepte
https://www.hellofresh.de/recipes/caesar-salat-mit-gebratenen-gnocchi-5e57c5b5e36dd2778a110646,fusions-rezepte,5e57c5b5e36dd2778a110646,fusions-rezepte
https://www.hellofresh.de/recipes/bohnenpfanne-mit-tortilla-crunch-5f6b02ffef81fe5e760369fc,fusions-rezepte,5f6b02ffef81fe5e760369fc,fusions-rezepte
https://www.hellofresh.de/recipes/kartoffel-zucchini-eintopf-5d80a8c10d2e1146fd11b668,fusions-rezepte,5d80a8c10d2e1146fd11b668,fusions-rezepte
https://www.hellofresh.de/recipes/hahnchenbrustfilets-mit-scharfem-brokkolini-5cac564ce3f33917f50fa7f2,fusions-rezepte,5cac564ce3f33917f50fa7f2,fusions-rezepte
https://www.hellofresh.de/recipes/gnocchi-spinat-auflauf-5d7f96cba4ab012b471f7177,fusions-rezepte,5d7f96cba4ab012b471f7177,fusions-rezepte
https://www.hellofresh.de/recipes/hahnchenbrustfilets-mit-scharfem-brokkoli-5d3ab82dd6292e00102e98d4,fusions-rezepte,5d3ab82dd6292e00102e98d4,fusions-rezepte
https://www.hellofresh.de/recipes/uberbackene-farfalle-mit-zucchini-5ec53908415f082d05714caa,fusions-rezepte,5ec53908415f082d05714caa,fusions-rezepte
https://www.hellofresh.de/recipes/wurzig-feurige-halloumi-garnelen-tacos-5d5eabd285b7d60014302d17,fusions-rezepte,5d5eabd285b7d60014302d17,fusions-rezepte
https://www.hellofresh.de/recipes/quesadillas-mit-susskartoffel-5c5835a9e3f33968491270a2,fusions-rezepte,5c5835a9e3f33968491270a2,fusions-rezepte
https://www.hellofresh.de/recipes/rotkohl-couscous-mit-balsamico-birne-6006e5fe0f907247d62a30df,fusions-rezepte,6006e5fe0f907247d62a30df,fusions-rezepte
https://www.hellofresh.de/recipes/schellfisch-mit-dillsosse-5fa27cbd063ee0358f174934,fusions-rezepte,5fa27cbd063ee0358f174934,fusions-rezepte
https://www.hellofresh.de/recipes/wurzig-feurige-halloumi-tacos-5fd387d3bd743b273348d4f8,fusions-rezepte,5fd387d3bd743b273348d4f8,fusions-rezepte
https://www.hellofresh.de/recipes/knackige-gemusepfanne-mit-fenchel-5d7f8cd352bdb015b32148ae,fusions-rezepte,5d7f8cd352bdb015b32148ae,fusions-rezepte
https://www.hellofresh.de/recipes/sommerlicher-orzo-salat-mit-nektarine-5cee4c8187ff4d001040ba72,fusions-rezepte,5cee4c8187ff4d001040ba72,fusions-rezepte
https://www.hellofresh.de/recipes/kichererbsenbratlinge-mit-petersiliendip-5ddfe7e2af1627221b6eb140,fusions-rezepte,5ddfe7e2af1627221b6eb140,fusions-rezepte
https://www.hellofresh.de/recipes/spinatsalat-mit-krauter-kase-topping-5fd387e1dbcb0f583f01787a,fusions-rezepte,5fd387e1dbcb0f583f01787a,fusions-rezepte
https://www.hellofresh.de/recipes/gnocchi-spinat-auflauf-5f6d959b12e6a724572ebd4a,fusions-rezepte,5f6d959b12e6a724572ebd4a,fusions-rezepte
https://www.hellofresh.de/recipes/mandel-hahnchenbrust-mit-basilikumdip-5f6b03475e84194d8e117496,fusions-rezepte,5f6b03475e84194d8e117496,fusions-rezepte
https://www.hellofresh.de/recipes/hahnchenfilets-in-knuspriger-krauterpanade-5e395e8f0310905d740d2fec,fusions-rezepte,5e395e8f0310905d740d2fec,fusions-rezepte
https://www.hellofresh.de/recipes/wurziges-ofen-harissa-hahnchen-5e170f9087859249fe1e6b04,fusions-rezepte,5e170f9087859249fe1e6b04,fusions-rezepte
https://www.hellofresh.de/recipes/knackige-fenchel-pfanne-mit-kabeljau-6050dade0d4d071c80566544,fusions-rezepte,6050dade0d4d071c80566544,fusions-rezepte
https://www.hellofresh.de/recipes/selbst-gemachte-hahnchennuggets-5f7d89934a1941133f0f312d,fusions-rezepte,5f7d89934a1941133f0f312d,fusions-rezepte
https://www.hellofresh.de/recipes/schellfisch-mit-dillsosse-5df3c39adba4694af92c9262,fusions-rezepte,5df3c39adba4694af92c9262,fusions-rezepte
https://www.hellofresh.de/recipes/bunte-susskartoffel-nacho-bowl-5ddfa75c7b11be616173c631,fusions-rezepte,5ddfa75c7b11be616173c631,fusions-rezepte
https://www.hellofresh.de/recipes/gebratener-seehecht-5d78c2100dcef100132ace8e,fusions-rezepte,5d78c2100dcef100132ace8e,fusions-rezepte
https://www.hellofresh.de/recipes/wurzig-feurige-halloumi-garnelen-tacos-5e987ae8fd1ddb2df045e073,fusions-rezepte,5e987ae8fd1ddb2df045e073,fusions-rezepte
https://www.hellofresh.de/recipes/wurziges-ofen-harissa-hahnchen-5f070117d5d03e1ee331cb6e,fusions-rezepte,5f070117d5d03e1ee331cb6e,fusions-rezepte
https://www.hellofresh.de/recipes/auflauf-mit-halloumi-und-aubergine-5dc47926c084f71c6819b075,fusions-rezepte,5dc47926c084f71c6819b075,fusions-rezepte
https://www.hellofresh.de/recipes/seehecht-in-kokos-panko-mit-curryreis-5f8045d06781da426e0c72f9,fusions-rezepte,5f8045d06781da426e0c72f9,fusions-rezepte
https://www.hellofresh.de/recipes/rinderbraten-mit-balsamico-sosse-5c8ea666c445fa03fd5dde82,fusions-rezepte,5c8ea666c445fa03fd5dde82,fusions-rezepte
https://www.hellofresh.de/recipes/gebackener-camembert-mit-honig-5f193b62c2f62449f5654c04,fusions-rezepte,5f193b62c2f62449f5654c04,fusions-rezepte
https://www.hellofresh.de/recipes/gnocchi-spinat-auflauf-5c61ab69e3f33975f526f7c1,fusions-rezepte,5c61ab69e3f33975f526f7c1,fusions-rezepte
https://www.hellofresh.de/recipes/uberbackene-penne-5e85b131cb63d1044f752d62,fusions-rezepte,5e85b131cb63d1044f752d62,fusions-rezepte
https://www.hellofresh.de/recipes/pfannkuchen-auflauf-5d3ac1e7892c360009419c16,fusions-rezepte,5d3ac1e7892c360009419c16,fusions-rezepte
https://www.hellofresh.de/recipes/wurzig-feurige-halloumi-tacos-5e1dde8b4f3b8c766a00b52c,fusions-rezepte,5e1dde8b4f3b8c766a00b52c,fusions-rezepte
https://www.hellofresh.de/recipes/tacos-mit-susskartoffelwurfeln-und-chorizo-5e6912d0e0efb142da0a1296,fusions-rezepte,5e6912d0e0efb142da0a1296,fusions-rezepte
https://www.hellofresh.de/recipes/knackige-gemusepfanne-mit-extra-lachsfilet-5c9b4a3de3f3397f1769bc52,fusions-rezepte,5c9b4a3de3f3397f1769bc52,fusions-rezepte
https://www.hellofresh.de/recipes/wurziges-ofen-harissa-hahnchen-5dcd2b6375717c39e2461130,fusions-rezepte,5dcd2b6375717c39e2461130,fusions-rezepte
https://www.hellofresh.de/recipes/bunte-couscous-gemuse-pfanne-5c4f2b6be3f33963411c4522,fusions-rezepte,5c4f2b6be3f33963411c4522,fusions-rezepte
https://www.hellofresh.de/recipes/sommer-bowl-mit-mangoreis-5ce55a3873c481000c7895a7,fusions-rezepte,5ce55a3873c481000c7895a7,fusions-rezepte
https://www.hellofresh.de/recipes/maiskolben-mit-limetten-kase-topping-5ed603f607e60d22b2248e0b,fusions-rezepte,5ed603f607e60d22b2248e0b,fusions-rezepte
https://www.hellofresh.de/recipes/uberbackene-farfalle-caprese-mit-zucchini-5ffdb97edb0b727fe80595b5,fusions-rezepte,5ffdb97edb0b727fe80595b5,fusions-rezepte
https://www.hellofresh.de/recipes/caesar-salat-mit-gebratenen-gnocchi-5ee1e7762a93906f2b5ade7e,fusions-rezepte,5ee1e7762a93906f2b5ade7e,fusions-rezepte
https://www.hellofresh.de/recipes/knackige-gemusepfanne-mit-fenchel-5d2c68995839a100144a7546,fusions-rezepte,5d2c68995839a100144a7546,fusions-rezepte
https://www.hellofresh.de/recipes/uberbackene-penne-5e1de7c74e1f66544222f39b,fusions-rezepte,5e1de7c74e1f66544222f39b,fusions-rezepte
https://www.hellofresh.de/recipes/knackige-gemusepfanne-mit-fenchel-5fab9cb3bce34363f47a7f63,fusions-rezepte,5fab9cb3bce34363f47a7f63,fusions-rezepte
https://www.hellofresh.de/recipes/knoblauchhahnchen-mit-brokkoli-5c869a29e3f3390d4d1be782,fusions-rezepte,5c869a29e3f3390d4d1be782,fusions-rezepte
https://www.hellofresh.de/recipes/horiatiki-griechischer-bauernsalat-5c61acd4e3f33977277e2ea2,fusions-rezepte,5c61acd4e3f33977277e2ea2,fusions-rezepte
https://www.hellofresh.de/recipes/zarte-schweinemedaillons-5cc8618a97cb9b00157d7764,fusions-rezepte,5cc8618a97cb9b00157d7764,fusions-rezepte
https://www.hellofresh.de/recipes/schellfisch-mit-dillsosse-5f1aa49d8e0f8430196ced5a,fusions-rezepte,5f1aa49d8e0f8430196ced5a,fusions-rezepte
https://www.hellofresh.de/recipes/burger-mit-gorgonzola-5d96325049891b40486e5bc4,fusions-rezepte,5d96325049891b40486e5bc4,fusions-rezepte
https://www.hellofresh.de/recipes/harissa-hahnchenkeulen-mit-grunen-oliven-5cd2e602971ec800103343a2,fusions-rezepte,5cd2e602971ec800103343a2,fusions-rezepte
https://www.hellofresh.de/recipes/gefullte-ofenpaprika-mit-couscous-5d6fd3dd1ff89700122444f7,fusions-rezepte,5d6fd3dd1ff89700122444f7,fusions-rezepte
https://www.hellofresh.de/recipes/veggie-burger-5d39c013c09a9b001569ca41,fusions-rezepte,5d39c013c09a9b001569ca41,fusions-rezepte
https://www.hellofresh.de/recipes/bowl-mit-petersilien-quinoa-5c8ea5bce3f3391be804c4e2,fusions-rezepte,5c8ea5bce3f3391be804c4e2,fusions-rezepte
https://www.hellofresh.de/recipes/knackige-gemusepfanne-mit-fenchel-5e578319b3aac80815680dfc,fusions-rezepte,5e578319b3aac80815680dfc,fusions-rezepte
https://www.hellofresh.de/recipes/sous-vide-steak-mit-fettuccine-alfredo-5ffdb95f76439f1de3747bda,fusions-rezepte,5ffdb95f76439f1de3747bda,fusions-rezepte
https://www.hellofresh.de/recipes/thuringer-rostbratwurst-5eeb24bb609ffb435c60912f,fusions-rezepte,5eeb24bb609ffb435c60912f,fusions-rezepte
https://www.hellofresh.de/recipes/caesar-salat-mit-gebratenen-gnocchi-5f514b348ede670fb322df2e,fusions-rezepte,5f514b348ede670fb322df2e,fusions-rezepte
https://www.hellofresh.de/recipes/gebackener-camembert-mit-honig-5d2ee64f1ecc9c000f0eed53,fusions-rezepte,5d2ee64f1ecc9c000f0eed53,fusions-rezepte
https://www.hellofresh.de/recipes/karotten-hafer-puffer-5cb5b067e3f339355b737e82,fusions-rezepte,5cb5b067e3f339355b737e82,fusions-rezepte
https://www.hellofresh.de/recipes/hahnchenbrust-in-fruchtiger-cranberrysosse-5f8045b6eb4aa125ec3aaa18,fusions-rezepte,5f8045b6eb4aa125ec3aaa18,fusions-rezepte
https://www.hellofresh.de/recipes/kiwi-halloumi-burger-5d53c86baa31b0000e7e9f11,fusions-rezepte,5d53c86baa31b0000e7e9f11,fusions-rezepte
https://www.hellofresh.de/recipes/strip-loin-steak-mit-grunem-pfefferrahm-5fb3fa603d4bce2bc94d8135,fusions-rezepte,5fb3fa603d4bce2bc94d8135,fusions-rezepte
https://www.hellofresh.de/recipes/gebackener-camembert-mit-honig-5e4e61db9a6e260f122ae06e,fusions-rezepte,5e4e61db9a6e260f122ae06e,fusions-rezepte
https://www.hellofresh.de/recipes/bowl-mit-petersilien-quinoa-5dffeccfa66aa502c8058a44,fusions-rezepte,5dffeccfa66aa502c8058a44,fusions-rezepte
https://www.hellofresh.de/recipes/gnocchi-spinat-auflauf-5e676bf63bc48f4dda290758,fusions-rezepte,5e676bf63bc48f4dda290758,fusions-rezepte
https://www.hellofresh.de/recipes/schweinefilets-mit-honig-thymian-sosse-5d22e57f4aa054000d09fb82,fusions-rezepte,5d22e57f4aa054000d09fb82,fusions-rezepte
https://www.hellofresh.de/recipes/wurziges-ofen-harissa-hahnchen-5cc857095e93a600104786e2,fusions-rezepte,5cc857095e93a600104786e2,fusions-rezepte
https://www.hellofresh.de/recipes/wurzige-hahnchenstrips-mit-karotten-slaw-5fbb98233885e841b16d2ebe,fusions-rezepte,5fbb98233885e841b16d2ebe,fusions-rezepte
https://www.hellofresh.de/recipes/sommerlicher-spinatsalat-5ec5360c91bcd74c4f57f082,fusions-rezepte,5ec5360c91bcd74c4f57f082,fusions-rezepte
https://www.hellofresh.de/recipes/erdnusscurry-mit-kokosreis-5ed603fabb5a552a081da685,fusions-rezepte,5ed603fabb5a552a081da685,fusions-rezepte
https://www.hellofresh.de/recipes/vegane-bbq-pulled-bowl-672118864251e0dbe4be585f,mexikanische-rezepte,672118864251e0dbe4be585f,mexikanisch
https://www.hellofresh.de/recipes/mexikanische-spaghetti-bolognese-66fbccdd4c6de2e4afe673ab,mexikanische-rezepte,66fbccdd4c6de2e4afe673ab,mexikanisch
https://www.hellofresh.de/recipes/smoky-chicken-avocado-bowl-auf-quinoa-64df2a21edeb8104eac90888,mexikanische-rezepte,64df2a21edeb8104eac90888,mexikanisch
https://www.hellofresh.de/recipes/vegane-fajita-tacos-mit-selbst-gemachter-salsa-roja-66d98c5046b0e9f48d99ee69,mexikanische-rezepte,66d98c5046b0e9f48d99ee69,mexikanisch
https://www.hellofresh.de/recipes/rinderhack-enchiladas-mit-kidneybohnen-66179e73772734983182746e,mexikanische-rezepte,66179e73772734983182746e,mexikanisch
https://www.hellofresh.de/recipes/mexican-pulled-pork-sandwich-66b23b496e2625457a71d2bd,mexikanische-rezepte,66b23b496e2625457a71d2bd,mexikanisch
https://www.hellofresh.de/recipes/loaded-smashed-potatoes-65ae3821205245479062874c,mexikanische-rezepte,65ae3821205245479062874c,mexikanisch
https://www.hellofresh.de/recipes/quesadilla-con-chorizo-656468a753b95b70f9991323,mexikanische-rezepte,656468a753b95b70f9991323,mexikanisch
https://www.hellofresh.de/recipes/knusprige-tortillarollen-flautas-style-6613e21017fb871fe34ecbed,mexikanische-rezepte,6613e21017fb871fe34ecbed,mexikanisch
https://www.hellofresh.de/recipes/tex-mex-style-hackpfanne-67211855662b2e47e3993064,mexikanische-rezepte,67211855662b2e47e3993064,mexikanisch
https://www.hellofresh.de/recipes/flautas-knusprige-tortillarollen-64f5a30671b62ce128337941,mexikanische-rezepte,64f5a30671b62ce128337941,mexikanisch
https://www.hellofresh.de/recipes/chili-con-sikil-pak-kurbiskernpesto-mit-jalapenos-656468f22d94ad532d61fe06,mexikanische-rezepte,656468f22d94ad532d61fe06,mexikanisch
https://www.hellofresh.de/recipes/tacos-mit-rauchertofu-and-mango-paprika-salsa-67470d77989edba91be315be,mexikanische-rezepte,67470d77989edba91be315be,mexikanisch
https://www.hellofresh.de/recipes/chorizo-tacos-mit-salsa-verde-6655c97ad9c97d64003b247b,mexikanische-rezepte,6655c97ad9c97d64003b247b,mexikanisch
https://www.hellofresh.de/recipes/loaded-smashed-potatoes-64df2a04edeb8104eac9074c,mexikanische-rezepte,64df2a04edeb8104eac9074c,mexikanisch
https://www.hellofresh.de/recipes/rauchiges-susskartoffel-chili-67470e73fb7a3ff84744d83c,mexikanische-rezepte,67470e73fb7a3ff84744d83c,mexikanisch
https://www.hellofresh.de/recipes/bbq-burritos-mit-hackfleisch-6548b930210a8fb22c33f194,mexikanische-rezepte,6548b930210a8fb22c33f194,mexikanisch
https://www.hellofresh.de/recipes/enchiladas-mit-rauchiger-tomatensosse-64e888ee4e40d5c6cb1a65fe,mexikanische-rezepte,64e888ee4e40d5c6cb1a65fe,mexikanisch
https://www.hellofresh.de/recipes/carnitas-pulled-pork-gefullte-tacos-6576e4c13405d840b2be6287,mexikanische-rezepte,6576e4c13405d840b2be6287,mexikanisch
https://www.hellofresh.de/recipes/mexikanische-spaghetti-bolognese-6788d6dd9160da204f3447cb,mexikanische-rezepte,6788d6dd9160da204f3447cb,mexikanisch
https://www.hellofresh.de/recipes/veganer-tex-mex-salat-677265500200888b9f0f8545,mexikanische-rezepte,677265500200888b9f0f8545,mexikanisch
https://www.hellofresh.de/recipes/kasige-hackpfanne-tex-mex-style-6772657e0200888b9f0f87be,mexikanische-rezepte,6772657e0200888b9f0f87be,mexikanisch
https://www.hellofresh.de/recipes/bbq-tacos-mit-bio-rinderhackfleisch-and-gouda-6540c17de06ba9910277de67,mexikanische-rezepte,6540c17de06ba9910277de67,mexikanisch
https://www.hellofresh.de/recipes/mexican-garlic-shrimp-bowl-64e73e167f5bd886e7b15a54,mexikanische-rezepte,64e73e167f5bd886e7b15a54,mexikanisch
https://www.hellofresh.de/recipes/bunte-burrito-bowl-mit-chorizo-64e6016a41604e0cb9156c86,mexikanische-rezepte,64e6016a41604e0cb9156c86,mexikanisch
https://www.hellofresh.de/recipes/smoky-chicken-avocado-bowl-auf-quinoa-tricolor-65d48bfd7597174e16c0cf40,mexikanische-rezepte,65d48bfd7597174e16c0cf40,mexikanisch
https://www.hellofresh.de/recipes/tacos-mit-bbq-hackfleisch-und-gouda-64e888d74e40d5c6cb1a6576,mexikanische-rezepte,64e888d74e40d5c6cb1a6576,mexikanisch
https://www.hellofresh.de/recipes/rauchige-chorizo-kartoffelpfanne-mit-paprika-65d4892f7597174e16c0c782,mexikanische-rezepte,65d4892f7597174e16c0c782,mexikanisch
https://www.hellofresh.de/recipes/gebratener-seehecht-auf-avocado-bohnen-salat-64ee071a7048962116eef3d2,mexikanische-rezepte,64ee071a7048962116eef3d2,mexikanisch
https://www.hellofresh.de/recipes/schnelle-chili-bowl-mit-tortilla-chips-662115cf5c9ad41013c0ef85,mexikanische-rezepte,662115cf5c9ad41013c0ef85,mexikanisch
https://www.hellofresh.de/recipes/beef-and-bean-salat-mit-mais-65798dc4ff39caf2068d560c,mexikanische-rezepte,65798dc4ff39caf2068d560c,mexikanisch
https://www.hellofresh.de/recipes/rauchige-chorizo-kartoffelpfanne-mit-paprika-66fbcca2acc2c87562468bce,mexikanische-rezepte,66fbcca2acc2c87562468bce,mexikanisch
https://www.hellofresh.de/recipes/bbq-burritos-mit-hackfleisch-64998c3827c5d86f460a4c0d,mexikanische-rezepte,64998c3827c5d86f460a4c0d,mexikanisch
https://www.hellofresh.de/recipes/mexican-pulled-pork-sandwich-65d86c5caf983757033469fb,mexikanische-rezepte,65d86c5caf983757033469fb,mexikanisch
https://www.hellofresh.de/recipes/bunte-burrito-bowl-mit-chorizo-66474870db12ba3a5e0ffde0,mexikanische-rezepte,66474870db12ba3a5e0ffde0,mexikanisch
https://www.hellofresh.de/recipes/mexikanische-steak-bowl-64df2a6fedeb8104eac90b5f,mexikanische-rezepte,64df2a6fedeb8104eac90b5f,mexikanisch
https://www.hellofresh.de/recipes/tacos-mit-rauchertofu-and-mango-paprika-salsa-6669cf3216b67b5e09053580,mexikanische-rezepte,6669cf3216b67b5e09053580,mexikanisch
https://www.hellofresh.de/recipes/loaded-smashed-potatoes-662b95453b46bb8bbaebd5bb,mexikanische-rezepte,662b95453b46bb8bbaebd5bb,mexikanisch
https://www.hellofresh.de/recipes/mexikanische-reisbowl-mit-rindersteak-660d40b9306b165ac1c04315,mexikanische-rezepte,660d40b9306b165ac1c04315,mexikanisch
https://www.hellofresh.de/recipes/carnitas-pulled-pork-gefullte-tacos-64df2a30552e10127649efff,mexikanische-rezepte,64df2a30552e10127649efff,mexikanisch
https://www.hellofresh.de/recipes/bbq-burritos-mit-hackfleisch-64c92d0a6a39b0f55c0562b2,mexikanische-rezepte,64c92d0a6a39b0f55c0562b2,mexikanisch
https://www.hellofresh.de/recipes/carnitas-mit-wurziger-kasesalsa-zum-dippen-66d98c76598288c28094b455,mexikanische-rezepte,66d98c76598288c28094b455,mexikanisch
https://www.hellofresh.de/recipes/vegan-carnitas-pulled-portobello-tacos-65fc013689ba98305e89ef87,mexikanische-rezepte,65fc013689ba98305e89ef87,mexikanisch
https://www.hellofresh.de/recipes/tacos-mit-rauchertofu-and-mango-paprika-salsa-66d81d6cb2e781f533137bcb,mexikanische-rezepte,66d81d6cb2e781f533137bcb,mexikanisch
https://www.hellofresh.de/recipes/chili-con-sikil-pak-kurbiskernpesto-mit-jalapenos-65b2422a3ebf28940b2ffa8d,mexikanische-rezepte,65b2422a3ebf28940b2ffa8d,mexikanisch
https://www.hellofresh.de/recipes/loaded-smashed-potatoes-660d3bae1f3d24d03a717caf,mexikanische-rezepte,660d3bae1f3d24d03a717caf,mexikanisch
https://www.hellofresh.de/recipes/loaded-smashed-potatoes-65d32238833ed7a0e818afe5,mexikanische-rezepte,65d32238833ed7a0e818afe5,mexikanisch
https://www.hellofresh.de/recipes/mexikanische-bio-steak-bowl-65e9b63dc40530a3caf7159d,mexikanische-rezepte,65e9b63dc40530a3caf7159d,mexikanisch
https://www.hellofresh.de/recipes/carnitas-pulled-pork-gefullte-tacos-65a507a770cc438cf4f7ced8,mexikanische-rezepte,65a507a770cc438cf4f7ced8,mexikanisch
https://www.hellofresh.de/recipes/tacos-mit-rauchertofu-and-mango-paprika-salsa-656469132d94ad532d620008,mexikanische-rezepte,656469132d94ad532d620008,mexikanisch
https://www.hellofresh.de/recipes/furs-ganze-team-nachos-and-rindersteak-662fa4bee7c9545da1003881,mexikanische-rezepte,662fa4bee7c9545da1003881,mexikanisch
https://www.hellofresh.de/recipes/enchiladas-mit-rauchiger-tomatensosse-6540c1179f9fbc0b0a5291f1,mexikanische-rezepte,6540c1179f9fbc0b0a5291f1,mexikanisch
https://www.hellofresh.de/recipes/quesadilla-con-chorizo-652cfcf8c88a1f5ba6f4cfcb,mexikanische-rezepte,652cfcf8c88a1f5ba6f4cfcb,mexikanisch
https://www.hellofresh.de/recipes/vegane-bbq-pulled-bowl-66c4983826a15d047a6065e3,mexikanische-rezepte,66c4983826a15d047a6065e3,mexikanisch
https://www.hellofresh.de/recipes/chicken-bowl-mit-spicy-panko-crunch-6669cf0e3acc3d3ec3368f9c,mexikanische-rezepte,6669cf0e3acc3d3ec3368f9c,mexikanisch
https://www.hellofresh.de/recipes/quesadilla-con-chorizo-65859af6600988fb9c069594,mexikanische-rezepte,65859af6600988fb9c069594,mexikanisch
https://www.hellofresh.de/recipes/quesadilla-con-chorizo-677265890200888b9f0f8857,mexikanische-rezepte,677265890200888b9f0f8857,mexikanisch
https://www.hellofresh.de/recipes/mexican-pulled-pork-sandwich-65859b64f9c7ff8689945d65,mexikanische-rezepte,65859b64f9c7ff8689945d65,mexikanisch
https://www.hellofresh.de/recipes/tex-mex-strozzapreti-mit-mais-kidneybohnen-64e860f800af9633818bb3b8,mexikanische-rezepte,64e860f800af9633818bb3b8,mexikanisch
https://www.hellofresh.de/recipes/gebratener-seehecht-auf-avocado-bohnen-salat-64c8729e8d39cf42a30eb483,mexikanische-rezepte,64c8729e8d39cf42a30eb483,mexikanisch
https://www.hellofresh.de/recipes/rauchige-chorizo-kartoffelpfanne-mit-paprika-661e8ed05c9ad41013c0a134,mexikanische-rezepte,661e8ed05c9ad41013c0a134,mexikanisch
https://www.hellofresh.de/recipes/loaded-smashed-potatoes-653664a0e06ba99102755a29,mexikanische-rezepte,653664a0e06ba99102755a29,mexikanisch
https://www.hellofresh.de/recipes/quesadilla-con-chorizo-6669cf223acc3d3ec3369024,mexikanische-rezepte,6669cf223acc3d3ec3369024,mexikanisch
https://www.hellofresh.de/recipes/tex-mex-style-hackpfanne-668e41bf018283f1f439b4dc,mexikanische-rezepte,668e41bf018283f1f439b4dc,mexikanisch
https://www.hellofresh.de/recipes/carnitas-pulled-pork-gefullte-tacos-668bd8556b6e4f7872081675,mexikanische-rezepte,668bd8556b6e4f7872081675,mexikanisch
https://www.hellofresh.de/recipes/carnitas-pulled-pork-gefullte-tacos-677265bac7ac6d53848637ef,mexikanische-rezepte,677265bac7ac6d53848637ef,mexikanisch
https://www.hellofresh.de/recipes/tacos-mit-rauchertofu-and-mango-paprika-salsa-65defcd62d1c9fa9bc74cf7b,mexikanische-rezepte,65defcd62d1c9fa9bc74cf7b,mexikanisch
https://www.hellofresh.de/recipes/quesadillas-mit-kasiger-rinderhackfleischfullung-65ef1979a66a6a1427fc2709,mexikanische-rezepte,65ef1979a66a6a1427fc2709,mexikanisch
https://www.hellofresh.de/recipes/chorizo-tacos-mit-cremiger-salsa-verde-66d98c2146b0e9f48d99ee46,mexikanische-rezepte,66d98c2146b0e9f48d99ee46,mexikanisch
https://www.hellofresh.de/recipes/loaded-smashed-potatoes-656468ad2d94ad532d61fb27,mexikanische-rezepte,656468ad2d94ad532d61fb27,mexikanisch
https://www.hellofresh.de/recipes/bbq-tacos-mit-bio-rinderhackfleisch-and-gouda-6580192616590f43e9698c76,mexikanische-rezepte,6580192616590f43e9698c76,mexikanisch
https://www.hellofresh.de/recipes/bbq-tacos-mit-bio-rinderhackfleisch-and-gouda-66d9963646b0e9f48d99ef2d,mexikanische-rezepte,66d9963646b0e9f48d99ef2d,mexikanisch
https://www.hellofresh.de/recipes/carnitas-pulled-pork-gefullte-tacos-664c6365db12ba3a5e100eba,mexikanische-rezepte,664c6365db12ba3a5e100eba,mexikanisch
https://www.hellofresh.de/recipes/linsen-walnuss-pfanne-mit-champignons-64f9cc0f32e9107c6db84fcb,mexikanische-rezepte,64f9cc0f32e9107c6db84fcb,mexikanisch
https://www.hellofresh.de/recipes/chili-susskartoffel-kumpir-64a2ae388a81ebb88f00b818,mexikanische-rezepte,64a2ae388a81ebb88f00b818,mexikanisch
https://www.hellofresh.de/recipes/mexicanischer-grillhahnchen-und-slaw-652e4ad56720825b47fd9acd,mexikanische-rezepte,652e4ad56720825b47fd9acd,mexikanisch
https://www.hellofresh.de/recipes/quesadillas-mit-kasiger-rinderhackfleischfullung-651150383e0981e84af20189,mexikanische-rezepte,651150383e0981e84af20189,mexikanisch
https://www.hellofresh.de/recipes/bio-rinderhack-in-cheesy-xxl-enchiladas-66cc3d2e6041110ff0a4aaa8,mexikanische-rezepte,66cc3d2e6041110ff0a4aaa8,mexikanisch
https://www.hellofresh.de/recipes/tacos-mit-rauchertofu-and-mango-paprika-salsa-64e8610d4e40d5c6cb1a59f8,mexikanische-rezepte,64e8610d4e40d5c6cb1a59f8,mexikanisch
https://www.hellofresh.de/recipes/quesadillas-mit-scharfem-gemusechili-64998c63cb43662b3c03601f,mexikanische-rezepte,64998c63cb43662b3c03601f,mexikanisch
https://www.hellofresh.de/recipes/loaded-smashed-potatoes-66b23b1b1047ce9880456d98,mexikanische-rezepte,66b23b1b1047ce9880456d98,mexikanisch
https://www.hellofresh.de/recipes/quesadilla-con-chorizo-6548f33bd637bf067f0a0e51,mexikanische-rezepte,6548f33bd637bf067f0a0e51,mexikanisch
https://www.hellofresh.de/recipes/chili-con-sikil-pak-kurbiskernpesto-chili-and-quinoa-65251db9be675f371f8b44e9,mexikanische-rezepte,65251db9be675f371f8b44e9,mexikanisch
https://www.hellofresh.de/recipes/carnitas-pulled-pork-gefullte-tacos-6638971fa1cdc8933c57693b,mexikanische-rezepte,6638971fa1cdc8933c57693b,mexikanisch
https://www.hellofresh.de/recipes/carnitas-pulled-pork-gefullte-tacos-64b6847d02c6bbbb42071803,mexikanische-rezepte,64b6847d02c6bbbb42071803,mexikanisch
https://www.hellofresh.de/recipes/flautas-knusprige-tortillarollen-656468d353b95b70f999161a,mexikanische-rezepte,656468d353b95b70f999161a,mexikanisch
https://www.hellofresh.de/recipes/schnelle-arroz-con-pollo-660eb1151f3d24d03a719b84,mexikanische-rezepte,660eb1151f3d24d03a719b84,mexikanisch
https://www.hellofresh.de/recipes/smoky-chicken-avocado-bowl-auf-quinoa-65200f72be675f371f8ad904,mexikanische-rezepte,65200f72be675f371f8ad904,mexikanisch
https://www.hellofresh.de/recipes/rauchiges-susskartoffel-chili-mit-babyspinat-64e888d54e40d5c6cb1a656d,mexikanische-rezepte,64e888d54e40d5c6cb1a656d,mexikanisch
https://www.hellofresh.de/recipes/bunte-burrito-bowl-mit-chorizo-65154110aab557d393d8d606,mexikanische-rezepte,65154110aab557d393d8d606,mexikanisch
https://www.hellofresh.de/recipes/cowboy-chicken-chili-mit-mais-and-reis-67726593c7ac6d5384863621,mexikanische-rezepte,67726593c7ac6d5384863621,mexikanisch
https://www.hellofresh.de/recipes/mexican-elote-style-maiskolben-mit-kase-673f6c783852ebaf7686c683,mexikanische-rezepte,673f6c783852ebaf7686c683,mexikanisch
https://www.hellofresh.de/recipes/bbq-burritos-mit-hackfleisch-64df2a23552e10127649ef76,mexikanische-rezepte,64df2a23552e10127649ef76,mexikanisch
https://www.hellofresh.de/recipes/knusprige-tortillarollen-flautas-style-65d489ad6c4f2239898762a1,mexikanische-rezepte,65d489ad6c4f2239898762a1,mexikanisch
https://www.hellofresh.de/recipes/beef-and-bean-tacos-aus-dem-ofen-6772655f0200888b9f0f8602,mexikanische-rezepte,6772655f0200888b9f0f8602,mexikanisch
https://www.hellofresh.de/recipes/cheesy-beef-enchiladas-xxl-mit-avocado-65f1ea68086e015a83585108,mexikanische-rezepte,65f1ea68086e015a83585108,mexikanisch
https://www.hellofresh.de/recipes/mexican-torta-pulled-pork-sandwich-64fece5d333d6f05dac3631a,mexikanische-rezepte,64fece5d333d6f05dac3631a,mexikanisch
https://www.hellofresh.de/recipes/bbq-burritos-mit-hackfleisch-65a5050da4190de83372ba4b,mexikanische-rezepte,65a5050da4190de83372ba4b,mexikanisch
https://www.hellofresh.de/recipes/kasige-hackpfanne-tex-mex-style-67470ca2fb7a3ff84744ced5,mexikanische-rezepte,67470ca2fb7a3ff84744ced5,mexikanisch
https://www.hellofresh.de/recipes/quesadilla-con-chorizo-66014a8788ae29ee0ef45b09,mexikanische-rezepte,66014a8788ae29ee0ef45b09,mexikanisch
https://www.hellofresh.de/recipes/quesadilla-con-chorizo-64df2a7dedeb8104eac90bbf,mexikanische-rezepte,64df2a7dedeb8104eac90bbf,mexikanisch
https://www.hellofresh.de/recipes/cowboy-chicken-chili-671f974810bbc833b98f8dde,mexikanische-rezepte,671f974810bbc833b98f8dde,mexikanisch
https://www.hellofresh.de/recipes/vegan-carnitas-pulled-portobello-tacos-64bf76fa0f770f364c00edd5,mexikanische-rezepte,64bf76fa0f770f364c00edd5,mexikanisch
https://www.hellofresh.de/recipes/flautas-knusprige-tortillarollen-mit-avocado-tomaten-salsa-64ad72fdcbb9a96bcb04e96b,mexikanische-rezepte,64ad72fdcbb9a96bcb04e96b,mexikanisch
https://www.hellofresh.de/recipes/quesadilla-con-chorizo-65c9e990d95a98e8defe640e,mexikanische-rezepte,65c9e990d95a98e8defe640e,mexikanisch
https://www.hellofresh.de/recipes/taco-night-mit-knusprigem-huhnchen-661fc453019ddbd535c0692c,mexikanische-rezepte,661fc453019ddbd535c0692c,mexikanisch
https://www.hellofresh.de/recipes/cheesy-beef-enchiladas-xxl-mit-avocado-668e6800da99f37bb7c06914,mexikanische-rezepte,668e6800da99f37bb7c06914,mexikanisch
https://www.hellofresh.de/recipes/tacos-mit-rauchertofu-and-mango-paprika-salsa-65152b0caab557d393d8d21b,mexikanische-rezepte,65152b0caab557d393d8d21b,mexikanisch
https://www.hellofresh.de/recipes/bbq-burritos-mit-hackfleisch-6669cf693acc3d3ec33692ea,mexikanische-rezepte,6669cf693acc3d3ec33692ea,mexikanisch
https://www.hellofresh.de/recipes/furs-ganze-team-nachos-and-rindersteak-6613e53d9064812f6170ac6f,mexikanische-rezepte,6613e53d9064812f6170ac6f,mexikanisch
https://www.hellofresh.de/recipes/fajita-austernpilze-in-soft-tacos-6548bc93d637bf067f0a03d7,mexikanische-rezepte,6548bc93d637bf067f0a03d7,mexikanisch
https://www.hellofresh.de/recipes/furs-ganze-team-nachos-and-rindersteak-6613e591c415e87791187dec,mexikanische-rezepte,6613e591c415e87791187dec,mexikanisch
https://www.hellofresh.de/recipes/fajita-chicken-style-mit-sriracha-65cf472752f6e2fd05ccda65,mexikanische-rezepte,65cf472752f6e2fd05ccda65,mexikanisch
https://www.hellofresh.de/recipes/quesadillas-mit-kasiger-rinderhackfleischfullung-65200f43188676f47c1b273b,mexikanische-rezepte,65200f43188676f47c1b273b,mexikanisch
https://www.hellofresh.de/recipes/carnitas-pulled-pork-gefullte-tacos-652cfebf6720825b47fd7f93,mexikanische-rezepte,652cfebf6720825b47fd7f93,mexikanisch
https://www.hellofresh.de/recipes/bbq-burritos-mit-hackfleisch-64f5a2b2c09936aa866c7deb,mexikanische-rezepte,64f5a2b2c09936aa866c7deb,mexikanisch
https://www.hellofresh.de/recipes/buntes-ofengemuse-mit-grillkase-and-avocado-64c92d3a3d69b521a809638f,mexikanische-rezepte,64c92d3a3d69b521a809638f,mexikanisch
https://www.hellofresh.de/recipes/cheesy-enchilada-reis-mit-schwarzen-bohnen-65fd58b44e3f7830055194e0,mexikanische-rezepte,65fd58b44e3f7830055194e0,mexikanisch
https://www.hellofresh.de/recipes/bbq-tacos-mit-bio-rinderhackfleisch-and-gouda-65b2423ed1da3988cdd863b4,mexikanische-rezepte,65b2423ed1da3988cdd863b4,mexikanisch
https://www.hellofresh.de/recipes/ofen-beef-and-bean-tacos-6721184810bbc833b98fec89,mexikanische-rezepte,6721184810bbc833b98fec89,mexikanisch
https://www.hellofresh.de/recipes/loaded-smashed-potatoes-661e925a5c9ad41013c0a689,mexikanische-rezepte,661e925a5c9ad41013c0a689,mexikanisch
https://www.hellofresh.de/recipes/bohnenpfanne-mit-tortilla-crunch-6500839032e9107c6db8e545,mexikanische-rezepte,6500839032e9107c6db8e545,mexikanisch
https://www.hellofresh.de/recipes/bohnenpfanne-mit-tortilla-crunch-6548b97c3357e0637a82dbc5,mexikanische-rezepte,6548b97c3357e0637a82dbc5,mexikanisch
https://www.hellofresh.de/recipes/bohnenpfanne-mit-tortilla-crunch-66b23b1fa1293bffe8e01b49,mexikanische-rezepte,66b23b1fa1293bffe8e01b49,mexikanisch
https://www.hellofresh.de/recipes/tortillas-mit-bohnen-mais-fullung-aus-dem-ofen-664c63a9db12ba3a5e10107f,mexikanische-rezepte,664c63a9db12ba3a5e10107f,mexikanisch
https://www.hellofresh.de/recipes/vegane-fajita-tacos-mit-selbst-gemachter-salsa-roja-66d97aa246b0e9f48d99ea77,mexikanische-rezepte,66d97aa246b0e9f48d99ea77,mexikanisch
https://www.hellofresh.de/recipes/mexikanische-steak-bowl-65859b55f9c7ff8689945c87,mexikanische-rezepte,65859b55f9c7ff8689945c87,mexikanisch
https://www.hellofresh.de/recipes/rauchiges-susskartoffel-chili-65b24299d1da3988cdd867d1,mexikanische-rezepte,65b24299d1da3988cdd867d1,mexikanisch
https://www.hellofresh.de/recipes/carnitas-mit-wurziger-kasesalsa-zum-dippen-66d98bf8598288c28094b434,mexikanische-rezepte,66d98bf8598288c28094b434,mexikanisch
https://www.hellofresh.de/recipes/smoky-chicken-avocado-bowl-auf-quinoa-64c92db181947863d90b21c0,mexikanische-rezepte,64c92db181947863d90b21c0,mexikanisch
https://www.hellofresh.de/recipes/quesadilla-con-chorizo-66b23b191047ce9880456d80,mexikanische-rezepte,66b23b191047ce9880456d80,mexikanisch
https://www.hellofresh.de/recipes/bbq-burritos-mit-hackfleisch-6576e2cfba37c0febace23e0,mexikanische-rezepte,6576e2cfba37c0febace23e0,mexikanisch
https://www.hellofresh.de/recipes/mexikanische-steak-bowl-6536690116f966aee92407d0,mexikanische-rezepte,6536690116f966aee92407d0,mexikanisch
https://www.hellofresh.de/recipes/taco-night-mit-knusprigem-huhnchen-66d81d8c0eb51492a4c654dd,mexikanische-rezepte,66d81d8c0eb51492a4c654dd,mexikanisch
https://www.hellofresh.de/recipes/buntes-ofengemuse-mit-grillkase-and-avocado-661e8e825c9ad41013c09e39,mexikanische-rezepte,661e8e825c9ad41013c09e39,mexikanisch
https://www.hellofresh.de/recipes/rauchige-chorizo-kartoffelpfanne-mit-paprika-64df7851614f75555c20f7bb,mexikanische-rezepte,64df7851614f75555c20f7bb,mexikanisch
https://www.hellofresh.de/recipes/vegane-bbq-tacos-64e860a940ec4203972fa8ce,mexikanische-rezepte,64e860a940ec4203972fa8ce,mexikanisch
https://www.hellofresh.de/recipes/mexican-pulled-pork-sandwich-65d4897f6c4f223989875fcf,mexikanische-rezepte,65d4897f6c4f223989875fcf,mexikanisch
https://www.hellofresh.de/recipes/tortillas-mit-bohnen-mais-fullung-aus-dem-ofen-664f486ed9c97d64003ac306,mexikanische-rezepte,664f486ed9c97d64003ac306,mexikanisch
https://www.hellofresh.de/recipes/bbq-burritos-mit-hackfleisch-6551f5a370cac64bddcad564,mexikanische-rezepte,6551f5a370cac64bddcad564,mexikanisch
https://www.hellofresh.de/recipes/cheesy-quesadillas-mit-rinderhackfleisch-65d4895febca12e273053400,mexikanische-rezepte,65d4895febca12e273053400,mexikanisch
https://www.hellofresh.de/recipes/mexican-pulled-pork-sandwich-668e6870da99f37bb7c06ae0,mexikanische-rezepte,668e6870da99f37bb7c06ae0,mexikanisch
https://www.hellofresh.de/recipes/smoky-chicken-avocado-bowl-auf-quinoa-tricolor-65845ac9c6869ff77feae84d,mexikanische-rezepte,65845ac9c6869ff77feae84d,mexikanisch
https://www.hellofresh.de/recipes/quesadilla-con-chorizo-64b6840c8244c2a8b6078891,mexikanische-rezepte,64b6840c8244c2a8b6078891,mexikanisch
https://www.hellofresh.de/recipes/salsa-roja-vegane-fajita-mushroom-tacos-6655c5963c6f67065179f4c1,mexikanische-rezepte,6655c5963c6f67065179f4c1,mexikanisch
https://www.hellofresh.de/recipes/chorizo-tacos-mit-cremiger-salsa-verde-66d98ba6b2e781f53313a382,mexikanische-rezepte,66d98ba6b2e781f53313a382,mexikanisch
https://www.hellofresh.de/recipes/cheesy-beef-enchiladas-xxl-mit-avocado-655399752d94ad532d605813,mexikanische-rezepte,655399752d94ad532d605813,mexikanisch
https://www.hellofresh.de/recipes/quesadillas-mit-kasiger-rinderhackfleischfullung-65b242aa3ebf28940b30009a,mexikanische-rezepte,65b242aa3ebf28940b30009a,mexikanisch
https://www.hellofresh.de/recipes/tacos-mit-rauchertofu-and-mango-paprika-salsa-668e6949da99f37bb7c06ef7,mexikanische-rezepte,668e6949da99f37bb7c06ef7,mexikanisch
https://www.hellofresh.de/recipes/loaded-smashed-potatoes-66e828e738a0c4a4ab52ac5a,mexikanische-rezepte,66e828e738a0c4a4ab52ac5a,mexikanisch
https://www.hellofresh.de/recipes/cheesy-beef-enchiladas-xxl-mit-bio-rinderhack-661e8ede5c9ad41013c0a1ca,mexikanische-rezepte,661e8ede5c9ad41013c0a1ca,mexikanisch
https://www.hellofresh.de/recipes/taco-night-mit-knusprigem-huhnchen-66702f3b7bcfb7f2d024a8a4,mexikanische-rezepte,66702f3b7bcfb7f2d024a8a4,mexikanisch
https://www.hellofresh.de/recipes/vegane-fajita-tacos-mit-selbst-gemachter-salsa-roja-66d98b5cb2e781f53313a356,mexikanische-rezepte,66d98b5cb2e781f53313a356,mexikanisch
https://www.hellofresh.de/recipes/carnitas-pulled-pork-gefullte-tacos-66014c136c6e132758b2aa45,mexikanische-rezepte,66014c136c6e132758b2aa45,mexikanisch
https://www.hellofresh.de/recipes/bunte-burrito-bowl-mit-chorizo-66cc754b6041110ff0a4af39,mexikanische-rezepte,66cc754b6041110ff0a4af39,mexikanisch
https://www.hellofresh.de/recipes/wurzig-feurige-grillkase-tacos-65f963b96680f7ad9b79fb4d,mexikanische-rezepte,65f963b96680f7ad9b79fb4d,mexikanisch
https://www.hellofresh.de/recipes/carnitas-pulled-pork-gefullte-tacos-65d32377833ed7a0e818b07e,mexikanische-rezepte,65d32377833ed7a0e818b07e,mexikanisch
https://www.hellofresh.de/recipes/quesadilla-con-chorizo-66963a448227b4046933219c,mexikanische-rezepte,66963a448227b4046933219c,mexikanisch
https://www.hellofresh.de/recipes/chili-con-sikil-pak-kurbiskernpesto-chili-and-quinoa-64e8611100af9633818bb4aa,mexikanische-rezepte,64e8611100af9633818bb4aa,mexikanisch
https://www.hellofresh.de/recipes/mexikanische-bowl-mit-rinderhuftsteakstreifen-64df2a6c614f75555c20eef2,mexikanische-rezepte,64df2a6c614f75555c20eef2,mexikanisch
https://www.hellofresh.de/recipes/mexikanische-steak-bowl-656df66281cf2ace2bf74d9e,mexikanische-rezepte,656df66281cf2ace2bf74d9e,mexikanisch
https://www.hellofresh.de/recipes/bbq-burritos-mit-hackfleisch-64e364cba2c417189e0da25e,mexikanische-rezepte,64e364cba2c417189e0da25e,mexikanisch
https://www.hellofresh.de/recipes/chorizo-tacos-mit-cremiger-salsa-verde-66d98c96b2e781f53313a3c1,mexikanische-rezepte,66d98c96b2e781f53313a3c1,mexikanisch
https://www.hellofresh.de/recipes/cheesy-beef-enchiladas-xxl-mit-bio-rinderhack-664c6348db12ba3a5e100e3a,mexikanische-rezepte,664c6348db12ba3a5e100e3a,mexikanisch
https://www.hellofresh.de/recipes/smoky-chicken-avocado-bowl-auf-quinoa-tricolor-6613e62ec415e87791187e3f,mexikanische-rezepte,6613e62ec415e87791187e3f,mexikanisch
https://www.hellofresh.de/recipes/chili-con-sikil-pak-kurbiskernpesto-6548f5d9210a8fb22c33fd1d,mexikanische-rezepte,6548f5d9210a8fb22c33fd1d,mexikanisch
https://www.hellofresh.de/recipes/fajita-style-pasta-mit-gebackener-paprika-64e860a100af9633818bad3a,mexikanische-rezepte,64e860a100af9633818bad3a,mexikanisch
https://www.hellofresh.de/recipes/bbq-burritos-mit-hackfleisch-664cb90e8606e082f18853bf,mexikanische-rezepte,664cb90e8606e082f18853bf,mexikanisch
https://www.hellofresh.de/recipes/wurzig-feurige-grillkase-tacos-669e77e4180815c79327639d,mexikanische-rezepte,669e77e4180815c79327639d,mexikanisch
https://www.hellofresh.de/recipes/tortillas-mit-bohnen-mais-fullung-aus-dem-ofen-65f86792473c4f42771ce39d,mexikanische-rezepte,65f86792473c4f42771ce39d,mexikanisch
https://www.hellofresh.de/recipes/tacos-mit-bbq-hackfleisch-und-gouda-6548baffd637bf067f0a030f,mexikanische-rezepte,6548baffd637bf067f0a030f,mexikanisch
https://www.hellofresh.de/recipes/linsen-walnuss-pfanne-mit-champignons-64998c84062d6fdc830d2f32,mexikanische-rezepte,64998c84062d6fdc830d2f32,mexikanisch
https://www.hellofresh.de/recipes/chorizo-tacos-mit-cremiger-salsa-verde-66d98b24598288c28094b3e1,mexikanische-rezepte,66d98b24598288c28094b3e1,mexikanisch
https://www.hellofresh.de/recipes/gebratener-seehecht-auf-avocado-bohnen-salat-6638eea66b5677e5d21e8c7c,mexikanische-rezepte,6638eea66b5677e5d21e8c7c,mexikanisch
https://www.hellofresh.de/recipes/rauchige-chorizo-gemuse-pfanne-677265ca0200888b9f0f8b46,mexikanische-rezepte,677265ca0200888b9f0f8b46,mexikanisch
https://www.hellofresh.de/recipes/tacos-mit-hackfleisch-und-avocado-66166c08c415e8779118ebaa,mexikanische-rezepte,66166c08c415e8779118ebaa,mexikanisch
https://www.hellofresh.de/recipes/furs-ganze-team-nachos-and-rindersteak-65fc3b5c09492af87e8149f1,mexikanische-rezepte,65fc3b5c09492af87e8149f1,mexikanisch
https://www.hellofresh.de/recipes/carnitas-pulled-pork-gefullte-tacos-66ba1cf9a68bc448dd4488f0,mexikanische-rezepte,66ba1cf9a68bc448dd4488f0,mexikanisch
https://www.hellofresh.de/recipes/quesadilla-con-chorizo-65ae36f97a5c42553ab71f9c,mexikanische-rezepte,65ae36f97a5c42553ab71f9c,mexikanisch
https://www.hellofresh.de/recipes/mexican-torta-pulled-pork-sandwich-64df2a58614f75555c20ee3e,mexikanische-rezepte,64df2a58614f75555c20ee3e,mexikanisch
https://www.hellofresh.de/recipes/quesadillas-mit-scharfem-gemusechili-6772654c0200888b9f0f84eb,mexikanische-rezepte,6772654c0200888b9f0f84eb,mexikanisch
https://www.hellofresh.de/recipes/veganer-tex-mex-salat-65f8059d1d9f403b835b3757,mexikanische-rezepte,65f8059d1d9f403b835b3757,mexikanisch
https://www.hellofresh.de/recipes/bohnenpfanne-mit-tortilla-crunch-66be15f5a68bc448dd454799,mexikanische-rezepte,66be15f5a68bc448dd454799,mexikanisch
https://www.hellofresh.de/recipes/enchiladas-mit-rauchiger-tomatensosse-64ca2bc360539b6b7203928c,mexikanische-rezepte,64ca2bc360539b6b7203928c,mexikanisch
https://www.hellofresh.de/recipes/bunte-burrito-bowl-mit-chorizo-64df44e2614f75555c20f3a1,mexikanische-rezepte,64df44e2614f75555c20f3a1,mexikanisch
https://www.hellofresh.de/recipes/furs-ganze-team-nachos-and-rindersteak-6613e569c415e87791187ddb,mexikanische-rezepte,6613e569c415e87791187ddb,mexikanisch
https://www.hellofresh.de/recipes/bbq-burritos-mit-hackfleisch-65c0ef0b770ae9faa0794bcd,mexikanische-rezepte,65c0ef0b770ae9faa0794bcd,mexikanisch
https://www.hellofresh.de/recipes/chili-con-sikil-pak-quinoa-mit-kurbiskernpesto-653668c616f966aee924079e,mexikanische-rezepte,653668c616f966aee924079e,mexikanisch
https://www.hellofresh.de/recipes/bbq-steak-tacos-mit-chili-kiwi-salsa-and-avocado-66436080e15adad53cab1c59,mexikanische-rezepte,66436080e15adad53cab1c59,mexikanisch
https://www.hellofresh.de/recipes/blumenkohl-fajitas-vom-blech-671f97314251e0dbe4bdf50b,mexikanische-rezepte,671f97314251e0dbe4bdf50b,mexikanisch
https://www.hellofresh.de/recipes/vegane-fajita-tacos-mit-selbst-gemachter-salsa-roja-66d98bd6598288c28094b413,mexikanische-rezepte,66d98bd6598288c28094b413,mexikanisch
https://www.hellofresh.de/recipes/bunte-burrito-bowl-mit-chorizo-65c38834770ae9faa079a841,mexikanische-rezepte,65c38834770ae9faa079a841,mexikanisch
https://www.hellofresh.de/recipes/rauchiges-susskartoffel-chili-67867b57ebcb649801e3c017,mexikanische-rezepte,67867b57ebcb649801e3c017,mexikanisch
https://www.hellofresh.de/recipes/beef-and-bean-salat-mit-mais-6613e655c415e87791187e69,mexikanische-rezepte,6613e655c415e87791187e69,mexikanisch
https://www.hellofresh.de/recipes/quesadilla-con-chorizo-64df2a84552e10127649f2ee,mexikanische-rezepte,64df2a84552e10127649f2ee,mexikanisch
https://www.hellofresh.de/recipes/carnitas-pulled-pork-gefullte-tacos-6721187f10bbc833b98fef35,mexikanische-rezepte,6721187f10bbc833b98fef35,mexikanisch
https://www.hellofresh.de/recipes/bohnenpfanne-mit-tortilla-crunch-66be16c3a68bc448dd4547b6,mexikanische-rezepte,66be16c3a68bc448dd4547b6,mexikanisch
https://www.hellofresh.de/recipes/bohnenpfanne-mit-tortilla-crunch-65d489167597174e16c0c699,mexikanische-rezepte,65d489167597174e16c0c699,mexikanisch
https://www.hellofresh.de/recipes/carnitas-pulled-pork-gefullte-tacos-6551f6ff2d94ad532d602fec,mexikanische-rezepte,6551f6ff2d94ad532d602fec,mexikanisch
https://www.hellofresh.de/recipes/quesadillas-mit-kasiger-rinderhackfleischfullung-66fbccc39e82bf398e8fa2e5,mexikanische-rezepte,66fbccc39e82bf398e8fa2e5,mexikanisch
https://www.hellofresh.de/recipes/rauchiges-susskartoffel-chili-mit-babyspinat-65128df14dbea4929878f203,mexikanische-rezepte,65128df14dbea4929878f203,mexikanisch
https://www.hellofresh.de/recipes/mexikanische-hahnchen-crunch-bowl-65e717071101bf672060a644,mexikanische-rezepte,65e717071101bf672060a644,mexikanisch
https://www.hellofresh.de/recipes/rauchige-hack-kartoffelpfanne-mit-paprika-677265cac7ac6d5384863888,mexikanische-rezepte,677265cac7ac6d5384863888,mexikanisch
https://www.hellofresh.de/recipes/quesadilla-con-chorizo-67470cabfb7a3ff84744cf54,mexikanische-rezepte,67470cabfb7a3ff84744cf54,mexikanisch
https://www.hellofresh.de/recipes/carnitas-pulled-pork-gefullte-tacos-64f5a3867048962116ef6a14,mexikanische-rezepte,64f5a3867048962116ef6a14,mexikanisch
https://www.hellofresh.de/recipes/paprika-hahnchenbrust-mit-salsa-verde-6772654b67cf697e9b61fd28,mexikanische-rezepte,6772654b67cf697e9b61fd28,mexikanisch
https://www.hellofresh.de/recipes/mexican-pulled-pork-sandwich-671f9771662b2e47e398cd9e,mexikanische-rezepte,671f9771662b2e47e398cd9e,mexikanisch
https://www.hellofresh.de/recipes/mexikanische-steak-bowl-65b8d17bd1da3988cdd8d13d,mexikanische-rezepte,65b8d17bd1da3988cdd8d13d,mexikanisch
https://www.hellofresh.de/recipes/vegan-carnitas-pulled-portobello-tacos-64df2a95edeb8104eac90c6a,mexikanische-rezepte,64df2a95edeb8104eac90c6a,mexikanisch
https://www.hellofresh.de/recipes/carnitas-pulled-pork-gefullte-tacos-671f970e4251e0dbe4bdf388,mexikanische-rezepte,671f970e4251e0dbe4bdf388,mexikanisch
https://www.hellofresh.de/recipes/quesadilla-con-chorizo-660586889b244e4ad68eb903,mexikanische-rezepte,660586889b244e4ad68eb903,mexikanisch
https://www.hellofresh.de/recipes/bbq-burritos-mit-hackfleisch-6508195253d80a0362112f02,mexikanische-rezepte,6508195253d80a0362112f02,mexikanisch
https://www.hellofresh.de/recipes/tacos-mit-bbq-hackfleisch-und-gouda-64df2a59edeb8104eac90a99,mexikanische-rezepte,64df2a59edeb8104eac90a99,mexikanisch
https://www.hellofresh.de/recipes/chipotle-chicken-bowl-677265c667cf697e9b6202b5,mexikanische-rezepte,677265c667cf697e9b6202b5,mexikanisch
https://www.hellofresh.de/recipes/wurzig-feurige-grillkase-tacos-65d4891debca12e27305301b,mexikanische-rezepte,65d4891debca12e27305301b,mexikanisch
https://www.hellofresh.de/recipes/bbq-burritos-mit-hackfleisch-65f867741d9f403b835b4fbf,mexikanische-rezepte,65f867741d9f403b835b4fbf,mexikanisch
https://www.hellofresh.de/recipes/tortillas-mit-carnitas-in-salsa-loca-6655b9a5d9c97d64003b1fb9,mexikanische-rezepte,6655b9a5d9c97d64003b1fb9,mexikanisch
https://www.hellofresh.de/recipes/bohnenpfanne-mit-tortilla-crunch-665448efd7e2204fdd096283,mexikanische-rezepte,665448efd7e2204fdd096283,mexikanisch
https://www.hellofresh.de/recipes/veganer-tex-mex-salat-66b23b966e2625457a71d657,mexikanische-rezepte,66b23b966e2625457a71d657,mexikanisch
https://www.hellofresh.de/recipes/wurzig-feurige-grillkase-tacos-67470ca6989edba91be313ae,mexikanische-rezepte,67470ca6989edba91be313ae,mexikanisch
https://www.hellofresh.de/recipes/rauchiges-susskartoffel-chili-6564689653b95b70f99911db,mexikanische-rezepte,6564689653b95b70f99911db,mexikanisch
https://www.hellofresh.de/recipes/veggie-fajitas-mit-paprika-pilzen-und-bohnen-65fc0af8aed1d40579f2d03f,mexikanische-rezepte,65fc0af8aed1d40579f2d03f,mexikanisch
https://www.hellofresh.de/recipes/bbq-burritos-mit-hackfleisch-6523bf3f6720825b47fcd562,mexikanische-rezepte,6523bf3f6720825b47fcd562,mexikanisch
https://www.hellofresh.de/recipes/mexican-pulled-pork-sandwich-677265c00200888b9f0f8ada,mexikanische-rezepte,677265c00200888b9f0f8ada,mexikanisch
https://www.hellofresh.de/recipes/bbq-steak-tacos-mit-chili-kiwi-salsa-and-avocado-65b242aca8fb57b0b41e7739,mexikanische-rezepte,65b242aca8fb57b0b41e7739,mexikanisch
https://www.hellofresh.de/recipes/mexikanische-spaghetti-bolognese-668e680a6d9531676611a391,mexikanische-rezepte,668e680a6d9531676611a391,mexikanisch
https://www.hellofresh.de/recipes/tacos-mit-rauchertofu-and-mango-paprika-salsa-660e57f74c86bc584f551936,mexikanische-rezepte,660e57f74c86bc584f551936,mexikanisch
https://www.hellofresh.de/recipes/rauchiges-susskartoffel-chili-659535a9c7596f421e53d29b,mexikanische-rezepte,659535a9c7596f421e53d29b,mexikanisch
https://www.hellofresh.de/recipes/flautas-knusprige-tortillarollen-mit-avocado-salsa-64df2a27552e10127649efa2,mexikanische-rezepte,64df2a27552e10127649efa2,mexikanisch
https://www.hellofresh.de/recipes/mexikanische-steak-bowl-6548f60bd637bf067f0a0fab,mexikanische-rezepte,6548f60bd637bf067f0a0fab,mexikanisch
https://www.hellofresh.de/recipes/bohnenpfanne-mit-tortilla-crunch-64c8721b96b62fe32d025a33,mexikanische-rezepte,64c8721b96b62fe32d025a33,mexikanisch
https://www.hellofresh.de/recipes/mexikanische-bowl-mit-rinderhuftsteakstreifen-64c872a4a1ee1797c50f39cf,mexikanische-rezepte,64c872a4a1ee1797c50f39cf,mexikanisch
https://www.hellofresh.de/recipes/buntes-ofengemuse-mit-grillkase-and-avocado-65d489a4ebca12e27305380d,mexikanische-rezepte,65d489a4ebca12e27305380d,mexikanisch
https://www.hellofresh.de/recipes/enchiladas-mit-rauchiger-tomatensosse-661e8f02019ddbd535c03d1f,mexikanische-rezepte,661e8f02019ddbd535c03d1f,mexikanisch
https://www.hellofresh.de/recipes/bohnenpfanne-mit-tortilla-crunch-661ce8325c9ad41013c058b9,mexikanische-rezepte,661ce8325c9ad41013c058b9,mexikanisch
https://www.hellofresh.de/recipes/paprika-hahnchenbrust-mit-salsa-verde-678a77f300ea0a08f0b22a84,mexikanische-rezepte,678a77f300ea0a08f0b22a84,mexikanisch
https://www.hellofresh.de/recipes/tortillas-mit-bohnen-mais-fullung-aus-dem-ofen-66d81da5b2e781f533137de7,mexikanische-rezepte,66d81da5b2e781f533137de7,mexikanisch
https://www.hellofresh.de/recipes/carnitas-mit-wurziger-kasesalsa-zum-dippen-66d98b8046b0e9f48d99ee13,mexikanische-rezepte,66d98b8046b0e9f48d99ee13,mexikanisch
https://www.hellofresh.de/recipes/gemusespiesse-mit-satay-sosse-dazu-kokosreis-6215f4b65f29cf23f017ab4c,vietnamesische-rezepte,6215f4b65f29cf23f017ab4c,vietnamesisch
https://www.hellofresh.de/recipes/asiatisches-rinderhackfleisch-mit-pak-choi-6283a7bd38c89a584b08e546,vietnamesische-rezepte,6283a7bd38c89a584b08e546,vietnamesisch
https://www.hellofresh.de/recipes/sesam-hahnchen-mit-hoisin-erdnuss-sosse-664c63848606e082f1884c08,vietnamesische-rezepte,664c63848606e082f1884c08,vietnamesisch
https://www.hellofresh.de/recipes/sesam-hahnchen-mit-hoisin-erdnuss-sosse-612e00ea83c1f343531349e3,vietnamesische-rezepte,612e00ea83c1f343531349e3,vietnamesisch
https://www.hellofresh.de/recipes/kokos-curry-pfannkuchen-mit-bohnenfullung-6613e3d417fb871fe34ecccf,vietnamesische-rezepte,6613e3d417fb871fe34ecccf,vietnamesisch
https://www.hellofresh.de/recipes/kokos-curry-pfannkuchen-mit-bohnenfullung-639882b4727bd34080079f3b,vietnamesische-rezepte,639882b4727bd34080079f3b,vietnamesisch
https://www.hellofresh.de/recipes/banh-mi-vietnamesisches-sandwich-5fd9d28a73734c1a5703d054,vietnamesische-rezepte,5fd9d28a73734c1a5703d054,vietnamesisch
https://www.hellofresh.de/recipes/sahara-spiesse-mit-erdnuss-sosse-634e511a51508e9c6e054072,vietnamesische-rezepte,634e511a51508e9c6e054072,vietnamesisch
https://www.hellofresh.de/recipes/sesam-hahnchen-mit-hoisin-erdnuss-sosse-609a9cc692610f5ec43f445a,vietnamesische-rezepte,609a9cc692610f5ec43f445a,vietnamesisch
https://www.hellofresh.de/recipes/asia-tacos-mit-hahnchengeschnetzeltem-and-avocado-65329a54e06ba99102753873,vietnamesische-rezepte,65329a54e06ba99102753873,vietnamesisch
https://www.hellofresh.de/recipes/teriyaki-hahnchen-auf-spitzkohl-pfanne-605cf1e91baa36040c26a1b8,vietnamesische-rezepte,605cf1e91baa36040c26a1b8,vietnamesisch
https://www.hellofresh.de/recipes/sesam-hahnchen-mit-hoisin-erdnuss-sosse-63b6f6ec14da49852203a77b,vietnamesische-rezepte,63b6f6ec14da49852203a77b,vietnamesisch
https://www.hellofresh.de/recipes/banh-mi-vietnamesisches-sandwich-611a07bc6c7d422d9d5a045d,vietnamesische-rezepte,611a07bc6c7d422d9d5a045d,vietnamesisch
https://www.hellofresh.de/recipes/asiatisches-rinderhackfleisch-mit-pak-choi-6613e37f9064812f6170aba1,vietnamesische-rezepte,6613e37f9064812f6170aba1,vietnamesisch
https://www.hellofresh.de/recipes/asiatische-tacos-mit-hahnchen-and-avocado-63a02ea1eae25c78e8038940,vietnamesische-rezepte,63a02ea1eae25c78e8038940,vietnamesisch
https://www.hellofresh.de/recipes/asiatisches-rinderhackfleisch-mit-pak-choi-641908ea9dcce08f4304f446,vietnamesische-rezepte,641908ea9dcce08f4304f446,vietnamesisch
https://www.hellofresh.de/recipes/asiatisches-rinderhackfleisch-mit-pak-choi-638dc0f7d2b5ed006c0aa9e3,vietnamesische-rezepte,638dc0f7d2b5ed006c0aa9e3,vietnamesisch
https://www.hellofresh.de/recipes/kokos-curry-pfannkuchen-mit-bohnenfullung-65859ae3600988fb9c069546,vietnamesische-rezepte,65859ae3600988fb9c069546,vietnamesisch
https://www.hellofresh.de/recipes/asiatisches-rinderhackfleisch-mit-pak-choi-65859e60600988fb9c069e27,vietnamesische-rezepte,65859e60600988fb9c069e27,vietnamesisch
https://www.hellofresh.de/recipes/schweineschnitzel-in-sesam-honig-panade-6353d2fc3f8b92c12b016632,vietnamesische-rezepte,6353d2fc3f8b92c12b016632,vietnamesisch
https://www.hellofresh.de/recipes/asiatische-tacos-mit-hahnchen-and-avocado-613f125dafa1937cf8139cff,vietnamesische-rezepte,613f125dafa1937cf8139cff,vietnamesisch
https://www.hellofresh.de/recipes/gemusespiesse-mit-satay-sosse-628b9db23bab71e768004b23,vietnamesische-rezepte,628b9db23bab71e768004b23,vietnamesisch
https://www.hellofresh.de/recipes/asiatisches-rinderhackfleisch-mit-pak-choi-6149af3d8bf93622d61dafa9,vietnamesische-rezepte,6149af3d8bf93622d61dafa9,vietnamesisch
https://www.hellofresh.de/recipes/schweineschnitzel-in-sesam-honig-panade-62bb04dcb6a68cf29e0553fb,vietnamesische-rezepte,62bb04dcb6a68cf29e0553fb,vietnamesisch
https://www.hellofresh.de/recipes/asia-tacos-mit-hahnchengeschnetzeltem-and-avocado-64a2ae788a81ebb88f00b81c,vietnamesische-rezepte,64a2ae788a81ebb88f00b81c,vietnamesisch
https://www.hellofresh.de/recipes/vietnamesisches-rindfleisch-5dd5052cb0f42d23015d5731,vietnamesische-rezepte,5dd5052cb0f42d23015d5731,vietnamesisch
https://www.hellofresh.de/recipes/sesam-hahnchen-mit-hoisin-erdnuss-sosse-642ba09eb5081feedb0aea2e,vietnamesische-rezepte,642ba09eb5081feedb0aea2e,vietnamesisch
https://www.hellofresh.de/recipes/sesam-hahnchen-mit-hoisin-erdnuss-sosse-63a02e4257cb65dbae00c1af,vietnamesische-rezepte,63a02e4257cb65dbae00c1af,vietnamesisch
https://www.hellofresh.de/recipes/sesam-hahnchen-mit-hoisin-erdnuss-sosse-629f5316ed2cdf66860fbac3,vietnamesische-rezepte,629f5316ed2cdf66860fbac3,vietnamesisch
https://www.hellofresh.de/recipes/kokos-curry-pfannkuchen-mit-bohnenfullung-64b68439230990de2907934a,vietnamesische-rezepte,64b68439230990de2907934a,vietnamesisch
https://www.hellofresh.de/recipes/vietnamesische-hoisin-rinderhackfleisch-bowl-651182ae4dbea4929878da66,vietnamesische-rezepte,651182ae4dbea4929878da66,vietnamesisch
https://www.hellofresh.de/recipes/sesam-hahnchen-mit-hoisin-erdnuss-sosse-631b5b23a5b30599550a1772,vietnamesische-rezepte,631b5b23a5b30599550a1772,vietnamesisch
https://www.hellofresh.de/recipes/asiatische-tacos-mit-hahnchen-and-avocado-618a3e0c358144754608991a,vietnamesische-rezepte,618a3e0c358144754608991a,vietnamesisch
https://www.hellofresh.de/recipes/asiatische-tacos-mit-hahnchen-and-avocado-61c8be87dd918d433c3fc4cc,vietnamesische-rezepte,61c8be87dd918d433c3fc4cc,vietnamesisch
https://www.hellofresh.de/recipes/teriyaki-hahnchen-auf-chinakohl-pfanne-63171da837b0e824dc0b94a7,vietnamesische-rezepte,63171da837b0e824dc0b94a7,vietnamesisch
https://www.hellofresh.de/recipes/asiatische-tacos-mit-hahnchen-and-avocado-621f1232200d197b8073ab40,vietnamesische-rezepte,621f1232200d197b8073ab40,vietnamesisch
https://www.hellofresh.de/recipes/kokos-curry-pfannkuchen-mit-bohnenfullung-6421480513bfe401740e455d,vietnamesische-rezepte,6421480513bfe401740e455d,vietnamesisch
https://www.hellofresh.de/recipes/vietnamesische-hoisin-rinderhackfleisch-bowl-646c92fab24343bf3c075ed4,vietnamesische-rezepte,646c92fab24343bf3c075ed4,vietnamesisch
https://www.hellofresh.de/recipes/banh-mi-vietnamesisches-sandwich-65d4896c6c4f223989875f3e,vietnamesische-rezepte,65d4896c6c4f223989875f3e,vietnamesisch
https://www.hellofresh.de/recipes/tomatiges-puten-paprika-curry-54f82e996ced6e4d468b4567,vietnamesische-rezepte,54f82e996ced6e4d468b4567,vietnamesisch
https://www.hellofresh.de/recipes/hahnchen-satay-spiesse-54db206e6ced6e5b1f8b456a,vietnamesische-rezepte,54db206e6ced6e5b1f8b456a,vietnamesisch
https://www.hellofresh.de/recipes/sesam-hahnchen-mit-hoisin-erdnuss-sosse-65d86c6413ff8a4fe7076a6d,vietnamesische-rezepte,65d86c6413ff8a4fe7076a6d,vietnamesisch
https://www.hellofresh.de/recipes/vietnamesische-chilinudeln-mit-rinderhackfleisch-621f11b6615aef6319367228,vietnamesische-rezepte,621f11b6615aef6319367228,vietnamesisch
https://www.hellofresh.de/recipes/vietnamesische-fleischballchen-6121f59a1c7b0943d11bbcbf,vietnamesische-rezepte,6121f59a1c7b0943d11bbcbf,vietnamesisch
https://www.hellofresh.de/recipes/kokos-curry-pfannkuchen-mit-bohnenfullung-6669cf7a3acc3d3ec33693d1,vietnamesische-rezepte,6669cf7a3acc3d3ec33693d1,vietnamesisch
https://www.hellofresh.de/recipes/asia-tacos-mit-hahnchengeschnetzeltem-and-avocado-64ca2c0505642788e70732d3,vietnamesische-rezepte,64ca2c0505642788e70732d3,vietnamesisch
https://www.hellofresh.de/recipes/asiatisches-rinderhackfleisch-mit-pak-choi-64e3b20e0989be803362eace,vietnamesische-rezepte,64e3b20e0989be803362eace,vietnamesisch
https://www.hellofresh.de/recipes/sesam-hahnchen-mit-hoisin-erdnuss-sosse-6242da95bc755559d465f79a,vietnamesische-rezepte,6242da95bc755559d465f79a,vietnamesisch
https://www.hellofresh.de/recipes/vegane-gemusespiesse-mit-satay-sosse-613f12322b9e1c53a12e8e6e,vietnamesische-rezepte,613f12322b9e1c53a12e8e6e,vietnamesisch
https://www.hellofresh.de/recipes/asiatisches-rinderhackfleisch-mit-pak-choi-6540c1199f9fbc0b0a52921b,vietnamesische-rezepte,6540c1199f9fbc0b0a52921b,vietnamesisch
https://www.hellofresh.de/recipes/mango-gurken-salat-mit-ofen-susskartoffel-60f6cdbff0e4595e3c0b3a6a,vietnamesische-rezepte,60f6cdbff0e4595e3c0b3a6a,vietnamesisch
https://www.hellofresh.de/recipes/vietnamesische-hoisin-rinderhackfleisch-bowl-64b6841bf2c965df86056c92,vietnamesische-rezepte,64b6841bf2c965df86056c92,vietnamesisch
https://www.hellofresh.de/recipes/asiatische-tacos-mit-hahnchen-and-avocado-6434c007699f321727088c22,vietnamesische-rezepte,6434c007699f321727088c22,vietnamesisch
https://www.hellofresh.de/recipes/vietnamesische-hoisin-rinderhackfleisch-bowl-64df2a6dedeb8104eac90b3e,vietnamesische-rezepte,64df2a6dedeb8104eac90b3e,vietnamesisch
https://www.hellofresh.de/recipes/vietnamesisches-rindfleisch-5f1ab10b7c52b478a21f1f7c,vietnamesische-rezepte,5f1ab10b7c52b478a21f1f7c,vietnamesisch
https://www.hellofresh.de/recipes/vietnamesische-hoisin-rinderhackfleisch-bowl-65366768e06ba99102755bd2,vietnamesische-rezepte,65366768e06ba99102755bd2,vietnamesisch
https://www.hellofresh.de/recipes/sesam-hahnchen-mit-hoisin-erdnuss-sosse-62dc3f28a6b81fc6a80c4515,vietnamesische-rezepte,62dc3f28a6b81fc6a80c4515,vietnamesisch
https://www.hellofresh.de/recipes/asiatische-tacos-mit-hahnchen-and-avocado-63282e8cfafa2579d40909b2,vietnamesische-rezepte,63282e8cfafa2579d40909b2,vietnamesisch
https://www.hellofresh.de/recipes/asiatische-tacos-mit-hahnchen-and-avocado-6238492a422c6e7f4c1d43ec,vietnamesische-rezepte,6238492a422c6e7f4c1d43ec,vietnamesisch
https://www.hellofresh.de/recipes/gemusespiesse-mit-satay-sosse-dazu-kokosreis-61a61f484d4da7401557d4a1,vietnamesische-rezepte,61a61f484d4da7401557d4a1,vietnamesisch
https://www.hellofresh.de/recipes/asiatisches-rinderhackfleisch-mit-pak-choi-620bc238002af951a75e679c,vietnamesische-rezepte,620bc238002af951a75e679c,vietnamesisch
https://www.hellofresh.de/recipes/asiatische-tacos-mit-hahnchen-and-avocado-63eb494b1d35e4cd99034c1d,vietnamesische-rezepte,63eb494b1d35e4cd99034c1d,vietnamesisch
https://www.hellofresh.de/recipes/vietnamesische-hoisin-rinderhackfleisch-bowl-642147e2d89835651401a193,vietnamesische-rezepte,642147e2d89835651401a193,vietnamesisch
https://www.hellofresh.de/recipes/asiatisches-rinderhackfleisch-mit-pak-choi-659529f96b4bf2cf1c6794c3,vietnamesische-rezepte,659529f96b4bf2cf1c6794c3,vietnamesisch
https://www.hellofresh.de/recipes/asiatische-tacos-mit-hahnchen-und-avocado-6360f45c5209ce4917094789,vietnamesische-rezepte,6360f45c5209ce4917094789,vietnamesisch
https://www.hellofresh.de/recipes/banh-mi-vietnamesisches-sandwich-628b95a44c2d6c9f01008d40,vietnamesische-rezepte,628b95a44c2d6c9f01008d40,vietnamesisch
https://www.hellofresh.de/recipes/kokos-curry-pfannkuchen-mit-bohnenfullung-64e888874e40d5c6cb1a64ed,vietnamesische-rezepte,64e888874e40d5c6cb1a64ed,vietnamesisch
https://www.hellofresh.de/recipes/champignon-zucchini-gemuse-mit-satay-sosse-64b6849acfcd538e7c010aec,vietnamesische-rezepte,64b6849acfcd538e7c010aec,vietnamesisch
https://www.hellofresh.de/recipes/sesam-hahnchen-mit-hoisin-erdnuss-sosse-61f0fc4caa89ed438d344982,vietnamesische-rezepte,61f0fc4caa89ed438d344982,vietnamesisch
https://www.hellofresh.de/recipes/asiatisches-rinderhackfleisch-mit-pak-choi-6478aa39ee9ac56d4d0225bc,vietnamesische-rezepte,6478aa39ee9ac56d4d0225bc,vietnamesisch
https://www.hellofresh.de/recipes/vietnamesische-hoisin-rinderhackfleisch-bowl-6384c191cb041b6fa901f378,vietnamesische-rezepte,6384c191cb041b6fa901f378,vietnamesisch
https://www.hellofresh.de/recipes/asia-tacos-mit-hahnchen-avocado-und-paprika-66bb6f2a0176da61893da90e,vietnamesische-rezepte,66bb6f2a0176da61893da90e,vietnamesisch
https://www.hellofresh.de/recipes/sesam-hahnchen-mit-hoisin-erdnuss-sosse-63eb48ef7204705e2a0168ee,vietnamesische-rezepte,63eb48ef7204705e2a0168ee,vietnamesisch
https://www.hellofresh.de/recipes/schweineschnitzel-in-sesam-honig-panade-625ec045a814da176c5b4176,vietnamesische-rezepte,625ec045a814da176c5b4176,vietnamesisch
https://www.hellofresh.de/recipes/sesam-hahnchen-mit-hoisin-erdnuss-sosse-64998cae37b269dafa0c7ff7,vietnamesische-rezepte,64998cae37b269dafa0c7ff7,vietnamesisch
https://www.hellofresh.de/recipes/sesam-hahnchen-mit-hoisin-erdnuss-sosse-65859b46f9c7ff8689945bc0,vietnamesische-rezepte,65859b46f9c7ff8689945bc0,vietnamesisch
https://www.hellofresh.de/recipes/gemusespiesse-mit-satay-sosse-63b31bcac10a8d598e0a1a5a,vietnamesische-rezepte,63b31bcac10a8d598e0a1a5a,vietnamesisch
https://www.hellofresh.de/recipes/vietnamesische-chilinudeln-mit-rinderhackfleisch-61652ab21fefb763f5267f68,vietnamesische-rezepte,61652ab21fefb763f5267f68,vietnamesisch
https://www.hellofresh.de/recipes/banh-xeo-vietnamesischer-kokos-curry-pfannkuchen-61c8beb831bd1b6152740c3d,vietnamesische-rezepte,61c8beb831bd1b6152740c3d,vietnamesisch
https://www.hellofresh.de/recipes/vietnamesisches-rindfleisch-5f994c5a0ecbb93535782184,vietnamesische-rezepte,5f994c5a0ecbb93535782184,vietnamesisch
https://www.hellofresh.de/recipes/sesam-hahnchen-mit-hoisin-erdnuss-sosse-634e50fd3ecc16d7ac0ba52c,vietnamesische-rezepte,634e50fd3ecc16d7ac0ba52c,vietnamesisch
https://www.hellofresh.de/recipes/asiatische-tacos-mit-hahnchen-and-avocado-6088efa7cd5d5e73c95f01d9,vietnamesische-rezepte,6088efa7cd5d5e73c95f01d9,vietnamesisch
https://www.hellofresh.de/recipes/bun-cha-vietnamesische-fleischballchen-6268ee82ad4bd3c1d000ec64,vietnamesische-rezepte,6268ee82ad4bd3c1d000ec64,vietnamesisch
https://www.hellofresh.de/recipes/sesam-hahnchen-mit-hoisin-erdnuss-sosse-61af6fcfc4851242806443f7,vietnamesische-rezepte,61af6fcfc4851242806443f7,vietnamesisch
https://www.hellofresh.de/recipes/sesam-hahnchen-mit-hoisin-erdnuss-sosse-6346942f491af7598c0739fc,vietnamesische-rezepte,6346942f491af7598c0739fc,vietnamesisch
https://www.hellofresh.de/recipes/gemusespiesse-mit-satay-sosse-62dc3f4ebdbdb4f35d0a2e5b,vietnamesische-rezepte,62dc3f4ebdbdb4f35d0a2e5b,vietnamesisch
https://www.hellofresh.de/recipes/sesam-hahnchen-mit-hoisin-erdnuss-sosse-637c844d60ce6cc9cc002ef1,vietnamesische-rezepte,637c844d60ce6cc9cc002ef1,vietnamesisch
https://www.hellofresh.de/recipes/asia-tacos-mit-hahnchengeschnetzeltem-and-avocado-65200f30be675f371f8ad45c,vietnamesische-rezepte,65200f30be675f371f8ad45c,vietnamesisch
https://www.hellofresh.de/recipes/sandwich-mit-gegrilltem-fisch-in-sweet-chili-marinade-60d49c9ba1fde378833680ca,vietnamesische-rezepte,60d49c9ba1fde378833680ca,vietnamesisch
https://www.hellofresh.de/recipes/banh-mi-vietnamesisches-sandwich-5ef46f287742b46b067481a7,vietnamesische-rezepte,5ef46f287742b46b067481a7,vietnamesisch
https://www.hellofresh.de/recipes/sesam-hahnchen-mit-hoisin-erdnuss-sosse-6682a250a0dfed75d9df9947,vietnamesische-rezepte,6682a250a0dfed75d9df9947,vietnamesisch
https://www.hellofresh.de/recipes/asiatische-tacos-mit-hahnchen-and-avocado-60cc7de8111b5c3efc33d034,vietnamesische-rezepte,60cc7de8111b5c3efc33d034,vietnamesisch
https://www.hellofresh.de/recipes/gemusespiesse-mit-satay-sosse-63f33a68784eb19ff50846d5,vietnamesische-rezepte,63f33a68784eb19ff50846d5,vietnamesisch
https://www.hellofresh.de/recipes/schweineschnitzel-in-sesam-honig-panade-618a3db216af94254520546f,vietnamesische-rezepte,618a3db216af94254520546f,vietnamesisch
https://www.hellofresh.de/recipes/kokos-curry-pfannkuchen-mit-bohnenfullung-646c931607ff0f985705066e,vietnamesische-rezepte,646c931607ff0f985705066e,vietnamesisch
https://www.hellofresh.de/recipes/asia-tacos-mit-hahnchen-avocado-und-paprika-66544f0fd9c97d64003ae227,vietnamesische-rezepte,66544f0fd9c97d64003ae227,vietnamesisch
https://www.hellofresh.de/recipes/vietnamesische-hoisin-rinderhackfleisch-bowl-64fed06032e9107c6db8b4cf,vietnamesische-rezepte,64fed06032e9107c6db8b4cf,vietnamesisch
https://www.hellofresh.de/recipes/asia-tacos-mit-hahnchengeschnetzeltem-and-avocado-64e36860e1f123211ed55d9c,vietnamesische-rezepte,64e36860e1f123211ed55d9c,vietnamesisch
https://www.hellofresh.de/recipes/mango-gurken-salat-mit-ofen-susskartoffel-61508a592e748c214b7bc028,vietnamesische-rezepte,61508a592e748c214b7bc028,vietnamesisch
https://www.hellofresh.de/recipes/kokos-curry-pfannkuchen-mit-bohnenfullung-6647486b8606e082f188390b,vietnamesische-rezepte,6647486b8606e082f188390b,vietnamesisch
https://www.hellofresh.de/recipes/teriyaki-hahnchen-auf-chinakohl-pfanne-62cd769c9c92d880dd05c292,vietnamesische-rezepte,62cd769c9c92d880dd05c292,vietnamesisch
https://www.hellofresh.de/recipes/sesam-hahnchen-mit-hoisin-erdnuss-sosse-60d5f0d474ad7c48757a25fa,vietnamesische-rezepte,60d5f0d474ad7c48757a25fa,vietnamesisch
https://www.hellofresh.de/recipes/banh-mi-vietnamesisches-sandwich-5db9855eb96bdd752017bc19,vietnamesische-rezepte,5db9855eb96bdd752017bc19,vietnamesisch
https://www.hellofresh.de/recipes/asia-tacos-mit-hahnchen-avocado-und-paprika-65b245613ebf28940b3001f8,vietnamesische-rezepte,65b245613ebf28940b3001f8,vietnamesisch
https://www.hellofresh.de/recipes/asiatisches-rinderhackfleisch-mit-pak-choi-64ad731d3cfaca8d78030456,vietnamesische-rezepte,64ad731d3cfaca8d78030456,vietnamesisch
https://www.hellofresh.de/recipes/glasierte-asiatische-rindfleischballchen-630cb6c18a62519a790bd929,vietnamesische-rezepte,630cb6c18a62519a790bd929,vietnamesisch
https://www.hellofresh.de/recipes/asiatische-tacos-mit-hahnchen-and-avocado-628b95675d25e7833b0c93ab,vietnamesische-rezepte,628b95675d25e7833b0c93ab,vietnamesisch
https://www.hellofresh.de/recipes/asiatisches-rindfleisch-mit-buschbohnen-60768639e1b5937f66203538,vietnamesische-rezepte,60768639e1b5937f66203538,vietnamesisch
https://www.hellofresh.de/recipes/asia-tacos-mit-hahnchen-avocado-und-paprika-6641d57ae15adad53caafd27,vietnamesische-rezepte,6641d57ae15adad53caafd27,vietnamesisch
https://www.hellofresh.de/recipes/asiatische-tacos-mit-hahnchen-and-avocado-62da9d2e458ecad8890116fa,vietnamesische-rezepte,62da9d2e458ecad8890116fa,vietnamesisch
https://www.hellofresh.de/recipes/limettenreis-bowl-mit-spicy-garlic-chicken-62dc3f6394940ec3af0ea93f,vietnamesische-rezepte,62dc3f6394940ec3af0ea93f,vietnamesisch
https://www.hellofresh.de/recipes/banh-xeo-vietnamesischer-kokos-curry-pfannkuchen-60cc7dfceaa98f3abd276ed8,vietnamesische-rezepte,60cc7dfceaa98f3abd276ed8,vietnamesisch
https://www.hellofresh.de/recipes/asiatisches-rinderhackfleisch-mit-pak-choi-62f0fc99bb53bbc01d0cc2bc,vietnamesische-rezepte,62f0fc99bb53bbc01d0cc2bc,vietnamesisch
https://www.hellofresh.de/recipes/asiatische-tacos-mit-hahnchen-and-avocado-646c9352d7f388f469057969,vietnamesische-rezepte,646c9352d7f388f469057969,vietnamesisch
https://www.hellofresh.de/recipes/bun-cha-vietnamesische-fleischballchen-5c052721e3f33940961ee8d1,vietnamesische-rezepte,5c052721e3f33940961ee8d1,vietnamesisch
https://www.hellofresh.de/recipes/asia-tacos-mit-hahnchen-avocado-und-paprika-6669cf233acc3d3ec3369039,vietnamesische-rezepte,6669cf233acc3d3ec3369039,vietnamesisch
https://www.hellofresh.de/recipes/kokos-curry-pfannkuchen-mit-bohnenfullung-64df2a7b614f75555c20ef88,vietnamesische-rezepte,64df2a7b614f75555c20ef88,vietnamesisch
https://www.hellofresh.de/recipes/kokos-curry-pfannkuchen-mit-bohnenfullung-627a722ce4c47d657a0f95ab,vietnamesische-rezepte,627a722ce4c47d657a0f95ab,vietnamesisch
https://www.hellofresh.de/recipes/banh-mi-vietnamesisches-sandwich-64a2ae1ad4e8e13ffe0e48e2,vietnamesische-rezepte,64a2ae1ad4e8e13ffe0e48e2,vietnamesisch
https://www.hellofresh.de/recipes/tortellini-hackfleisch-suppe-61937a166eee2022041affde,suppen-rezepte,61937a166eee2022041affde,suppen-rezepte
https://www.hellofresh.de/recipes/kartoffel-lauch-suppe-mit-pulled-lachs-6050db6c40ce4b1abd6da730,suppen-rezepte,6050db6c40ce4b1abd6da730,suppen-rezepte
https://www.hellofresh.de/recipes/pikante-tomaten-paprika-suppe-63a026316c7cbda68508a834,suppen-rezepte,63a026316c7cbda68508a834,suppen-rezepte
https://www.hellofresh.de/recipes/brokkoli-kartoffel-suppe-mit-pinienkernen-651442bfaab557d393d8be43,suppen-rezepte,651442bfaab557d393d8be43,suppen-rezepte
https://www.hellofresh.de/recipes/gerostete-paprika-suppe-671f96e6662b2e47e398c6b9,suppen-rezepte,671f96e6662b2e47e398c6b9,suppen-rezepte
https://www.hellofresh.de/recipes/warmende-rosenkohl-creme-suppe-5d6fcec17d730d00097b6bd4,suppen-rezepte,5d6fcec17d730d00097b6bd4,suppen-rezepte
https://www.hellofresh.de/recipes/kase-lauch-suppe-mit-wiener-wurstchen-61f0fc41d0f51b28c82eb5c2,suppen-rezepte,61f0fc41d0f51b28c82eb5c2,suppen-rezepte
https://www.hellofresh.de/recipes/brokkoli-kartoffel-suppe-mit-pinienkernen-66d81d6eb2e781f533137be6,suppen-rezepte,66d81d6eb2e781f533137be6,suppen-rezepte
https://www.hellofresh.de/recipes/laksa-scharfe-hahnchen-glasnudel-suppe-62f675904b7db8e1e40c166d,suppen-rezepte,62f675904b7db8e1e40c166d,suppen-rezepte
https://www.hellofresh.de/recipes/pikante-tomaten-paprika-suppe-66fbcca84c6de2e4afe6722c,suppen-rezepte,66fbcca84c6de2e4afe6722c,suppen-rezepte
https://www.hellofresh.de/recipes/brokkoli-kartoffel-suppe-mit-pinienkernen-66e430c6bba6e9d2f32af3a4,suppen-rezepte,66e430c6bba6e9d2f32af3a4,suppen-rezepte
https://www.hellofresh.de/recipes/schnelle-tortellini-suppe-5f80458fbaf2750be3681f74,suppen-rezepte,5f80458fbaf2750be3681f74,suppen-rezepte
https://www.hellofresh.de/recipes/karibische-suppe-mit-apfel-garnelen-spiessen-62285e7e570b992d6c38bd36,suppen-rezepte,62285e7e570b992d6c38bd36,suppen-rezepte
https://www.hellofresh.de/recipes/scharfe-tomaten-paprika-suppe-5f514b524829c74bc34958b7,suppen-rezepte,5f514b524829c74bc34958b7,suppen-rezepte
https://www.hellofresh.de/recipes/kartoffel-lauch-suppe-mit-kabeljau-and-kresse-61652b300a539954e02319a2,suppen-rezepte,61652b300a539954e02319a2,suppen-rezepte
https://www.hellofresh.de/recipes/massaman-curry-kokos-suppe-5abc9a3430006c44f02e01a2,suppen-rezepte,5abc9a3430006c44f02e01a2,suppen-rezepte
https://www.hellofresh.de/recipes/karibische-kokossuppe-589989346121bb32d8707672,karibische-rezepte,589989346121bb32d8707672,karibisch
https://www.hellofresh.de/recipes/smoky-jackfruit-pfanne-mit-mais-and-avocado-61af6fe36cb6823a1146c882,karibische-rezepte,61af6fe36cb6823a1146c882,karibisch
https://www.hellofresh.de/recipes/karibischer-susskartoffel-kokos-eintopf-5e09f9e91ffc032efe010c98,karibische-rezepte,5e09f9e91ffc032efe010c98,karibisch
https://www.hellofresh.de/recipes/fruchtiges-curry-mit-mangososse-and-buntem-gemuse-60cc7d925d62c727bd19d5f7,karibische-rezepte,60cc7d925d62c727bd19d5f7,karibisch
https://www.hellofresh.de/recipes/scharfe-piri-piri-halloumi-wraps-5d22eecdd6ae860008731ae6,karibische-rezepte,5d22eecdd6ae860008731ae6,karibisch
https://www.hellofresh.de/recipes/smokey-hahnchenfilet-auf-avocado-salat-64e861134e40d5c6cb1a5a31,karibische-rezepte,64e861134e40d5c6cb1a5a31,karibisch
https://www.hellofresh.de/recipes/herzhafte-kokoscremesuppe-mit-kidneybohnen-65f867d51d9f403b835b53e8,karibische-rezepte,65f867d51d9f403b835b53e8,karibisch
https://www.hellofresh.de/recipes/susskartoffel-kokos-eintopf-mit-garnelen-5e0df8b4a66aa502c8058b91,karibische-rezepte,5e0df8b4a66aa502c8058b91,karibisch
https://www.hellofresh.de/recipes/karibischer-susskartoffel-kokos-eintopf-63b31baecb39e23c5501a80f,karibische-rezepte,63b31baecb39e23c5501a80f,karibisch
https://www.hellofresh.de/recipes/deftiges-jambalaya-hahnchenbrustfilet-65f8675f1d9f403b835b4ecb,karibische-rezepte,65f8675f1d9f403b835b4ecb,karibisch
https://www.hellofresh.de/recipes/karibischer-susskartoffel-kokos-eintopf-6121f5e0e6bf6d2bb24dcc19,karibische-rezepte,6121f5e0e6bf6d2bb24dcc19,karibisch
https://www.hellofresh.de/recipes/herzhafte-kokoscremesuppe-mit-kidneybohnen-6384c0f6a65d5b959b087da2,karibische-rezepte,6384c0f6a65d5b959b087da2,karibisch
https://www.hellofresh.de/recipes/piri-piri-seelachsfilet-auf-krauterreis-6360f489e9d934826e029db7,karibische-rezepte,6360f489e9d934826e029db7,karibisch
https://www.hellofresh.de/recipes/karibischer-susskartoffel-kokos-eintopf-mit-bohnen-65141b3abe675f371f89ca5a,karibische-rezepte,65141b3abe675f371f89ca5a,karibisch
https://www.hellofresh.de/recipes/fry-bodi-karibische-grune-bohnen-629f52c9d1ec4f68c3083596,karibische-rezepte,629f52c9d1ec4f68c3083596,karibisch
https://www.hellofresh.de/recipes/karibischer-susskartoffel-kokos-eintopf-5ef46ee87742b46b067481a3,karibische-rezepte,5ef46ee87742b46b067481a3,karibisch
https://www.hellofresh.de/recipes/jambalaya-pikante-paprika-reispfanne-6405c8a18a164edef00823de,karibische-rezepte,6405c8a18a164edef00823de,karibisch
https://www.hellofresh.de/recipes/susskartoffel-kichererbsen-bowl-mit-avocado-661e9272019ddbd535c04102,karibische-rezepte,661e9272019ddbd535c04102,karibisch
https://www.hellofresh.de/recipes/caribbean-style-seehecht-mit-mangosalsa-625ec088e2f4ce158a5d6217,karibische-rezepte,625ec088e2f4ce158a5d6217,karibisch
https://www.hellofresh.de/recipes/karibischer-susskartoffeleintopf-mit-banana-pancakes-6331c4f0e2979504b80f4ebb,karibische-rezepte,6331c4f0e2979504b80f4ebb,karibisch
https://www.hellofresh.de/recipes/cremig-wurzige-kokossuppe-5b4db1a730006c1e95112442,karibische-rezepte,5b4db1a730006c1e95112442,karibisch
https://www.hellofresh.de/recipes/herzhafte-kokoscremesuppe-mit-kidneybohnen-656468ab2d94ad532d61fb15,karibische-rezepte,656468ab2d94ad532d61fb15,karibisch
https://www.hellofresh.de/recipes/herzhafte-kokoscremesuppe-mit-kidneybohnen-633192e84af8c518fa0f6b31,karibische-rezepte,633192e84af8c518fa0f6b31,karibisch
https://www.hellofresh.de/recipes/jambalaya-pikante-paprika-reispfanne-62d69fa25e7e7830650949ef,karibische-rezepte,62d69fa25e7e7830650949ef,karibisch
https://www.hellofresh.de/recipes/jamaicanisches-curry-dazu-vegane-filetstucke-64e860ad4e40d5c6cb1a5494,karibische-rezepte,64e860ad4e40d5c6cb1a5494,karibisch
https://www.hellofresh.de/recipes/tropisches-doradenfilet-mit-susskartoffelstampf-65200f736c05521bbf6ddad7,karibische-rezepte,65200f736c05521bbf6ddad7,karibisch
https://www.hellofresh.de/recipes/herzhafte-kokoscremesuppe-mit-kidneybohnen-63cfb23a3f882100da05514e,karibische-rezepte,63cfb23a3f882100da05514e,karibisch
https://www.hellofresh.de/recipes/patacones-frittierte-kochbanane-auf-fruchtigem-salat-628b9d7ac6ee1b00810d8913,karibische-rezepte,628b9d7ac6ee1b00810d8913,karibisch
https://www.hellofresh.de/recipes/scharfe-halloumi-wraps-mit-steakstreifen-5cc87f955e93a60013191670,karibische-rezepte,5cc87f955e93a60013191670,karibisch
https://www.hellofresh.de/recipes/karibischer-susskartoffel-kokos-eintopf-5e85b0bcca2ebd704300aabd,karibische-rezepte,5e85b0bcca2ebd704300aabd,karibisch
https://www.hellofresh.de/recipes/susskartoffel-kichererbsen-bowl-mit-avocado-65ef1a124916f82b1a9021a1,karibische-rezepte,65ef1a124916f82b1a9021a1,karibisch
https://www.hellofresh.de/recipes/karibischer-susskartoffel-kokos-eintopf-5bfbed1bc445fa4b14424fc2,karibische-rezepte,5bfbed1bc445fa4b14424fc2,karibisch
https://www.hellofresh.de/recipes/jamaikanisches-seafood-curry-mit-garnelen-661ce7b9019ddbd535bff34c,karibische-rezepte,661ce7b9019ddbd535bff34c,karibisch
https://www.hellofresh.de/recipes/jambalaya-pikante-paprika-reispfanne-6500838132e9107c6db8e4fd,karibische-rezepte,6500838132e9107c6db8e4fd,karibisch
https://www.hellofresh.de/recipes/karibischer-susskartoffel-kokos-eintopf-6576e369105c9621030b765b,karibische-rezepte,6576e369105c9621030b765b,karibisch
https://www.hellofresh.de/recipes/karibischer-susskartoffeleintopf-mit-banana-pancakes-62f675189406ed16e206cc28,karibische-rezepte,62f675189406ed16e206cc28,karibisch
https://www.hellofresh.de/recipes/scharfe-garnelen-halloumi-wraps-5c04fc4ae3f3391cab7cdfc2,karibische-rezepte,5c04fc4ae3f3391cab7cdfc2,karibisch
https://www.hellofresh.de/recipes/karibisches-curry-mit-passionsfrucht-6230604c69d0cc72691d126e,karibische-rezepte,6230604c69d0cc72691d126e,karibisch
https://www.hellofresh.de/recipes/karibischer-susskartoffel-kokos-eintopf-64fece1a32e9107c6db8b3e2,karibische-rezepte,64fece1a32e9107c6db8b3e2,karibisch
https://www.hellofresh.de/recipes/jamaikanisches-curry-mit-veganen-filetstucken-660586635ce3cbf560d7991e,karibische-rezepte,660586635ce3cbf560d7991e,karibisch
https://www.hellofresh.de/recipes/tropischer-salat-mit-schwarzem-bohnen-puree-64b684c502c6bbbb4207180b,karibische-rezepte,64b684c502c6bbbb4207180b,karibisch
https://www.hellofresh.de/recipes/smokey-hahnchenfilet-auf-avocado-salat-65fad91b89ba98305e89cd12,karibische-rezepte,65fad91b89ba98305e89cd12,karibisch
https://www.hellofresh.de/recipes/karibische-kokossuppe-59c3d9a3450cfa7be7390ad2,karibische-rezepte,59c3d9a3450cfa7be7390ad2,karibisch
https://www.hellofresh.de/recipes/hahnchen-jambalaya-pikante-reispfanne-64631b3320e36d2f2906239c,karibische-rezepte,64631b3320e36d2f2906239c,karibisch
https://www.hellofresh.de/recipes/karibischer-susskartoffel-kokos-eintopf-661e8efc5c9ad41013c0a35e,karibische-rezepte,661e8efc5c9ad41013c0a35e,karibisch
https://www.hellofresh.de/recipes/susskartoffel-kichererbsen-bowl-mit-avocado-und-paprika-65859ae5f9c7ff8689945511,karibische-rezepte,65859ae5f9c7ff8689945511,karibisch
https://www.hellofresh.de/recipes/karibischer-susskartoffel-kokos-eintopf-642ba0cfa0dc9f0d12092047,karibische-rezepte,642ba0cfa0dc9f0d12092047,karibisch
https://www.hellofresh.de/recipes/karibischer-susskartoffel-kokos-eintopf-5a745dcc30006c5f46065bd2,karibische-rezepte,5a745dcc30006c5f46065bd2,karibisch
https://www.hellofresh.de/recipes/hahnchen-jambalaya-pikante-reispfanne-64df2a64614f75555c20eead,karibische-rezepte,64df2a64614f75555c20eead,karibisch
https://www.hellofresh.de/recipes/plantain-tacos-frittierte-kochbanane-6283a84e0c6a0a12fc0c83e0,karibische-rezepte,6283a84e0c6a0a12fc0c83e0,karibisch
https://www.hellofresh.de/recipes/kuba-kokos-bowl-mit-nektarinen-paprika-salsa-64a6d22a350b1f197907431e,karibische-rezepte,64a6d22a350b1f197907431e,karibisch
https://www.hellofresh.de/recipes/herzhafte-kokossuppe-mit-kidneybohnen-60d49ce2ef7141667d15d5d4,karibische-rezepte,60d49ce2ef7141667d15d5d4,karibisch
https://www.hellofresh.de/recipes/karibische-suppe-mit-apfel-garnelen-spiessen-5f804572d267cf3746607f9a,karibische-rezepte,5f804572d267cf3746607f9a,karibisch
https://www.hellofresh.de/recipes/scharfe-piri-piri-halloumi-wraps-5c04fbe9c445fa19527af6f2,karibische-rezepte,5c04fbe9c445fa19527af6f2,karibisch
https://www.hellofresh.de/recipes/herzhafte-kokoscremesuppe-mit-kidneybohnen-6669cf54c2b46cc6d55353a9,karibische-rezepte,6669cf54c2b46cc6d55353a9,karibisch
https://www.hellofresh.de/recipes/scharfe-piri-piri-halloumi-wraps-5b0539e530006c32d3770a82,karibische-rezepte,5b0539e530006c32d3770a82,karibisch
https://www.hellofresh.de/recipes/kubanische-bowl-mit-avocado-mango-salsa-606c3c41cc23a70ac42ae63a,karibische-rezepte,606c3c41cc23a70ac42ae63a,karibisch
https://www.hellofresh.de/recipes/susskartoffel-kichererbsen-bowl-mit-avocado-667a7c1537bff126fa75846b,karibische-rezepte,667a7c1537bff126fa75846b,karibisch
https://www.hellofresh.de/recipes/kuba-kokos-bowl-mit-maracuja-nektarinen-salsa-61095f3edf69fa181c3745d7,karibische-rezepte,61095f3edf69fa181c3745d7,karibisch
https://www.hellofresh.de/recipes/jamaikanisches-curry-mit-veganen-filetstucken-66cc7a3f6041110ff0a4b01c,karibische-rezepte,66cc7a3f6041110ff0a4b01c,karibisch
https://www.hellofresh.de/recipes/susskartoffel-eintopf-mit-extra-garnelen-5e8f42bfec47351a4737bdd2,karibische-rezepte,5e8f42bfec47351a4737bdd2,karibisch
https://www.hellofresh.de/recipes/karibischer-susskartoffel-kokos-eintopf-666ffab377d4ed4ef249f8f0,karibische-rezepte,666ffab377d4ed4ef249f8f0,karibisch
https://www.hellofresh.de/recipes/jamaikanisches-curry-mit-veganen-filetstucken-65f963b46680f7ad9b79fb2b,karibische-rezepte,65f963b46680f7ad9b79fb2b,karibisch
https://www.hellofresh.de/recipes/susskartoffel-kichererbsen-bowl-64f5d61f7048962116ef734d,karibische-rezepte,64f5d61f7048962116ef734d,karibisch
https://www.hellofresh.de/recipes/feurige-jamaika-hahnchenspiesse-5592cb624dab7191178b4567,karibische-rezepte,5592cb624dab7191178b4567,karibisch
https://www.hellofresh.de/recipes/susskartoffel-kokos-eintopf-mit-extra-garnelen-60b669eb33ca344d974b652d,karibische-rezepte,60b669eb33ca344d974b652d,karibisch
https://www.hellofresh.de/recipes/caribbean-style-seehecht-mit-mangosalsa-631b5b7caef8b0efa3016bdf,karibische-rezepte,631b5b7caef8b0efa3016bdf,karibisch
https://www.hellofresh.de/recipes/jamaikanisches-curry-mit-veganen-filetstucken-65d489196c4f223989875b07,karibische-rezepte,65d489196c4f223989875b07,karibisch
https://www.hellofresh.de/recipes/hahnchen-jambalaya-pikante-reispfanne-653666d916f966aee92406b1,karibische-rezepte,653666d916f966aee92406b1,karibisch
https://www.hellofresh.de/recipes/herzhafte-kokoscremesuppe-mit-kidneybohnen-620bc2871d9f69780d09ea5c,karibische-rezepte,620bc2871d9f69780d09ea5c,karibisch
https://www.hellofresh.de/recipes/kuba-kokos-bowl-mit-nektarinen-paprika-salsa-65f86a914690e3c09047171e,karibische-rezepte,65f86a914690e3c09047171e,karibisch
https://www.hellofresh.de/recipes/karibischer-susskartoffel-powertopf-595604133bddb5359d766692,karibische-rezepte,595604133bddb5359d766692,karibisch
https://www.hellofresh.de/recipes/kuba-kokos-bowl-mit-ananas-paprika-salsa-65859ad9f9c7ff868994546d,karibische-rezepte,65859ad9f9c7ff868994546d,karibisch
https://www.hellofresh.de/recipes/herzhafte-kokoscremesuppe-mit-kidneybohnen-6527e2bed07173a1e1f0c00b,karibische-rezepte,6527e2bed07173a1e1f0c00b,karibisch
https://www.hellofresh.de/recipes/susskartoffel-kichererbsen-bowl-mit-avocado-und-paprika-65b242a7a8fb57b0b41e76d9,karibische-rezepte,65b242a7a8fb57b0b41e76d9,karibisch
https://www.hellofresh.de/recipes/karibischer-susskartoffel-kokos-eintopf-65a5065ca4190de83372ba85,karibische-rezepte,65a5065ca4190de83372ba85,karibisch
https://www.hellofresh.de/recipes/jambalaya-pikante-paprika-reispfanne-62713b08b65c11b04303a5ab,karibische-rezepte,62713b08b65c11b04303a5ab,karibisch
https://www.hellofresh.de/recipes/karibischer-susskartoffel-kokos-eintopf-5b7bd71fae08b569bb0d2172,karibische-rezepte,5b7bd71fae08b569bb0d2172,karibisch
https://www.hellofresh.de/recipes/reggae-time-jamaikanisches-gemusecurry-56bb51fa4dab71b5648b4567,karibische-rezepte,56bb51fa4dab71b5648b4567,karibisch
https://www.hellofresh.de/recipes/karibischer-susskartoffel-kokos-eintopf-60b669dda21e423daa286380,karibische-rezepte,60b669dda21e423daa286380,karibisch
https://www.hellofresh.de/recipes/jambalaya-pikante-paprika-reispfanne-639882fea61929bf1d097321,karibische-rezepte,639882fea61929bf1d097321,karibisch
https://www.hellofresh.de/recipes/herzhafte-kokoscremesuppe-mit-kidneybohnen-61b89679b4a155422b751a5a,karibische-rezepte,61b89679b4a155422b751a5a,karibisch
https://www.hellofresh.de/recipes/karibischer-susskartoffel-kokos-eintopf-5f994c68334c8e3ebd476de0,karibische-rezepte,5f994c68334c8e3ebd476de0,karibisch
https://www.hellofresh.de/recipes/kuba-kokos-bowl-mit-nektarinen-paprika-salsa-6450be2ffe48142228007ebb,karibische-rezepte,6450be2ffe48142228007ebb,karibisch
https://www.hellofresh.de/recipes/cremig-wurzige-kokossuppe-5a58ae198d9008290a52ebe2,karibische-rezepte,5a58ae198d9008290a52ebe2,karibisch
https://www.hellofresh.de/recipes/tropisches-doradenfilet-mit-susskartoffelstampf-64c92db67e9a3bc42b054796,karibische-rezepte,64c92db67e9a3bc42b054796,karibisch
https://www.hellofresh.de/recipes/cremig-wurzige-kokossuppe-602b846a995989681f70aa1f,karibische-rezepte,602b846a995989681f70aa1f,karibisch
https://www.hellofresh.de/recipes/jamaikanische-hahnchenschenkel-5955fadb3bddb53b07375222,karibische-rezepte,5955fadb3bddb53b07375222,karibisch
https://www.hellofresh.de/recipes/kuba-kokos-bowl-mit-ananas-paprika-salsa-65b2429ba8fb57b0b41e7686,karibische-rezepte,65b2429ba8fb57b0b41e7686,karibisch
https://www.hellofresh.de/recipes/kuba-kokos-bowl-mit-nektarinen-paprika-salsa-62713aba5f3c9c32130546fb,karibische-rezepte,62713aba5f3c9c32130546fb,karibisch
https://www.hellofresh.de/recipes/hawaii-bowl-mit-bbq-chicken-auf-reis-65859b74f9c7ff8689945e3e,karibische-rezepte,65859b74f9c7ff8689945e3e,karibisch
https://www.hellofresh.de/recipes/jamaikanisches-curry-mit-veganen-filetstucken-668e688fda99f37bb7c06b52,karibische-rezepte,668e688fda99f37bb7c06b52,karibisch
https://www.hellofresh.de/recipes/scharfe-piri-piri-halloumi-wraps-5cc859f45e93a60009267822,karibische-rezepte,5cc859f45e93a60009267822,karibisch
https://www.hellofresh.de/recipes/karibischer-susskartoffel-kokos-eintopf-mit-bohnen-64df2a52edeb8104eac90a51,karibische-rezepte,64df2a52edeb8104eac90a51,karibisch
https://www.hellofresh.de/recipes/karibischer-susskartoffel-kokos-eintopf-5d81e5d9d5971005d309855e,karibische-rezepte,5d81e5d9d5971005d309855e,karibisch
https://www.hellofresh.de/recipes/karibischer-susskartoffel-kokos-eintopf-61b8dcad85c38225182bcc32,karibische-rezepte,61b8dcad85c38225182bcc32,karibisch
https://www.hellofresh.de/recipes/herzhafte-kokoscremesuppe-mit-kidneybohnen-64e71e8f00af9633818b8496,karibische-rezepte,64e71e8f00af9633818b8496,karibisch
https://www.hellofresh.de/recipes/susskartoffel-eintopf-mit-extra-garnelen-5f994d0ba6422a5be04d32fc,karibische-rezepte,5f994d0ba6422a5be04d32fc,karibisch
https://www.hellofresh.de/recipes/karibischer-susskartoffel-kokos-eintopf-6033e62b16858c5b34456f6f,karibische-rezepte,6033e62b16858c5b34456f6f,karibisch
https://www.hellofresh.de/recipes/karibischer-susskartoffel-kokos-eintopf-637c84464ec4dc18900f7269,karibische-rezepte,637c84464ec4dc18900f7269,karibisch
https://www.hellofresh.de/recipes/karibischer-susskartoffel-kokos-eintopf-5b34ddb930006c580a3e1f12,karibische-rezepte,5b34ddb930006c580a3e1f12,karibisch
https://www.hellofresh.de/recipes/herzhafte-kokoscremesuppe-mit-kidneybohnen-65a64beca4190de83372e1b7,karibische-rezepte,65a64beca4190de83372e1b7,karibisch
https://www.hellofresh.de/recipes/jambalaya-pikante-paprika-reispfanne-61b896ddecb7a202f33d0b83,karibische-rezepte,61b896ddecb7a202f33d0b83,karibisch
https://www.hellofresh.de/recipes/sudsee-feeling-tortilla-bowl-mit-bohnen-avocadosalat-56bb4b21f8b25eb04c8b4568,karibische-rezepte,56bb4b21f8b25eb04c8b4568,karibisch
https://www.hellofresh.de/recipes/karibischer-susskartoffel-kokos-eintopf-65d4897c7597174e16c0cb28,karibische-rezepte,65d4897c7597174e16c0cb28,karibisch
https://www.hellofresh.de/recipes/karibischer-burrito-mit-hahnchen-65e8390ff3b18f26ec8a5f6e,karibische-rezepte,65e8390ff3b18f26ec8a5f6e,karibisch
https://www.hellofresh.de/recipes/cremig-wurzige-kokossuppe-613f129157585c54171a201c,karibische-rezepte,613f129157585c54171a201c,karibisch
https://www.hellofresh.de/recipes/veggie-doner-ofengemuse-im-fladenbrot-597ed9ae51d3f123fd5d7804,turkische-rezepte,597ed9ae51d3f123fd5d7804,turkisch
https://www.hellofresh.de/recipes/kofte-wrap-mit-harissa-rinderhackfleisch-64e8611b4e40d5c6cb1a5a8e,turkische-rezepte,64e8611b4e40d5c6cb1a5a8e,turkisch
https://www.hellofresh.de/recipes/iskender-turkisches-rinderhack-gericht-60a36e17f409fc14e34f50af,turkische-rezepte,60a36e17f409fc14e34f50af,turkisch
https://www.hellofresh.de/recipes/veggie-doner-ofengemuse-im-fladenbrot-5d0211be9c0fbd00137f54ea,turkische-rezepte,5d0211be9c0fbd00137f54ea,turkisch
https://www.hellofresh.de/recipes/hello-kofte-turkische-frikadellen-5b0d414e30006c0597065c82,turkische-rezepte,5b0d414e30006c0597065c82,turkisch
https://www.hellofresh.de/recipes/sigara-borek-mit-petersilien-hirtenkase-625ec060688df206532131bc,turkische-rezepte,625ec060688df206532131bc,turkisch
https://www.hellofresh.de/recipes/turkische-kofte-mit-salat-joghurt-dip-5b962cd4ae08b514fe3213e2,turkische-rezepte,5b962cd4ae08b514fe3213e2,turkisch
https://www.hellofresh.de/recipes/sigara-borek-mit-petersilien-hirtenkase-632c3ce1daae714b610a48cb,turkische-rezepte,632c3ce1daae714b610a48cb,turkisch
https://www.hellofresh.de/recipes/adana-hackfleischspiesse-660d3b071c289d495f44858d,turkische-rezepte,660d3b071c289d495f44858d,turkisch
https://www.hellofresh.de/recipes/veggie-doner-ofengemuse-im-fladenbrot-5b601e9cae08b50c455cef32,turkische-rezepte,5b601e9cae08b50c455cef32,turkisch
https://www.hellofresh.de/recipes/sigara-borek-mit-hirtenkase-auf-bulgursalat-660586b95ce3cbf560d79c4f,turkische-rezepte,660586b95ce3cbf560d79c4f,turkisch
https://www.hellofresh.de/recipes/durum-doner-mit-halloumi-und-extra-kofte-5d11c94198ae48000e2a1cd0,turkische-rezepte,5d11c94198ae48000e2a1cd0,turkisch
https://www.hellofresh.de/recipes/durum-doner-mit-halloumi-5b1540b7ae08b56b63431461,turkische-rezepte,5b1540b7ae08b56b63431461,turkisch
https://www.hellofresh.de/recipes/pilaw-hahnchen-reispfanne-mit-rosinen-5fd9d320f6faec4b2d024486,turkische-rezepte,5fd9d320f6faec4b2d024486,turkisch
https://www.hellofresh.de/recipes/adana-hackfleischspiesse-65b242313ebf28940b2ffb17,turkische-rezepte,65b242313ebf28940b2ffb17,turkisch
https://www.hellofresh.de/recipes/ajvarbulgur-mit-schweinegeschnetzeltem-61937a7efd27fb1eda3965b1,turkische-rezepte,61937a7efd27fb1eda3965b1,turkisch
https://www.hellofresh.de/recipes/ajvarbulgur-mit-schweinegeschnetzeltem-60c9a2df74db80556a0a4011,turkische-rezepte,60c9a2df74db80556a0a4011,turkisch
https://www.hellofresh.de/recipes/uberbackener-blumenkohl-mit-hirtenkase-60d49cfcef7141667d15d5d8,turkische-rezepte,60d49cfcef7141667d15d5d8,turkisch
https://www.hellofresh.de/recipes/wurzige-zucchinipuffer-59b25714c9fd084e9458be02,turkische-rezepte,59b25714c9fd084e9458be02,turkisch
https://www.hellofresh.de/recipes/sigara-borek-mit-petersilien-hirtenkase-62c436778bd28edd4d0646a3,turkische-rezepte,62c436778bd28edd4d0646a3,turkisch
https://www.hellofresh.de/recipes/sigara-borek-mit-hirtenkase-auf-bulgursalat-661e92635c9ad41013c0a6e0,turkische-rezepte,661e92635c9ad41013c0a6e0,turkisch
https://www.hellofresh.de/recipes/cigar-borek-mit-petersilien-hirtenkase-61b89624f1230714ad776a39,turkische-rezepte,61b89624f1230714ad776a39,turkisch
https://www.hellofresh.de/recipes/hahnchen-doner-mit-aubergine-vom-grill-58a2dfea2310a814713ea8b3,turkische-rezepte,58a2dfea2310a814713ea8b3,turkisch
https://www.hellofresh.de/recipes/herzhaft-trifft-suss-spitzpaprika-gefullt-558142564dab712a268b4567,turkische-rezepte,558142564dab712a268b4567,turkisch
https://www.hellofresh.de/recipes/zweierlei-zigarrenboreks-54f833286ced6e51468b456a,turkische-rezepte,54f833286ced6e51468b456a,turkisch
https://www.hellofresh.de/recipes/iskender-turkisches-gericht-mit-hack-5ec512bd94a2335578397661,turkische-rezepte,5ec512bd94a2335578397661,turkisch
https://www.hellofresh.de/recipes/chili-susskartoffel-kumpir-5b962f7bae08b51727726f42,turkische-rezepte,5b962f7bae08b51727726f42,turkisch
https://www.hellofresh.de/recipes/sigara-borek-mit-petersilien-hirtenkase-64c8722277187ed0ff009f43,turkische-rezepte,64c8722277187ed0ff009f43,turkisch
https://www.hellofresh.de/recipes/ajvarbulgur-mit-hahnchengeschnetzeltem-65b0f2bdc53ee87ca20d57bf,turkische-rezepte,65b0f2bdc53ee87ca20d57bf,turkisch
https://www.hellofresh.de/recipes/gebratener-halloumi-im-fladenbrot-5f47a1c2296de93e15041e58,turkische-rezepte,5f47a1c2296de93e15041e58,turkisch
https://www.hellofresh.de/recipes/selbstgemachte-falafel-im-pitabrot-59426ff84f78db50bc498012,turkische-rezepte,59426ff84f78db50bc498012,turkisch
https://www.hellofresh.de/recipes/hahnchen-doner-mit-ofengemuse-im-fladenbrot-5cac5e34c445fa40712c1572,turkische-rezepte,5cac5e34c445fa40712c1572,turkisch
https://www.hellofresh.de/recipes/sigara-borek-mit-petersilien-hirtenkase-62024ea741cae2237461aeeb,turkische-rezepte,62024ea741cae2237461aeeb,turkisch
https://www.hellofresh.de/recipes/hello-kofte-turkische-frikadellen-5f197110e5dad52a9d61d57f,turkische-rezepte,5f197110e5dad52a9d61d57f,turkisch
https://www.hellofresh.de/recipes/honig-rosmarin-halloumi-mit-ajvargemuse-611a0803eac6f63ebe572cad,turkische-rezepte,611a0803eac6f63ebe572cad,turkisch
https://www.hellofresh.de/recipes/sigara-borek-mit-hirtenkase-auf-bulgursalat-64e71f677f5bd886e7b154c9,turkische-rezepte,64e71f677f5bd886e7b154c9,turkisch
https://www.hellofresh.de/recipes/hello-kofte-turkische-frikadellen-5c8ea52bc445fa02f53f11b2,turkische-rezepte,5c8ea52bc445fa02f53f11b2,turkisch
https://www.hellofresh.de/recipes/hello-kofte-turkische-frikadellen-5c113ac1c445fa66dc4c7eb2,turkische-rezepte,5c113ac1c445fa66dc4c7eb2,turkisch
https://www.hellofresh.de/recipes/veggie-doner-ofengemuse-im-fladenbrot-5a53a825043c3c3c8175e5d2,turkische-rezepte,5a53a825043c3c3c8175e5d2,turkisch
https://www.hellofresh.de/recipes/adana-kofte-58de5c4b99052d30513e6752,turkische-rezepte,58de5c4b99052d30513e6752,turkisch
https://www.hellofresh.de/recipes/veggie-doner-ofengemuse-im-fladenbrot-5d6fd582267dd400154a77c2,turkische-rezepte,5d6fd582267dd400154a77c2,turkisch
https://www.hellofresh.de/recipes/persisches-basmatireis-pilau-550927276ced6eb2028b456b,turkische-rezepte,550927276ced6eb2028b456b,turkisch
https://www.hellofresh.de/recipes/veggie-doner-mit-ofengemuse-im-fladenbrot-5ac73a8c30006c44f729a8e2,turkische-rezepte,5ac73a8c30006c44f729a8e2,turkisch
https://www.hellofresh.de/recipes/iskender-turkisches-rinderhack-gericht-61c8be49b5cd921e4211c1d9,turkische-rezepte,61c8be49b5cd921e4211c1d9,turkisch
https://www.hellofresh.de/recipes/susskartoffel-kumpir-mit-frischem-gemuse-5756c09f4dab71043a8b4567,turkische-rezepte,5756c09f4dab71043a8b4567,turkisch
https://www.hellofresh.de/recipes/hahnchen-doner-mit-ofengemuse-im-fladenbrot-5ac759e630006c59df405892,turkische-rezepte,5ac759e630006c59df405892,turkisch
https://www.hellofresh.de/recipes/honig-rosmarin-halloumi-mit-ajvargemuse-60ae0d4177ceef134e7b6749,turkische-rezepte,60ae0d4177ceef134e7b6749,turkisch
https://www.hellofresh.de/recipes/doner-mit-wurzigen-veganen-strips-hahnchen-art-60b66a8632baee0a97645640,turkische-rezepte,60b66a8632baee0a97645640,turkisch
https://www.hellofresh.de/recipes/susskartoffel-kumpir-mit-linsen-rucola-salat-6478a8b400391e9bef08bb96,turkische-rezepte,6478a8b400391e9bef08bb96,turkisch
https://www.hellofresh.de/recipes/hahnchen-doner-mit-ofengemuse-im-fladenbrot-5bb23eb3ae08b533432fdd72,turkische-rezepte,5bb23eb3ae08b533432fdd72,turkisch
https://www.hellofresh.de/recipes/iskender-turkisches-rinderhack-gericht-61002add63b1133b5a1aba46,turkische-rezepte,61002add63b1133b5a1aba46,turkisch
https://www.hellofresh.de/recipes/selbstgemachte-falafel-mit-kumin-and-koriander-5c3de455e3f33965342f66f2,turkische-rezepte,5c3de455e3f33965342f66f2,turkisch
https://www.hellofresh.de/recipes/veggie-cig-kofte-und-antipasti-paprika-salat-60488618b9de3c6af54cc5e7,turkische-rezepte,60488618b9de3c6af54cc5e7,turkisch
https://www.hellofresh.de/recipes/delikates-chorizo-risotto-54e460fc6ced6e0b1c8b4567,turkische-rezepte,54e460fc6ced6e0b1c8b4567,turkisch
https://www.hellofresh.de/recipes/turkische-rinderhackfleisch-pasta-63734e84053fd94c780aeaaa,turkische-rezepte,63734e84053fd94c780aeaaa,turkisch
https://www.hellofresh.de/recipes/iskender-turkisches-rinderhack-gericht-6268ee9e7f8897a9fa00d519,turkische-rezepte,6268ee9e7f8897a9fa00d519,turkisch
https://www.hellofresh.de/recipes/iskender-turkisches-rinderhack-gericht-602b83a8a47fd1175c38b86a,turkische-rezepte,602b83a8a47fd1175c38b86a,turkisch
https://www.hellofresh.de/recipes/iskender-turkisches-gericht-mit-hack-5c5834bae3f33967b011b642,turkische-rezepte,5c5834bae3f33967b011b642,turkisch
https://www.hellofresh.de/recipes/mit-hirtenkase-uberbackener-blumenkohl-620bc2a2035d125ceb5cae8c,turkische-rezepte,620bc2a2035d125ceb5cae8c,turkisch
https://www.hellofresh.de/recipes/em-fieber-turkei-vegetarische-pide-574d432b4dab71480a8b4567,turkische-rezepte,574d432b4dab71480a8b4567,turkisch
https://www.hellofresh.de/recipes/hello-cevapcici-wurzige-hackrollchen-5f476db5e0b7855fc0302862,turkische-rezepte,5f476db5e0b7855fc0302862,turkisch
https://www.hellofresh.de/recipes/hello-kofte-turkische-frikadellen-5e7b911c5cbdf962ce417cee,turkische-rezepte,5e7b911c5cbdf962ce417cee,turkisch
https://www.hellofresh.de/recipes/wurzige-zucchinipuffer-5a0da3fba1e1ea1a7b71c0b2,turkische-rezepte,5a0da3fba1e1ea1a7b71c0b2,turkisch
https://www.hellofresh.de/recipes/mit-tomate-und-basilikum-gefullte-manti-5538c9d46ced6eeb208b4570,turkische-rezepte,5538c9d46ced6eeb208b4570,turkisch
https://www.hellofresh.de/recipes/ajvarbulgur-mit-schweinegeschnetzeltem-62cff95bab6886eab008a0e3,turkische-rezepte,62cff95bab6886eab008a0e3,turkisch
https://www.hellofresh.de/recipes/durum-doner-mit-halloumi-5d10d9e8658f3a00121fdc81,turkische-rezepte,5d10d9e8658f3a00121fdc81,turkisch
https://www.hellofresh.de/recipes/chili-susskartoffel-kumpir-5c1cdf72e3f3393df75ea972,turkische-rezepte,5c1cdf72e3f3393df75ea972,turkisch
https://www.hellofresh.de/recipes/veggie-doner-ofengemuse-im-fladenbrot-5bb23db2ae08b5328333e8a2,turkische-rezepte,5bb23db2ae08b5328333e8a2,turkisch
https://www.hellofresh.de/recipes/sloppy-joes-vom-nahen-osten-65e72fc7d454825432f190ea,turkische-rezepte,65e72fc7d454825432f190ea,turkisch
https://www.hellofresh.de/recipes/turkische-rinderhackfleisch-pasta-64ca2c3e9289783eee04b813,turkische-rezepte,64ca2c3e9289783eee04b813,turkisch
https://www.hellofresh.de/recipes/flammkuchen-lahmacun-style-64b68490451ebaadbd04fee9,turkische-rezepte,64b68490451ebaadbd04fee9,turkisch
https://www.hellofresh.de/recipes/embers-leuchtender-lahmacun-flammkuchen-643e12044c240f1c0900db14,turkische-rezepte,643e12044c240f1c0900db14,turkisch
https://www.hellofresh.de/recipes/couscous-salat-mit-buntem-ofengemuse-and-pfirsich-ajvar-dressing-6088efba5666714e32610651,turkische-rezepte,6088efba5666714e32610651,turkisch
https://www.hellofresh.de/recipes/adana-hackfleischspiess-65859accf9c7ff8689945353,turkische-rezepte,65859accf9c7ff8689945353,turkisch
https://www.hellofresh.de/recipes/doner-mit-vegan-strips-chicken-style-619cc331af03086d577b1a81,turkische-rezepte,619cc331af03086d577b1a81,turkisch
https://www.hellofresh.de/recipes/couscous-salat-mit-pfirsich-ajvar-dressing-629f533698fbb31b9d0fcf92,turkische-rezepte,629f533698fbb31b9d0fcf92,turkisch
https://www.hellofresh.de/recipes/adana-hackfleischspiess-64e606832d4398dd759153be,turkische-rezepte,64e606832d4398dd759153be,turkisch
https://www.hellofresh.de/recipes/doner-mit-wurzigen-veganen-strips-hahnchen-art-61652b5f084e8144ea4dcd5f,turkische-rezepte,61652b5f084e8144ea4dcd5f,turkisch
https://www.hellofresh.de/recipes/hello-kofte-turkische-frikadellen-610d4d12f4d54e1bad1d9b9e,turkische-rezepte,610d4d12f4d54e1bad1d9b9e,turkisch
https://www.hellofresh.de/recipes/hello-kofte-turkische-frikadellen-5da71fbb8b88d172862ef209,turkische-rezepte,5da71fbb8b88d172862ef209,turkisch
https://www.hellofresh.de/recipes/veggie-doner-ofengemuse-im-fladenbrot-5ecfdb34edc712436e6b8062,turkische-rezepte,5ecfdb34edc712436e6b8062,turkisch
https://www.hellofresh.de/recipes/turkische-zucchini-puffer-mit-cranberrysosse-571f2d29f8b25e4a2d8b4567,turkische-rezepte,571f2d29f8b25e4a2d8b4567,turkisch
https://www.hellofresh.de/recipes/sigara-borek-mit-hirtenkase-auf-bulgursalat-65b24234d1da3988cdd8631f,turkische-rezepte,65b24234d1da3988cdd8631f,turkisch
https://www.hellofresh.de/recipes/veggie-iskender-mit-pfannengrillkase-63b31be2df645ab8ca087f32,turkische-rezepte,63b31be2df645ab8ca087f32,turkisch
https://www.hellofresh.de/recipes/hello-kofte-turkische-frikadellen-5aaba80a30006c79481f3e22,turkische-rezepte,5aaba80a30006c79481f3e22,turkisch
https://www.hellofresh.de/recipes/hello-kofte-turkische-frikadellen-616e9bb125f0ce4a3711b129,turkische-rezepte,616e9bb125f0ce4a3711b129,turkisch
https://www.hellofresh.de/recipes/veggie-doner-ofengemuse-im-fladenbrot-5cac581ee3f33918d31de0c2,turkische-rezepte,5cac581ee3f33918d31de0c2,turkisch
https://www.hellofresh.de/recipes/hello-kofte-turkische-frikadellen-auf-krauterreis-62285e6647bcb44cea656e99,turkische-rezepte,62285e6647bcb44cea656e99,turkisch
https://www.hellofresh.de/recipes/ajvarbulgur-mit-schweinegeschnetzeltem-61de9d324cea5c329b116c2c,turkische-rezepte,61de9d324cea5c329b116c2c,turkisch
https://www.hellofresh.de/recipes/hahnchen-doner-mit-gebackener-aubergine-601a732c4650ac4b0475efd8,turkische-rezepte,601a732c4650ac4b0475efd8,turkisch
https://www.hellofresh.de/recipes/couscous-salat-mit-pfirsich-ajvar-dressing-616e9c3a25f0ce4a3711b12d,turkische-rezepte,616e9c3a25f0ce4a3711b12d,turkisch
https://www.hellofresh.de/recipes/couscous-salat-mit-pfirsich-ajvar-dressing-6242dab15e0824570c0824af,turkische-rezepte,6242dab15e0824570c0824af,turkisch
https://www.hellofresh.de/recipes/sigara-borek-mit-petersilien-hirtenkase-638dc0c64007e8443e04adaf,turkische-rezepte,638dc0c64007e8443e04adaf,turkisch
https://www.hellofresh.de/recipes/iskender-turkisches-gericht-mit-hack-5db011654ed6de63bb773042,turkische-rezepte,5db011654ed6de63bb773042,turkisch
https://www.hellofresh.de/recipes/flammkuchen-lahmacun-style-6384c1613dbdf7d7ec057862,turkische-rezepte,6384c1613dbdf7d7ec057862,turkisch
https://www.hellofresh.de/recipes/veggie-doner-ofengemuse-im-fladenbrot-5f7d89a8ba59155848207e0c,turkische-rezepte,5f7d89a8ba59155848207e0c,turkisch
https://www.hellofresh.de/recipes/chili-susskartoffel-kumpir-5ac74ae430006c4f620a94d2,turkische-rezepte,5ac74ae430006c4f620a94d2,turkisch
https://www.hellofresh.de/recipes/ajvarbulgur-mit-schweinegeschnetzeltem-62285ee83a4fd16123652bf2,turkische-rezepte,62285ee83a4fd16123652bf2,turkisch
https://www.hellofresh.de/recipes/hello-kofte-turkische-frikadellen-5fc66ac907ecaf62aa588e92,turkische-rezepte,5fc66ac907ecaf62aa588e92,turkisch
https://www.hellofresh.de/recipes/honig-rosmarin-halloumi-mit-ajvargemuse-62c4367d5e165326d60d5c9f,turkische-rezepte,62c4367d5e165326d60d5c9f,turkisch
https://www.hellofresh.de/recipes/veggie-doner-mit-ofengemuse-gefulltes-fladenbrot-57d8262431c0a2e3568b4568,turkische-rezepte,57d8262431c0a2e3568b4568,turkisch
https://www.hellofresh.de/recipes/cevapcici-frikadellen-aus-dem-balkan-5e5f785d769a9a76875cb25f,turkische-rezepte,5e5f785d769a9a76875cb25f,turkisch
https://www.hellofresh.de/recipes/hello-kofte-turkisch-kraftige-frikadellen-5a451a37ae702a467536ecf2,turkische-rezepte,5a451a37ae702a467536ecf2,turkisch
https://www.hellofresh.de/recipes/cigar-borek-mit-petersilien-hirtenkase-60b66a65118d950ef44853f7,turkische-rezepte,60b66a65118d950ef44853f7,turkisch
https://www.hellofresh.de/recipes/hello-kofte-turkische-frikadellen-5b962cb7ae08b514dd6417a2,turkische-rezepte,5b962cb7ae08b514dd6417a2,turkisch
https://www.hellofresh.de/recipes/susskartoffel-kumpir-mit-linsen-rucola-salat-63a02e72567d6a1915028724,turkische-rezepte,63a02e72567d6a1915028724,turkisch
https://www.hellofresh.de/recipes/hahnchen-doner-mit-ofengemuse-im-fladenbrot-5c3c93ebc445fa0af25542e2,turkische-rezepte,5c3c93ebc445fa0af25542e2,turkisch
https://www.hellofresh.de/recipes/wurzige-zucchini-puffer-58de5420313100469a2a6b92,turkische-rezepte,58de5420313100469a2a6b92,turkisch
https://www.hellofresh.de/recipes/hello-kofte-turkisch-kraftige-frikadellen-5996a6dfd56afa61070b1af3,turkische-rezepte,5996a6dfd56afa61070b1af3,turkisch
https://www.hellofresh.de/recipes/turkische-rinderhackfleisch-pasta-641908ba1c9b6cd19b0b171d,turkische-rezepte,641908ba1c9b6cd19b0b171d,turkisch
https://www.hellofresh.de/recipes/turkische-pide-pizzen-mit-spinat-564c383efd2cb9c40c8b4567,turkische-rezepte,564c383efd2cb9c40c8b4567,turkisch
https://www.hellofresh.de/recipes/gefulltes-fladenbrot-58ecb23d171c582c650a35e3,turkische-rezepte,58ecb23d171c582c650a35e3,turkisch
https://www.hellofresh.de/recipes/ajvarbulgur-mit-schweinegeschnetzeltem-6149af5b5dbe1432846f5192,turkische-rezepte,6149af5b5dbe1432846f5192,turkisch
https://www.hellofresh.de/recipes/hello-kofte-turkische-frikadellen-5e1714ad29d0bf7bb17161e5,turkische-rezepte,5e1714ad29d0bf7bb17161e5,turkisch
https://www.hellofresh.de/recipes/iskender-turkisches-hack-gericht-5fb3f9c13787c23f14698807,turkische-rezepte,5fb3f9c13787c23f14698807,turkisch
https://www.hellofresh.de/recipes/hello-kofte-turkische-frikadellen-5d2ed4b40baf08000928cf02,turkische-rezepte,5d2ed4b40baf08000928cf02,turkisch
https://www.hellofresh.de/recipes/vegetarische-pide-mit-paprika-und-spinat-612e00e65431f2143017caa2,turkische-rezepte,612e00e65431f2143017caa2,turkisch
https://www.hellofresh.de/recipes/ajvarbulgur-mit-schweinegeschnetzeltem-62713acb248f91cfea045a4c,turkische-rezepte,62713acb248f91cfea045a4c,turkisch
https://www.hellofresh.de/recipes/smokey-hahnchenfilet-auf-knackigem-salat-67596cb90a0fc58aefff92eb,gesunde-rezepte,67596cb90a0fc58aefff92eb,gesund
https://www.hellofresh.de/recipes/salat-mit-thunfisch-und-butterbohnen-677265d0c7ac6d53848638b5,gesunde-rezepte,677265d0c7ac6d53848638b5,gesund
https://www.hellofresh.de/recipes/jamaikanisches-seafood-curry-mit-garnelen-6706812d02cdf0b40ec38dcb,gesunde-rezepte,6706812d02cdf0b40ec38dcb,gesund
https://www.hellofresh.de/recipes/one-pot-conchiglie-in-pesto-creme-sosse-677265acc7ac6d5384863738,gesunde-rezepte,677265acc7ac6d5384863738,gesund
https://www.hellofresh.de/recipes/limettenreis-bowl-mit-spicy-garlic-chicken-6797985189d6104200fdd4b7,gesunde-rezepte,6797985189d6104200fdd4b7,gesund
https://www.hellofresh.de/recipes/marinierte-hahnchenstreifen-mit-rosmarin-drillingen-6797590089d6104200fdc5f0,gesunde-rezepte,6797590089d6104200fdc5f0,gesund
https://www.hellofresh.de/recipes/hahnchenbrust-mit-zwiebel-chutney-haube-678a783900ea0a08f0b22d57,gesunde-rezepte,678a783900ea0a08f0b22d57,gesund
https://www.hellofresh.de/recipes/bulgogi-steak-bowl-mit-zucchini-675fff42f511d87afd23f03a,gesunde-rezepte,675fff42f511d87afd23f03a,gesund
https://www.hellofresh.de/recipes/hahnchen-saltimbocca-mit-aubergine-au-gratin-67470e58fb7a3ff84744d6f5,gesunde-rezepte,67470e58fb7a3ff84744d6f5,gesund
https://www.hellofresh.de/recipes/gnocchi-salat-mit-avocado-67166d2d9661bdb70be5018f,gesunde-rezepte,67166d2d9661bdb70be5018f,gesund
https://www.hellofresh.de/recipes/vegane-gnocchi-in-spinat-tomaten-sosse-6729db5c12c55222c8cc818e,gesunde-rezepte,6729db5c12c55222c8cc818e,gesund
https://www.hellofresh.de/recipes/souflaki-hahnchen-salat-mit-kartoffelwurfeln-671f972c662b2e47e398cafc,gesunde-rezepte,671f972c662b2e47e398cafc,gesund
https://www.hellofresh.de/recipes/schweinelachssteak-mit-knollenselleriestampf-67b75337d13198917d427d64,gesunde-rezepte,67b75337d13198917d427d64,gesund
https://www.hellofresh.de/recipes/ziegenkase-tabbouleh-mit-cranberries-678a78a100ea0a08f0b231a3,gesunde-rezepte,678a78a100ea0a08f0b231a3,gesund
https://www.hellofresh.de/recipes/kartoffelsalat-mit-mozzarella-and-kirschtomaten-678a780700ea0a08f0b22b26,gesunde-rezepte,678a780700ea0a08f0b22b26,gesund
https://www.hellofresh.de/recipes/hahnchenpfanne-susssauer-mit-zucchini-67470ddcb1d252afb328db4a,gesunde-rezepte,67470ddcb1d252afb328db4a,gesund
https://www.hellofresh.de/recipes/one-pot-hahnchen-perlcouscous-salat-6772655b67cf697e9b61fdaf,gesunde-rezepte,6772655b67cf697e9b61fdaf,gesund
https://www.hellofresh.de/recipes/wurfelsalat-mit-harissa-grillkase-67470df6989edba91be31828,gesunde-rezepte,67470df6989edba91be31828,gesund
https://www.hellofresh.de/recipes/honig-senf-hahnchensalat-mit-avocado-672118784251e0dbe4be5796,gesunde-rezepte,672118784251e0dbe4be5796,gesund
https://www.hellofresh.de/recipes/dinkel-bowl-griechischer-art-mit-hirtenkase-6748427d178a6fd9e2e0e053,gesunde-rezepte,6748427d178a6fd9e2e0e053,gesund
https://www.hellofresh.de/recipes/gnocchipfanne-mit-antipasti-gemuse-678a77fe7767bb70db1911a7,gesunde-rezepte,678a77fe7767bb70db1911a7,gesund
https://www.hellofresh.de/recipes/cajun-schweinelachssteak-auf-wurzigem-bulgur-671f976010bbc833b98f8eed,gesunde-rezepte,671f976010bbc833b98f8eed,gesund
https://www.hellofresh.de/recipes/gnocchi-in-hirtenkase-tomatensosse-671f977a4251e0dbe4bdf7f7,gesunde-rezepte,671f977a4251e0dbe4bdf7f7,gesund
https://www.hellofresh.de/recipes/garnelen-mit-sesam-und-teriyakigemuse-6717a3b82afd696502ee024e,gesunde-rezepte,6717a3b82afd696502ee024e,gesund
https://www.hellofresh.de/recipes/pork-stir-fry-mit-pilz-aprikosen-sosse-67470e56b1d252afb328dd4e,gesunde-rezepte,67470e56b1d252afb328dd4e,gesund
https://www.hellofresh.de/recipes/wurziges-orangen-hahnchen-auf-jasminreis-677265a8c7ac6d5384863702,gesunde-rezepte,677265a8c7ac6d5384863702,gesund
https://www.hellofresh.de/recipes/steak-eintopf-nach-boeuf-bourguignon-art-675fff25d1e807b4c4b23769,gesunde-rezepte,675fff25d1e807b4c4b23769,gesund
https://www.hellofresh.de/recipes/fischfilet-in-sesam-mantel-auf-jasminreis-671f97784251e0dbe4bdf7db,gesunde-rezepte,671f97784251e0dbe4bdf7db,gesund
https://www.hellofresh.de/recipes/gnocchi-allarrabbiata-con-melanzane-fritte-678a782b7767bb70db191414,gesunde-rezepte,678a782b7767bb70db191414,gesund
https://www.hellofresh.de/recipes/one-pot-garnelen-perlcouscous-salat-6772655b0200888b9f0f85d5,gesunde-rezepte,6772655b0200888b9f0f85d5,gesund
https://www.hellofresh.de/recipes/stir-fry-schweinefilet-mit-soja-pflaumensauce-6762dae40d25660579f3cc94,gesunde-rezepte,6762dae40d25660579f3cc94,gesund
https://www.hellofresh.de/recipes/couscous-mit-dukkah-ofengemuse-671f9737662b2e47e398cb59,gesunde-rezepte,671f9737662b2e47e398cb59,gesund
https://www.hellofresh.de/recipes/kartoffelsalat-mit-mozzarella-and-kirschtomaten-67470d72fb7a3ff84744d2b4,gesunde-rezepte,67470d72fb7a3ff84744d2b4,gesund
https://www.hellofresh.de/recipes/fischfilet-mit-kapern-dill-dressing-663392a1270adf4f95c58f2d,gesunde-rezepte,663392a1270adf4f95c58f2d,gesund
https://www.hellofresh.de/recipes/garnelen-mit-sesam-und-teriyakigemuse-6717a392feb5bb81ef3aa370,gesunde-rezepte,6717a392feb5bb81ef3aa370,gesund
https://www.hellofresh.de/recipes/souflaki-hahnchen-salat-mit-kartoffelwurfeln-66fbcd2e4c6de2e4afe675df,gesunde-rezepte,66fbcd2e4c6de2e4afe675df,gesund
https://www.hellofresh.de/recipes/korean-bbq-udon-6772654767cf697e9b61fd04,gesunde-rezepte,6772654767cf697e9b61fd04,gesund
https://www.hellofresh.de/recipes/ziegenkase-tabbouleh-mit-cranberries-6772659367cf697e9b620022,gesunde-rezepte,6772659367cf697e9b620022,gesund
https://www.hellofresh.de/recipes/miso-glasierte-krauterseitlinge-671f9742662b2e47e398cbde,gesunde-rezepte,671f9742662b2e47e398cbde,gesund
https://www.hellofresh.de/recipes/fischfilet-mit-ravigote-sosse-und-kohlrabi-67726555c7ac6d53848633d8,gesunde-rezepte,67726555c7ac6d53848633d8,gesund
https://www.hellofresh.de/recipes/sweet-chili-bowl-mit-glasierter-aubergine-67470deafb7a3ff84744d59f,gesunde-rezepte,67470deafb7a3ff84744d59f,gesund
https://www.hellofresh.de/recipes/rinderhackfleisch-kofte-auf-bulgur-678a77e59160da204f345ead,gesunde-rezepte,678a77e59160da204f345ead,gesund
https://www.hellofresh.de/recipes/corn-chowder-mit-knoblauch-garnelen-67470d63fb7a3ff84744d1bb,gesunde-rezepte,67470d63fb7a3ff84744d1bb,gesund
https://www.hellofresh.de/recipes/mediterraner-perlencouscoussalat-mit-avocado-678a78569160da204f3463e0,gesunde-rezepte,678a78569160da204f3463e0,gesund
https://www.hellofresh.de/recipes/ziegenkase-tabbouleh-mit-cranberries-67470cb5989edba91be3144d,gesunde-rezepte,67470cb5989edba91be3144d,gesund
https://www.hellofresh.de/recipes/souflaki-hahnchen-salat-mit-kartoffelwurfeln-672255c73fa8b036e634b357,gesunde-rezepte,672255c73fa8b036e634b357,gesund
https://www.hellofresh.de/recipes/tuna-jacket-potato-gratinierte-ofenkartoffel-67470d7ab1d252afb328da11,gesunde-rezepte,67470d7ab1d252afb328da11,gesund
https://www.hellofresh.de/recipes/bio-bulgogi-steak-bowl-mit-zucchini-6797985789d6104200fdd553,gesunde-rezepte,6797985789d6104200fdd553,gesund
https://www.hellofresh.de/recipes/bunte-bowl-mit-glasierter-aubergine-671f96d1662b2e47e398c515,gesunde-rezepte,671f96d1662b2e47e398c515,gesund
https://www.hellofresh.de/recipes/hahnchen-in-apfel-brandy-sosse-679798465fbdb4aa73bc7d00,gesunde-rezepte,679798465fbdb4aa73bc7d00,gesund
https://www.hellofresh.de/recipes/rinderhackfleisch-kofte-auf-bulgur-671f9745662b2e47e398cc20,gesunde-rezepte,671f9745662b2e47e398cc20,gesund
https://www.hellofresh.de/recipes/cajun-schweinelachssteak-auf-wurzigem-bulgur-678a77ee7767bb70db1910f6,gesunde-rezepte,678a77ee7767bb70db1910f6,gesund
https://www.hellofresh.de/recipes/green-goddess-salad-mit-avocado-6721185a10bbc833b98fed16,gesunde-rezepte,6721185a10bbc833b98fed16,gesund
https://www.hellofresh.de/recipes/limettenreis-bowl-mit-spicy-bio-garlic-pork-6797985389d6104200fdd4ed,gesunde-rezepte,6797985389d6104200fdd4ed,gesund
https://www.hellofresh.de/recipes/souflaki-hahnchen-auf-couscous-671f9715662b2e47e398ca4f,gesunde-rezepte,671f9715662b2e47e398ca4f,gesund
https://www.hellofresh.de/recipes/hahnchenpfanne-susssauer-mit-paprika-671f96f9662b2e47e398c7bb,gesunde-rezepte,671f96f9662b2e47e398c7bb,gesund
https://www.hellofresh.de/recipes/souflaki-hahnchen-salat-mit-kartoffelwurfeln-67470d5eb1d252afb328d8b2,gesunde-rezepte,67470d5eb1d252afb328d8b2,gesund
https://www.hellofresh.de/recipes/thai-mango-linsensalat-mit-hahnchen-674efdee40f14c95104a0a03,gesunde-rezepte,674efdee40f14c95104a0a03,gesund
https://www.hellofresh.de/recipes/kreolische-kartoffelpfanne-mit-garnelen-674d81866188c2d1af7a0d8f,gesunde-rezepte,674d81866188c2d1af7a0d8f,gesund
https://www.hellofresh.de/recipes/chicken-teriyaki-mit-sesam-671a62c4feb5bb81ef3ae5dd,gesunde-rezepte,671a62c4feb5bb81ef3ae5dd,gesund
https://www.hellofresh.de/recipes/wurziges-orangen-hahnchen-auf-jasminreis-67470e53b1d252afb328dd33,gesunde-rezepte,67470e53b1d252afb328dd33,gesund
https://www.hellofresh.de/recipes/couscous-salat-alla-caprese-67470d77b1d252afb328d9db,gesunde-rezepte,67470d77b1d252afb328d9db,gesund
https://www.hellofresh.de/recipes/steak-nach-boeuf-bourguignon-art-679798435fbdb4aa73bc7ccd,gesunde-rezepte,679798435fbdb4aa73bc7ccd,gesund
https://www.hellofresh.de/recipes/thunfisch-bohnen-salat-67470e6bfb7a3ff84744d82a,gesunde-rezepte,67470e6bfb7a3ff84744d82a,gesund
https://www.hellofresh.de/recipes/cajun-schweinelachssteak-auf-wurzigem-bulgur-67470d61989edba91be314b0,gesunde-rezepte,67470d61989edba91be314b0,gesund
https://www.hellofresh.de/recipes/bio-schweinefilet-mit-knollenselleriestampf-67b75339d13198917d427d7f,gesunde-rezepte,67b75339d13198917d427d7f,gesund
https://www.hellofresh.de/recipes/hahnchen-saltimbocca-mit-aubergine-au-gratin-677265790200888b9f0f875b,gesunde-rezepte,677265790200888b9f0f875b,gesund
https://www.hellofresh.de/recipes/hahnchen-perlcouscous-salat-6734a09cf7f6320abf8f6f90,gesunde-rezepte,6734a09cf7f6320abf8f6f90,gesund
https://www.hellofresh.de/recipes/hahnchenstreifen-auf-griechischem-salat-67470c9efb7a3ff84744ce84,gesunde-rezepte,67470c9efb7a3ff84744ce84,gesund
https://www.hellofresh.de/recipes/limettenreis-bowl-mit-spicy-garlic-chicken-67596d5d4f0b0d39dcbebef9,gesunde-rezepte,67596d5d4f0b0d39dcbebef9,gesund
https://www.hellofresh.de/recipes/knusprige-blumenkohl-nuggets-67470dd2b1d252afb328daa8,gesunde-rezepte,67470dd2b1d252afb328daa8,gesund
https://www.hellofresh.de/recipes/levantinischer-blumenkohlsalat-mit-tahini-67470d60fb7a3ff84744d19d,gesunde-rezepte,67470d60fb7a3ff84744d19d,gesund
https://www.hellofresh.de/recipes/chimi-churri-salat-mit-thunfisch-6797983289d6104200fdd207,gesunde-rezepte,6797983289d6104200fdd207,gesund
https://www.hellofresh.de/recipes/gnocchi-pfanne-mit-brokkoli-67470cb6fb7a3ff84744cfae,gesunde-rezepte,67470cb6fb7a3ff84744cfae,gesund
https://www.hellofresh.de/recipes/smokey-hahnchenfilet-auf-knackigem-salat-67470d75fb7a3ff84744d2f3,gesunde-rezepte,67470d75fb7a3ff84744d2f3,gesund
https://www.hellofresh.de/recipes/frische-linguini-in-scharfe-harissa-tomatensosse-673f6c553852ebaf7686c667,gesunde-rezepte,673f6c553852ebaf7686c667,gesund
https://www.hellofresh.de/recipes/couscous-salat-alla-caprese-671f96ea4251e0dbe4bdf182,gesunde-rezepte,671f96ea4251e0dbe4bdf182,gesund
https://www.hellofresh.de/recipes/sambal-udang-scharfe-garnelen-pfanne-6797985b5fbdb4aa73bc7de5,gesunde-rezepte,6797985b5fbdb4aa73bc7de5,gesund
https://www.hellofresh.de/recipes/hahnchen-blumenkohl-shawarma-teller-669e547f180815c793275f16,gesunde-rezepte,669e547f180815c793275f16,gesund
https://www.hellofresh.de/recipes/vegane-filetstucke-mit-rosmarin-drillingen-67470e5f989edba91be318f1,gesunde-rezepte,67470e5f989edba91be318f1,gesund
https://www.hellofresh.de/recipes/souflaki-hahnchen-salat-mit-kartoffelwurfeln-671f96c710bbc833b98f868c,gesunde-rezepte,671f96c710bbc833b98f868c,gesund
https://www.hellofresh.de/recipes/thai-mango-linsensalat-mit-hahnchen-674efd9140f14c95104a09de,gesunde-rezepte,674efd9140f14c95104a09de,gesund
https://www.hellofresh.de/recipes/frische-linguine-mit-hahnchengeschnetzeltem-675abe68a1a7f6303a77a758,gesunde-rezepte,675abe68a1a7f6303a77a758,gesund
https://www.hellofresh.de/recipes/pikante-cajun-reispfanne-mit-garnelen-672118524251e0dbe4be55ba,gesunde-rezepte,672118524251e0dbe4be55ba,gesund
https://www.hellofresh.de/recipes/vegan-teriyaki-beef-bowl-672c91fab88de70de2e9f89f,gesunde-rezepte,672c91fab88de70de2e9f89f,gesund
https://www.hellofresh.de/recipes/teriyaki-fischfilet-auf-ingwer-susskartoffelstampf-6798eaf1b06e6e163a9114c4,gesunde-rezepte,6798eaf1b06e6e163a9114c4,gesund
https://www.hellofresh.de/recipes/sterntaler-gnocchi-6721184e662b2e47e3993000,gesunde-rezepte,6721184e662b2e47e3993000,gesund
https://www.hellofresh.de/recipes/kernige-ziegenkasetaler-auf-buntem-salat-678a780b9160da204f34603a,gesunde-rezepte,678a780b9160da204f34603a,gesund
https://www.hellofresh.de/recipes/wurfelsalat-mit-harissa-grillkase-67596c764f0b0d39dcbebeba,gesunde-rezepte,67596c764f0b0d39dcbebeba,gesund
https://www.hellofresh.de/recipes/funkel-funkel-sterntaler-gnocchi-in-speck-rahm-sosse-678a781f7767bb70db191353,gesunde-rezepte,678a781f7767bb70db191353,gesund
https://www.hellofresh.de/recipes/gnocchi-spinat-auflauf-mit-champignons-678a789d7767bb70db191913,gesunde-rezepte,678a789d7767bb70db191913,gesund
https://www.hellofresh.de/recipes/hahnchengulasch-mit-paprikagemuse-67470d6e989edba91be31552,gesunde-rezepte,67470d6e989edba91be31552,gesund
https://www.hellofresh.de/recipes/dinkel-bowl-griechischer-art-mit-hirtenkas-6721185b4251e0dbe4be561f,gesunde-rezepte,6721185b4251e0dbe4be561f,gesund
https://www.hellofresh.de/recipes/hahnchenpfanne-susssauer-mit-paprika-671f975b662b2e47e398ccc2,gesunde-rezepte,671f975b662b2e47e398ccc2,gesund
https://www.hellofresh.de/recipes/reisbowl-mit-pulled-chicken-hoisin-6721186e10bbc833b98fee37,gesunde-rezepte,6721186e10bbc833b98fee37,gesund
https://www.hellofresh.de/recipes/koreanische-susse-soja-fisch-bowl-678a78049160da204f34601f,gesunde-rezepte,678a78049160da204f34601f,gesund
https://www.hellofresh.de/recipes/cowboy-chicken-chili-mit-mais-and-reis-678a783a7767bb70db1914ae,gesunde-rezepte,678a783a7767bb70db1914ae,gesund
https://www.hellofresh.de/recipes/funkel-funkel-sterntaler-gnocchi-in-speck-rahm-sosse-677265430200888b9f0f8497,gesunde-rezepte,677265430200888b9f0f8497,gesund
https://www.hellofresh.de/recipes/ziegenkase-tabbouleh-mit-cranberries-671f96cf4251e0dbe4bdef99,gesunde-rezepte,671f96cf4251e0dbe4bdef99,gesund
https://www.hellofresh.de/recipes/honig-senf-hahnchensalat-mit-avocado-671f97494251e0dbe4bdf622,gesunde-rezepte,671f97494251e0dbe4bdf622,gesund
https://www.hellofresh.de/recipes/dinkel-bowl-griechischer-art-mit-hirtenkase-67470defb1d252afb328dc7f,gesunde-rezepte,67470defb1d252afb328dc7f,gesund
https://www.hellofresh.de/recipes/pork-stir-fry-mit-pilz-aprikosen-sosse-67726544c7ac6d5384863383,gesunde-rezepte,67726544c7ac6d5384863383,gesund
https://www.hellofresh.de/recipes/sambal-udang-scharfe-garnelen-pfanne-677265580200888b9f0f85cc,gesunde-rezepte,677265580200888b9f0f85cc,gesund
https://www.hellofresh.de/recipes/one-pan-jambalaya-hahnchenbrustfilet-66fd37c69e82bf398e8fc82d,gesunde-rezepte,66fd37c69e82bf398e8fc82d,gesund
https://www.hellofresh.de/recipes/seehecht-in-spinat-sahne-sosse-aus-dem-ofen-67470d71989edba91be31588,gesunde-rezepte,67470d71989edba91be31588,gesund
https://www.hellofresh.de/recipes/kartoffelsalat-mit-mozzarella-and-kirschtomaten-671f97754251e0dbe4bdf79c,gesunde-rezepte,671f97754251e0dbe4bdf79c,gesund
https://www.hellofresh.de/recipes/rosenkohl-in-hoisin-sesam-marinade-auf-reis-671f97684251e0dbe4bdf766,gesunde-rezepte,671f97684251e0dbe4bdf766,gesund
https://www.hellofresh.de/recipes/green-goddess-salad-mit-avocado-677265650200888b9f0f8626,gesunde-rezepte,677265650200888b9f0f8626,gesund
https://www.hellofresh.de/recipes/japanische-bowl-mit-seelachs-auf-reis-678a78139160da204f3460c1,gesunde-rezepte,678a78139160da204f3460c1,gesund
https://www.hellofresh.de/recipes/reisbowl-mit-pulled-chicken-hoisin-67470de7fb7a3ff84744d53c,gesunde-rezepte,67470de7fb7a3ff84744d53c,gesund
https://www.hellofresh.de/recipes/couscous-mit-dukkah-ofengemuse-67c026b69d75dd14bb52b6ba,gesunde-rezepte,67c026b69d75dd14bb52b6ba,gesund
https://www.hellofresh.de/recipes/gnocchi-pfanne-mit-grunem-spargel-67c0756f6c214d706c76fd01,gesunde-rezepte,67c0756f6c214d706c76fd01,gesund
https://www.hellofresh.de/recipes/pla-pad-krapow-thai-basilikum-fischfilet-67470df4fb7a3ff84744d60b,gesunde-rezepte,67470df4fb7a3ff84744d60b,gesund
https://www.hellofresh.de/recipes/veganes-pulled-in-bbq-marinade-auf-ofenkartoffel-671f974310bbc833b98f8d8c,gesunde-rezepte,671f974310bbc833b98f8d8c,gesund
https://www.hellofresh.de/recipes/funkel-funkel-sterntaler-gnocchi-in-speck-rahm-sosse-67657d357de812ab26271b75,gesunde-rezepte,67657d357de812ab26271b75,gesund
https://www.hellofresh.de/recipes/pikante-cajun-reispfanne-mit-garnelen-6772659667cf697e9b62004f,gesunde-rezepte,6772659667cf697e9b62004f,gesund
https://www.hellofresh.de/recipes/one-pot-hahnchen-perlcouscous-salat-678a78a700ea0a08f0b231dc,gesunde-rezepte,678a78a700ea0a08f0b231dc,gesund
https://www.hellofresh.de/recipes/limettenreis-bowl-mit-spicy-garlic-chicken-67470df7989edba91be31843,gesunde-rezepte,67470df7989edba91be31843,gesund
https://www.hellofresh.de/recipes/couscous-mit-dukkah-ofengemuse-677265820200888b9f0f87d0,gesunde-rezepte,677265820200888b9f0f87d0,gesund
https://www.hellofresh.de/recipes/one-pan-jambalaya-hahnchenbrustfilet-678a780f7767bb70db1912c2,gesunde-rezepte,678a780f7767bb70db1912c2,gesund
https://www.hellofresh.de/recipes/couscous-salat-alla-caprese-677265ec0200888b9f0f8c61,gesunde-rezepte,677265ec0200888b9f0f8c61,gesund
https://www.hellofresh.de/recipes/hahnchen-in-apfel-brandy-sosse-672c8ee194313ea67ba3f912,gesunde-rezepte,672c8ee194313ea67ba3f912,gesund
https://www.hellofresh.de/recipes/hahnchenpfanne-susssauer-mit-paprika-678a78379160da204f346291,gesunde-rezepte,678a78379160da204f346291,gesund
https://www.hellofresh.de/recipes/one-pan-jambalaya-hahnchenbrustfilet-671f971a10bbc833b98f8bd0,gesunde-rezepte,671f971a10bbc833b98f8bd0,gesund
https://www.hellofresh.de/recipes/souflaki-hahnchen-salat-mit-kartoffelwurfeln-67470e53fb7a3ff84744d680,gesunde-rezepte,67470e53fb7a3ff84744d680,gesund
https://www.hellofresh.de/recipes/wurfelsalat-mit-harissa-grillkase-678a78359160da204f34625b,gesunde-rezepte,678a78359160da204f34625b,gesund
https://www.hellofresh.de/recipes/american-bowl-mit-hahnchen-und-avocado-678a78087767bb70db191243,gesunde-rezepte,678a78087767bb70db191243,gesund
https://www.hellofresh.de/recipes/gnocchi-spinat-auflauf-mit-champignons-6772654e0200888b9f0f8521,gesunde-rezepte,6772654e0200888b9f0f8521,gesund
https://www.hellofresh.de/recipes/griechischer-stifado-eintopf-mit-hackballchen-669f6988180815c7932772ae,gesunde-rezepte,669f6988180815c7932772ae,gesund
https://www.hellofresh.de/recipes/fischfilet-mit-dillmarinade-6721187610bbc833b98feebb,gesunde-rezepte,6721187610bbc833b98feebb,gesund
https://www.hellofresh.de/recipes/bowl-mit-miso-aubergine-avocado-und-brokkoli-673dda61e69aa9045e7a29aa,gesunde-rezepte,673dda61e69aa9045e7a29aa,gesund
https://www.hellofresh.de/recipes/plant-based-poke-bowl-mit-portobello-and-avocado-671f978710bbc833b98f9177,gesunde-rezepte,671f978710bbc833b98f9177,gesund
https://www.hellofresh.de/recipes/hahnchenpfanne-susssauer-mit-paprika-67470cc1fb7a3ff84744d0e9,gesunde-rezepte,67470cc1fb7a3ff84744d0e9,gesund
https://www.hellofresh.de/recipes/gnocchi-salat-mit-avocado-671f9766662b2e47e398cd67,gesunde-rezepte,671f9766662b2e47e398cd67,gesund
https://www.hellofresh.de/recipes/perlcouscous-bowl-mit-geschmorter-zucchini-678a78647767bb70db191697,gesunde-rezepte,678a78647767bb70db191697,gesund
https://www.hellofresh.de/recipes/chicken-teriyaki-mit-sesam-677265af0200888b9f0f8a2f,gesunde-rezepte,677265af0200888b9f0f8a2f,gesund
https://www.hellofresh.de/recipes/gnocchi-pfanne-mit-brokkoli-677265e80200888b9f0f8c12,gesunde-rezepte,677265e80200888b9f0f8c12,gesund
https://www.hellofresh.de/recipes/rote-beete-gnocchi-mit-hahnchengeschnetzeltem-640722e0b047dd4988002fac,eintopf-rezepte,640722e0b047dd4988002fac,eintopf-rezepte
https://www.hellofresh.de/recipes/one-pot-zitronen-hahnchen-risotto-679798535fbdb4aa73bc7d93,eintopf-rezepte,679798535fbdb4aa73bc7d93,eintopf-rezepte
https://www.hellofresh.de/recipes/rote-beete-gnocchi-mit-hahnchengeschnetzeltem-6459e74e349ba8079a0e99c7,eintopf-rezepte,6459e74e349ba8079a0e99c7,eintopf-rezepte
https://www.hellofresh.de/recipes/one-pot-zitronen-schweinefilet-risotto-6797985489d6104200fdd4ff,eintopf-rezepte,6797985489d6104200fdd4ff,eintopf-rezepte
https://www.hellofresh.de/recipes/rinderhackfleisch-reispfanne-mit-brokkoli-677265c867cf697e9b6202be,eintopf-rezepte,677265c867cf697e9b6202be,eintopf-rezepte
https://www.hellofresh.de/recipes/mediterraner-zaatar-seehecht-67a393da7e8deaa91d5e3993,eintopf-rezepte,67a393da7e8deaa91d5e3993,eintopf-rezepte
https://www.hellofresh.de/recipes/one-pan-rote-beete-gnocchi-mit-bacon-67d2d8c132f868cf0b46c445,eintopf-rezepte,67d2d8c132f868cf0b46c445,eintopf-rezepte
https://www.hellofresh.de/recipes/cremige-susskartoffelgnocchi-pfanne-678a786f7767bb70db191703,eintopf-rezepte,678a786f7767bb70db191703,eintopf-rezepte
https://www.hellofresh.de/recipes/one-pot-wonder-hahnchen-reispfanne-mit-aprikosen-minz-joghurt-6772659b67cf697e9b620085,eintopf-rezepte,6772659b67cf697e9b620085,eintopf-rezepte
https://www.hellofresh.de/recipes/rauchige-chorizo-gemuse-pfanne-67c089476c214d706c770639,eintopf-rezepte,67c089476c214d706c770639,eintopf-rezepte
https://www.hellofresh.de/recipes/one-pot-spaghetti-al-pomodoro-678a786e7767bb70db1916e8,eintopf-rezepte,678a786e7767bb70db1916e8,eintopf-rezepte
https://www.hellofresh.de/recipes/piri-piri-putenbrust-mit-kartoffelwurfeln-5bc4833bae08b53261248b92,afrikanische-rezepte,5bc4833bae08b53261248b92,afrikanisch
https://www.hellofresh.de/recipes/halloumi-auf-shakshuka-paprika-sosse-6006e63cb9aa2a21db05fd3b,afrikanische-rezepte,6006e63cb9aa2a21db05fd3b,afrikanisch
https://www.hellofresh.de/recipes/exotisch-gewurzter-halloumi-5c3737a0c445fa326059c3c2,afrikanische-rezepte,5c3737a0c445fa326059c3c2,afrikanisch
https://www.hellofresh.de/recipes/exotisch-gewurzter-halloumi-5ba8d5c0ae08b5023544fc92,afrikanische-rezepte,5ba8d5c0ae08b5023544fc92,afrikanisch
https://www.hellofresh.de/recipes/arabischer-halloumi-595602e651d3f1602c6c4f82,afrikanische-rezepte,595602e651d3f1602c6c4f82,afrikanisch
https://www.hellofresh.de/recipes/gebratener-halloumi-59b25f03d56afa448e35bd52,afrikanische-rezepte,59b25f03d56afa448e35bd52,afrikanisch
https://www.hellofresh.de/recipes/tomatige-ofengemuse-kichererbsen-pfanne-556ee9c44dab71ff558b456a,afrikanische-rezepte,556ee9c44dab71ff558b456a,afrikanisch
https://www.hellofresh.de/recipes/marokkanische-zucchini-hahnchenbrust-55e6deda79a23cba648b4567,afrikanische-rezepte,55e6deda79a23cba648b4567,afrikanisch
https://www.hellofresh.de/recipes/erdnusseintopf-mit-garnelenspiessen-5fbe263acf4d133a4b2c31ce,afrikanische-rezepte,5fbe263acf4d133a4b2c31ce,afrikanisch
https://www.hellofresh.de/recipes/shakshuka-nordafrikanische-spezialitat-5cc85b168fae90001147fa36,afrikanische-rezepte,5cc85b168fae90001147fa36,afrikanisch
https://www.hellofresh.de/recipes/exotisch-gewurzter-halloumi-5a991f3830006c713940f673,afrikanische-rezepte,5a991f3830006c713940f673,afrikanisch
https://www.hellofresh.de/recipes/exotischer-jerk-chickenburger-54edceaa6ced6e78208b4569,afrikanische-rezepte,54edceaa6ced6e78208b4569,afrikanisch
https://www.hellofresh.de/recipes/gebratener-halloumi-mit-wurziger-zwiebelade-5a16f23d2c9e86607d019f12,afrikanische-rezepte,5a16f23d2c9e86607d019f12,afrikanisch
https://www.hellofresh.de/recipes/erdnusseintopf-mit-gemuse-57f4dfea383a7f4abc3bcb92,afrikanische-rezepte,57f4dfea383a7f4abc3bcb92,afrikanisch
https://www.hellofresh.de/recipes/bunte-couscous-gemuse-pfanne-59c3d66005346817f02f1d82,afrikanische-rezepte,59c3d66005346817f02f1d82,afrikanisch
https://www.hellofresh.de/recipes/afrikanischer-erdnusseintopf-5e4d52a0ff54125acb5ac161,afrikanische-rezepte,5e4d52a0ff54125acb5ac161,afrikanisch
https://www.hellofresh.de/recipes/gruss-aus-marokko-linsen-gemuse-tajine-56b1be97fd2cb9d2468b4567,afrikanische-rezepte,56b1be97fd2cb9d2468b4567,afrikanisch
https://www.hellofresh.de/recipes/bratwurst-spiesse-mit-knusprigen-maniok-pommes-5549f0026ced6e77748b4567,afrikanische-rezepte,5549f0026ced6e77748b4567,afrikanisch
https://www.hellofresh.de/recipes/piri-piri-putenbrust-mit-kartoffelwurfeln-59ba31067901f9332f13a513,afrikanische-rezepte,59ba31067901f9332f13a513,afrikanisch
https://www.hellofresh.de/recipes/exotisch-gewurzter-halloumi-5a0dba6bc9fd08535b3498b2,afrikanische-rezepte,5a0dba6bc9fd08535b3498b2,afrikanisch
https://www.hellofresh.de/recipes/fruchtig-cremige-rote-linsen-pfanne-558be1b3fd2cb9b75c8b4569,afrikanische-rezepte,558be1b3fd2cb9b75c8b4569,afrikanisch
https://www.hellofresh.de/recipes/zarte-piri-piri-putenbrust-5a3290162c9e86345f353b82,afrikanische-rezepte,5a3290162c9e86345f353b82,afrikanisch
https://www.hellofresh.de/recipes/libanesischer-fattoush-salat-5602943679a23ceb2a8b4567,afrikanische-rezepte,5602943679a23ceb2a8b4567,afrikanisch
https://www.hellofresh.de/recipes/marokkanische-karottensuppe-mit-gerosteten-kichererbsen-563089e179a23cbb4d8b4567,afrikanische-rezepte,563089e179a23cbb4d8b4567,afrikanisch
https://www.hellofresh.de/recipes/salarico-couscous-salat-552e173e6ced6ede3e8b456a,afrikanische-rezepte,552e173e6ced6ede3e8b456a,afrikanisch
https://www.hellofresh.de/recipes/veggie-kebabs-mit-marinierten-gemuse-feta-spiessen-558be0c34dab71e7518b4567,afrikanische-rezepte,558be0c34dab71e7518b4567,afrikanisch
https://www.hellofresh.de/recipes/bunte-couscous-gemuse-pfanne-5a53a9cd043c3c3edf3bb642,afrikanische-rezepte,5a53a9cd043c3c3edf3bb642,afrikanisch
https://www.hellofresh.de/recipes/marokkanischer-couscous-salat-5551f725f8b25ea1038b4567,afrikanische-rezepte,5551f725f8b25ea1038b4567,afrikanisch
https://www.hellofresh.de/recipes/marokkanisch-gewurzte-linsen-burger-in-pita-taschen-54e4618c6ced6e104b8b4568,afrikanische-rezepte,54e4618c6ced6e104b8b4568,afrikanisch
https://www.hellofresh.de/recipes/wurziger-erdnusseintopf-mit-borlottibohnen-5fbe25f2f4c87b26f77ec1b8,afrikanische-rezepte,5fbe25f2f4c87b26f77ec1b8,afrikanisch
https://www.hellofresh.de/recipes/afrikanischer-erdnusseintopf-mit-grunen-bohnen-5667f7d2f8b25e20338b4567,afrikanische-rezepte,5667f7d2f8b25e20338b4567,afrikanisch
https://www.hellofresh.de/recipes/sudafrikanisches-linsen-bobotie-55266eba6ced6e556b8b4567,afrikanische-rezepte,55266eba6ced6e556b8b4567,afrikanisch
https://www.hellofresh.de/recipes/marokkanische-auberginen-tajine-mit-petersilien-bulgur-5614feb4f8b25e824a8b4567,afrikanische-rezepte,5614feb4f8b25e824a8b4567,afrikanisch
https://www.hellofresh.de/recipes/bunte-couscous-gemuse-pfanne-5b0d439eae08b514c1437272,afrikanische-rezepte,5b0d439eae08b514c1437272,afrikanisch
https://www.hellofresh.de/recipes/marokkanischer-gemuse-couscous-5592ccbf4dab7196178b4568,afrikanische-rezepte,5592ccbf4dab7196178b4568,afrikanisch
https://www.hellofresh.de/recipes/tacos-mit-mariniertem-hahnchengeschnetzeltem-64e888f100af9633818bbec4,griechische-rezepte,64e888f100af9633818bbec4,griechisch
https://www.hellofresh.de/recipes/gefullte-hahnchenbrust-mit-hirtenkase-661e8e6e019ddbd535c038ba,griechische-rezepte,661e8e6e019ddbd535c038ba,griechisch
https://www.hellofresh.de/recipes/hahnchenstreifen-auf-griechischem-salat-66d81db5cc7423314febb024,griechische-rezepte,66d81db5cc7423314febb024,griechisch
https://www.hellofresh.de/recipes/dinkel-bowl-griechischer-art-mit-souflaki-hirtenkase-64df74a2614f75555c20f726,griechische-rezepte,64df74a2614f75555c20f726,griechisch
https://www.hellofresh.de/recipes/griechische-platte-mit-zweierlei-souflaki-625ec0afe466d83d23707b32,griechische-rezepte,625ec0afe466d83d23707b32,griechisch
https://www.hellofresh.de/recipes/gefullte-hahnchenbrust-mit-hirtenkase-66436101c72b4f891e542e68,griechische-rezepte,66436101c72b4f891e542e68,griechisch
https://www.hellofresh.de/recipes/mediterraner-nudelsalat-mit-grillkase-6643606edb12ba3a5e0fb22a,griechische-rezepte,6643606edb12ba3a5e0fb22a,griechisch
https://www.hellofresh.de/recipes/dinkel-bowl-griechischer-art-mit-hirtenkase-66b0c47d7e48b14c2381abbd,griechische-rezepte,66b0c47d7e48b14c2381abbd,griechisch
https://www.hellofresh.de/recipes/salat-mit-thunfisch-und-butterbohnen-652cff93c88a1f5ba6f4d1c9,griechische-rezepte,652cff93c88a1f5ba6f4d1c9,griechisch
https://www.hellofresh.de/recipes/kichererbsenpasta-mit-gyros-streifen-65d74b2f7597174e16c14701,griechische-rezepte,65d74b2f7597174e16c14701,griechisch
https://www.hellofresh.de/recipes/souflaki-rauchertofu-mit-kartoffelsalat-and-zaziki-66ebf9e458baf82d2a9638ff,griechische-rezepte,66ebf9e458baf82d2a9638ff,griechisch
https://www.hellofresh.de/recipes/mezze-rinderhackpfanne-auf-tomatenreis-64c8728e6a39b0f55c05627e,griechische-rezepte,64c8728e6a39b0f55c05627e,griechisch
https://www.hellofresh.de/recipes/hahnchenstreifen-auf-griechischem-salat-64e3b20ce1f123211ed563f6,griechische-rezepte,64e3b20ce1f123211ed563f6,griechisch
https://www.hellofresh.de/recipes/souflaki-hahnchen-salat-mit-kartoffelwurfeln-63cfb254a824e7cd4b0767fe,griechische-rezepte,63cfb254a824e7cd4b0767fe,griechisch
https://www.hellofresh.de/recipes/gratinierte-hahnchenbrust-mit-hirtenkasefullung-62a879a553bf0f9552027df2,griechische-rezepte,62a879a553bf0f9552027df2,griechisch
https://www.hellofresh.de/recipes/orzo-salat-mit-mediterran-gewurzten-garnelen-639882e722065f9e1b042400,griechische-rezepte,639882e722065f9e1b042400,griechisch
https://www.hellofresh.de/recipes/garnelen-in-mediterraner-marinade-auf-orzo-65bcbb83fb38871420c618d4,griechische-rezepte,65bcbb83fb38871420c618d4,griechisch
https://www.hellofresh.de/recipes/griechische-tacos-mit-kichererbsen-und-zaziki-646c9324d425c861610e9167,griechische-rezepte,646c9324d425c861610e9167,griechisch
https://www.hellofresh.de/recipes/rosmarin-schweinelachssteaks-mit-griechischem-salat-65200f9bbe675f371f8adafa,griechische-rezepte,65200f9bbe675f371f8adafa,griechisch
https://www.hellofresh.de/recipes/dinkel-bowl-griechischer-art-mit-souflaki-hirtenkase-639882e0672bc4c92d0aadca,griechische-rezepte,639882e0672bc4c92d0aadca,griechisch
https://www.hellofresh.de/recipes/zucchini-hackfleisch-pfanne-65b242593ebf28940b2ffd13,griechische-rezepte,65b242593ebf28940b2ffd13,griechisch
https://www.hellofresh.de/recipes/bifteki-mit-hirtenkase-auf-orzotto-6353d38e4fa6ac9f770ce727,griechische-rezepte,6353d38e4fa6ac9f770ce727,griechisch
https://www.hellofresh.de/recipes/orzosalat-mit-veganem-schawarma-6569a3de5234ba85b73c64f7,griechische-rezepte,6569a3de5234ba85b73c64f7,griechisch
https://www.hellofresh.de/recipes/rosmarin-schweinelachssteak-655b333f2d94ad532d60e29a,griechische-rezepte,655b333f2d94ad532d60e29a,griechisch
https://www.hellofresh.de/recipes/griechische-platte-mit-zweierlei-souflaki-62a879c7132f3a99060832e2,griechische-rezepte,62a879c7132f3a99060832e2,griechisch
https://www.hellofresh.de/recipes/dinkel-bowl-griechischer-art-628b9dde34aad48f13001be2,griechische-rezepte,628b9dde34aad48f13001be2,griechisch
https://www.hellofresh.de/recipes/thunfisch-bohnen-salat-66b23b536e2625457a71d381,griechische-rezepte,66b23b536e2625457a71d381,griechisch
https://www.hellofresh.de/recipes/gigantes-plaki-riesenbohnen-mit-halloumi-623849220dbfbd52dd6ff9a8,griechische-rezepte,623849220dbfbd52dd6ff9a8,griechisch
https://www.hellofresh.de/recipes/bifteki-griechische-hackballchen-62dc3f1e7c3f3cdf6f0858a0,griechische-rezepte,62dc3f1e7c3f3cdf6f0858a0,griechisch
https://www.hellofresh.de/recipes/vegane-spiesse-mit-mezze-wurstchen-and-zwiebel-6242da9b3a9f0b775f4c8beb,griechische-rezepte,6242da9b3a9f0b775f4c8beb,griechisch
https://www.hellofresh.de/recipes/dinkel-bowl-griechischer-art-mit-souflaki-hirtenkase-64ca2ba1ea266b9e2f05ae09,griechische-rezepte,64ca2ba1ea266b9e2f05ae09,griechisch
https://www.hellofresh.de/recipes/kofta-gyros-mit-zaziki-and-hirtenkase-in-fladenbrot-65f8674d1d9f403b835b4e73,griechische-rezepte,65f8674d1d9f403b835b4e73,griechisch
https://www.hellofresh.de/recipes/gefullte-hahnchenbrust-mit-hirtenkase-6564691c5234ba85b73bdd8f,griechische-rezepte,6564691c5234ba85b73bdd8f,griechisch
https://www.hellofresh.de/recipes/dinkel-bowl-griechischer-art-mit-souflaki-hirtenkase-652cfe10d07173a1e1f0eb8a,griechische-rezepte,652cfe10d07173a1e1f0eb8a,griechisch
https://www.hellofresh.de/recipes/gefullte-hahnchenbrust-mit-hirtenkase-668e67f5018283f1f439b998,griechische-rezepte,668e67f5018283f1f439b998,griechisch
https://www.hellofresh.de/recipes/thunisch-bohnen-salat-mit-souflaki-paprika-647f248a5020e3e067053842,griechische-rezepte,647f248a5020e3e067053842,griechisch
https://www.hellofresh.de/recipes/greek-style-kofta-mit-bio-rinderhack-im-fladenbrot-668e6925018283f1f439be5d,griechische-rezepte,668e6925018283f1f439be5d,griechisch
https://www.hellofresh.de/recipes/tacos-mit-mariniertem-hahnchengeschnetzeltem-6695407c857799fb135262c9,griechische-rezepte,6695407c857799fb135262c9,griechisch
https://www.hellofresh.de/recipes/dinkel-bowl-griechischer-art-6450bdbde32383d8790bdaa1,griechische-rezepte,6450bdbde32383d8790bdaa1,griechisch
https://www.hellofresh.de/recipes/souflaki-hahnchen-salat-mit-kartoffelwurfeln-66475d3cdb12ba3a5e1000e2,griechische-rezepte,66475d3cdb12ba3a5e1000e2,griechisch
https://www.hellofresh.de/recipes/hahnchenstreifen-auf-griechischem-salat-6446bd98cba95d718b0c16eb,griechische-rezepte,6446bd98cba95d718b0c16eb,griechisch
https://www.hellofresh.de/recipes/gratinierte-paprika-mit-karotten-zaziki-salat-6283a8389d3e13f383048adc,griechische-rezepte,6283a8389d3e13f383048adc,griechisch
https://www.hellofresh.de/recipes/gyros-mit-griechischem-salat-6268eec81e70339c6c08a54b,griechische-rezepte,6268eec81e70339c6c08a54b,griechisch
https://www.hellofresh.de/recipes/mezze-rinderhackpfanne-auf-tomatenreis-662b95413b46bb8bbaebd592,griechische-rezepte,662b95413b46bb8bbaebd592,griechisch
https://www.hellofresh.de/recipes/souflaki-schweinelachs-mit-paprikagemuse-64f705cd71b62ce1283393af,griechische-rezepte,64f705cd71b62ce1283393af,griechisch
https://www.hellofresh.de/recipes/souflaki-braten-mit-griechischem-salat-63e9e05b6dbd2b2c550bf24a,griechische-rezepte,63e9e05b6dbd2b2c550bf24a,griechisch
https://www.hellofresh.de/recipes/greek-style-kofta-mit-bio-rinderhack-in-naan-662b95513b46bb8bbaebd6bd,griechische-rezepte,662b95513b46bb8bbaebd6bd,griechisch
https://www.hellofresh.de/recipes/bifteki-mit-hirtenkase-auf-orzotto-64b684ac8244c2a8b6078899,griechische-rezepte,64b684ac8244c2a8b6078899,griechisch
https://www.hellofresh.de/recipes/griechischer-orzo-salat-mit-kalamata-oliven-62fdff62b67c677fb108551b,griechische-rezepte,62fdff62b67c677fb108551b,griechisch
https://www.hellofresh.de/recipes/gefullte-souflaki-hahnchenbrust-64f5d638c09936aa866c88ef,griechische-rezepte,64f5d638c09936aa866c88ef,griechisch
https://www.hellofresh.de/recipes/griechischer-orzo-salat-mit-kalamata-oliven-64881fc2b638ce43ab02fb02,griechische-rezepte,64881fc2b638ce43ab02fb02,griechisch
https://www.hellofresh.de/recipes/gyros-mit-griechischem-salat-637c849c3d1ac8e85e083eff,griechische-rezepte,637c849c3d1ac8e85e083eff,griechisch
https://www.hellofresh.de/recipes/gyros-mit-griechischem-salat-und-hirtenkase-66fbcce8acc2c87562468dbe,griechische-rezepte,66fbcce8acc2c87562468dbe,griechisch
https://www.hellofresh.de/recipes/gyros-mit-griechischem-salat-631b5b63049979d43809c7ca,griechische-rezepte,631b5b63049979d43809c7ca,griechisch
https://www.hellofresh.de/recipes/hahnchenstreifen-auf-griechischem-salat-6685039c1839b5db2281bf57,griechische-rezepte,6685039c1839b5db2281bf57,griechisch
https://www.hellofresh.de/recipes/thunfisch-bohnen-salat-64b68416230990de29079346,griechische-rezepte,64b68416230990de29079346,griechisch
https://www.hellofresh.de/recipes/souflaki-rauchertofu-mit-kartoffelsalat-and-zaziki-64e860a94e40d5c6cb1a53fe,griechische-rezepte,64e860a94e40d5c6cb1a53fe,griechisch
https://www.hellofresh.de/recipes/souflaki-hahnchen-salat-mit-kartoffelwurfeln-63734ed6f8440b16520653c0,griechische-rezepte,63734ed6f8440b16520653c0,griechisch
https://www.hellofresh.de/recipes/bifteki-griechische-hackballchen-628b9d8ce76a60400f09f7ea,griechische-rezepte,628b9d8ce76a60400f09f7ea,griechisch
https://www.hellofresh.de/recipes/tuna-salad-mit-butterbohnen-and-hirtenkase-knofi-dressing-628b9dd67430a9ec320956de,griechische-rezepte,628b9dd67430a9ec320956de,griechisch
https://www.hellofresh.de/recipes/souflaki-seehecht-mit-zitronenkartoffeln-62559b5688721c72826f1858,griechische-rezepte,62559b5688721c72826f1858,griechisch
https://www.hellofresh.de/recipes/souflaki-braten-mit-griechischem-salat-63282e92c910ae61ea061d98,griechische-rezepte,63282e92c910ae61ea061d98,griechisch
https://www.hellofresh.de/recipes/rinderhuftsteak-mit-kalamata-oliven-paste-64bf772660ab20e0b402f9cd,griechische-rezepte,64bf772660ab20e0b402f9cd,griechisch
https://www.hellofresh.de/recipes/dinkel-bowl-griechischer-art-mit-hirtenkase-65859b5cf9c7ff8689945cc6,griechische-rezepte,65859b5cf9c7ff8689945cc6,griechisch
https://www.hellofresh.de/recipes/dinkel-bowl-griechischer-art-6419089bfc5db303cb0dd8bc,griechische-rezepte,6419089bfc5db303cb0dd8bc,griechisch
https://www.hellofresh.de/recipes/hello-cevapcici-wurzige-hackrollchen-646c92e30c5be71356018854,griechische-rezepte,646c92e30c5be71356018854,griechisch
https://www.hellofresh.de/recipes/mezze-rinderhackpfanne-auf-tomatenreis-65f867651d9f403b835b4efa,griechische-rezepte,65f867651d9f403b835b4efa,griechisch
https://www.hellofresh.de/recipes/mega-monster-pasta-mit-verstecktem-baby-grunkohl-671f9779662b2e47e398cdef,griechische-rezepte,671f9779662b2e47e398cdef,griechisch
https://www.hellofresh.de/recipes/kritharaki-orzo-mit-gerosteter-spitzpaprika-629f532437bc145d62089e43,griechische-rezepte,629f532437bc145d62089e43,griechisch
https://www.hellofresh.de/recipes/gyros-mit-griechischem-salat-und-hirtenkase-668bd9ea018283f1f4397d61,griechische-rezepte,668bd9ea018283f1f4397d61,griechisch
https://www.hellofresh.de/recipes/souflaki-rauchertofu-mit-kartoffelsalat-671f96dc10bbc833b98f8818,griechische-rezepte,671f96dc10bbc833b98f8818,griechisch
https://www.hellofresh.de/recipes/dinkel-bowl-griechischer-art-mit-hirtenkase-66d81dbd0eb51492a4c65756,griechische-rezepte,66d81dbd0eb51492a4c65756,griechisch
https://www.hellofresh.de/recipes/gyros-mit-griechischem-salat-6523c1896720825b47fcd618,griechische-rezepte,6523c1896720825b47fcd618,griechisch
https://www.hellofresh.de/recipes/gyros-mit-griechischem-salat-und-hirtenkase-65b2429dd1da3988cdd8683d,griechische-rezepte,65b2429dd1da3988cdd8683d,griechisch
https://www.hellofresh.de/recipes/griechischer-filo-zucchini-strudel-641908b72270ba35ee0a447c,griechische-rezepte,641908b72270ba35ee0a447c,griechisch
https://www.hellofresh.de/recipes/tuna-salad-mit-butterbohnen-and-hirtenkase-knofi-dressing-63a02e9283408b965a062606,griechische-rezepte,63a02e9283408b965a062606,griechisch
https://www.hellofresh.de/recipes/souflaki-hahnchen-salat-mit-kartoffelcroutons-62a879ac3ae0ba4d4e074b50,griechische-rezepte,62a879ac3ae0ba4d4e074b50,griechisch
https://www.hellofresh.de/recipes/hahnchenpfanne-mit-wurzkartoffeln-624bfb95e2111952195bc273,griechische-rezepte,624bfb95e2111952195bc273,griechisch
https://www.hellofresh.de/recipes/bifteki-griechische-hackballchen-634e510c5b789146ca06bc9c,griechische-rezepte,634e510c5b789146ca06bc9c,griechisch
https://www.hellofresh.de/recipes/souflaki-fischfilet-mit-zitronenkartoffeln-677265bf67cf697e9b620257,griechische-rezepte,677265bf67cf697e9b620257,griechisch
https://www.hellofresh.de/recipes/griechische-platte-mit-zweierlei-souflaki-638dc117a6a24ac88b0a3f50,griechische-rezepte,638dc117a6a24ac88b0a3f50,griechisch
https://www.hellofresh.de/recipes/mediterraner-nudelsalat-mit-grillkase-6446bd646933e8d800065c31,griechische-rezepte,6446bd646933e8d800065c31,griechisch
https://www.hellofresh.de/recipes/gigantes-plaki-riesenbohnen-mit-halloumi-628b95563ece0fe2f503633b,griechische-rezepte,628b95563ece0fe2f503633b,griechisch
https://www.hellofresh.de/recipes/mediteraner-perlencouscoussalat-65e740ded454825432f1930f,griechische-rezepte,65e740ded454825432f1930f,griechisch
https://www.hellofresh.de/recipes/tuna-salad-mit-butterbohnen-and-hirtenkase-knofi-dressing-63171db0484187b5cf085717,griechische-rezepte,63171db0484187b5cf085717,griechisch
https://www.hellofresh.de/recipes/hahnchenstreifen-auf-griechischem-salat-66b23b11a1293bffe8e01a9d,griechische-rezepte,66b23b11a1293bffe8e01a9d,griechisch
https://www.hellofresh.de/recipes/mega-monster-pasta-mit-verstecktem-baby-grunkohl-66d81dd00eb51492a4c657fe,griechische-rezepte,66d81dd00eb51492a4c657fe,griechisch
https://www.hellofresh.de/recipes/gyros-mit-griechischem-salat-und-hirtenkase-6669cf1e16b67b5e09053454,griechische-rezepte,6669cf1e16b67b5e09053454,griechisch
https://www.hellofresh.de/recipes/gefullte-souflaki-hahnchenbrust-64df2a1f552e10127649ef46,griechische-rezepte,64df2a1f552e10127649ef46,griechisch
https://www.hellofresh.de/recipes/riesengarnelen-in-mediterraner-marinade-auf-orzo-salat-6580742159e9d368332e5825,griechische-rezepte,6580742159e9d368332e5825,griechisch
https://www.hellofresh.de/recipes/gyros-mit-griechischem-salat-und-hirtenkase-668e68fbda99f37bb7c06d47,griechische-rezepte,668e68fbda99f37bb7c06d47,griechisch
https://www.hellofresh.de/recipes/gefullte-hahnchenbrust-mit-hirtenkase-65c0efbd638c45973e012a62,griechische-rezepte,65c0efbd638c45973e012a62,griechisch
https://www.hellofresh.de/recipes/schawarma-wrap-mit-zaziki-and-kartoffelspalten-63b6f7675c5414804b087eb4,griechische-rezepte,63b6f7675c5414804b087eb4,griechisch
https://www.hellofresh.de/recipes/dinkel-bowl-griechischer-art-mit-souflaki-hirtenkase-64881f940cc1d8330a051240,griechische-rezepte,64881f940cc1d8330a051240,griechisch
https://www.hellofresh.de/recipes/salat-mit-thunfisch-und-butterbohnen-64bf76b896b62fe32d0257ac,griechische-rezepte,64bf76b896b62fe32d0257ac,griechisch
https://www.hellofresh.de/recipes/mediterraner-nudelsalat-mit-halloumi-625409d11a73551b5618c2b7,griechische-rezepte,625409d11a73551b5618c2b7,griechisch
https://www.hellofresh.de/recipes/paprika-rinderhack-pfanne-6450bdb70e2f8483ee0ac847,griechische-rezepte,6450bdb70e2f8483ee0ac847,griechisch
https://www.hellofresh.de/recipes/gefullte-salatherzen-mit-thunfisch-and-hirtenkase-64e888e640ec4203972fb831,griechische-rezepte,64e888e640ec4203972fb831,griechisch
https://www.hellofresh.de/recipes/salat-mit-thunfisch-und-butterbohnen-64fecf8b786cce2df0e047b5,griechische-rezepte,64fecf8b786cce2df0e047b5,griechisch
https://www.hellofresh.de/recipes/shepherds-bowl-gebackener-hirtenkase-6331c51dea90f398420b39f7,griechische-rezepte,6331c51dea90f398420b39f7,griechisch
https://www.hellofresh.de/recipes/gyros-mit-griechischem-salat-und-hirtenkase-664c63937d59947cc3a73453,griechische-rezepte,664c63937d59947cc3a73453,griechisch
https://www.hellofresh.de/recipes/mittelmeer-one-pot-penne-mit-hirtenkase-and-spinat-62f6756a9cf796bdac09baa9,griechische-rezepte,62f6756a9cf796bdac09baa9,griechisch
https://www.hellofresh.de/recipes/monster-pasta-667290ce37bff126fa74f628,griechische-rezepte,667290ce37bff126fa74f628,griechisch
https://www.hellofresh.de/recipes/gyros-mit-griechischem-salat-64e368a10989be803362e31d,griechische-rezepte,64e368a10989be803362e31d,griechisch
https://www.hellofresh.de/recipes/dinkel-bowl-griechischer-art-mit-souflaki-hirtenkase-64bf766c11eb633edf03ba50,griechische-rezepte,64bf766c11eb633edf03ba50,griechisch
https://www.hellofresh.de/recipes/tuna-salad-bowl-mit-kichererbsen-6450be35534c19eec501cea4,griechische-rezepte,6450be35534c19eec501cea4,griechisch
https://www.hellofresh.de/recipes/griechischer-orzo-salat-mit-kalamata-oliven-62da9cf242c7b9a70801c9b4,griechische-rezepte,62da9cf242c7b9a70801c9b4,griechisch
https://www.hellofresh.de/recipes/dinkel-bowl-griechischer-art-mit-hirtenkase-660d3b3b4c86bc584f550394,griechische-rezepte,660d3b3b4c86bc584f550394,griechisch
https://www.hellofresh.de/recipes/one-pot-orzotto-mit-bifteki-und-hirtenkase-668e6834da99f37bb7c069f2,griechische-rezepte,668e6834da99f37bb7c069f2,griechisch
https://www.hellofresh.de/recipes/wurzige-cevapcici-hackrollchen-65d4891f6c4f223989875b5d,griechische-rezepte,65d4891f6c4f223989875b5d,griechisch
https://www.hellofresh.de/recipes/dinkel-bowl-griechischer-art-mit-souflaki-hirtenkase-6500836c786cce2df0e07764,griechische-rezepte,6500836c786cce2df0e07764,griechisch
https://www.hellofresh.de/recipes/mediterraner-nudelsalat-mit-grillkase-6331c4e9d06779d8b80e2019,griechische-rezepte,6331c4e9d06779d8b80e2019,griechisch
https://www.hellofresh.de/recipes/bifteki-mit-hirtenkase-auf-orzotto-6643607de15adad53cab1c23,griechische-rezepte,6643607de15adad53cab1c23,griechisch
https://www.hellofresh.de/recipes/dinkel-bowl-griechische-art-mit-souflaki-hirtenkase-65d32165833ed7a0e818af7a,griechische-rezepte,65d32165833ed7a0e818af7a,griechisch
https://www.hellofresh.de/recipes/greek-style-kofta-mit-bio-rinderhack-im-fladenbrot-66fd3745b777f1a73b6d28cf,griechische-rezepte,66fd3745b777f1a73b6d28cf,griechisch
https://www.hellofresh.de/recipes/gefullte-hahnchenbrust-mit-hirtenkase-66b23b621047ce9880457111,griechische-rezepte,66b23b621047ce9880457111,griechisch
https://www.hellofresh.de/recipes/tacos-mit-mariniertem-hahnchengeschnetzeltem-65b24d293ebf28940b30037c,griechische-rezepte,65b24d293ebf28940b30037c,griechisch
https://www.hellofresh.de/recipes/greek-style-kofta-mit-bio-rinderhack-im-fladenbrot-66d5b4b56b5280d175637a3b,griechische-rezepte,66d5b4b56b5280d175637a3b,griechisch
https://www.hellofresh.de/recipes/greek-style-kofta-mit-zaziki-and-hirtenkase-im-fladenbrot-6772655667cf697e9b61fd67,griechische-rezepte,6772655667cf697e9b61fd67,griechisch
https://www.hellofresh.de/recipes/tacos-mit-mariniertem-hahnchengeschnetzeltem-660d3fe7306b165ac1c042e5,griechische-rezepte,660d3fe7306b165ac1c042e5,griechisch
https://www.hellofresh.de/recipes/seehecht-mit-tomatigen-orzonudeln-62f0fc4447b4af40ab066b22,griechische-rezepte,62f0fc4447b4af40ab066b22,griechisch
https://www.hellofresh.de/recipes/thunfischsalat-mit-butterbohnen-63eb4947661b3d0e09088dc2,griechische-rezepte,63eb4947661b3d0e09088dc2,griechisch
https://www.hellofresh.de/recipes/mega-monster-pasta-mit-verstecktem-baby-grunkohl-66fbccbdacc2c87562468cd0,griechische-rezepte,66fbccbdacc2c87562468cd0,griechisch
https://www.hellofresh.de/recipes/thunfisch-bohnen-salat-64e860f400af9633818bb397,griechische-rezepte,64e860f400af9633818bb397,griechisch
https://www.hellofresh.de/recipes/salat-mit-thunfisch-und-butterbohnen-65451dd13357e0637a82ca4d,griechische-rezepte,65451dd13357e0637a82ca4d,griechisch
https://www.hellofresh.de/recipes/hahnchenstreifen-auf-griechischem-salat-62ab307b5418a20fe50391fb,griechische-rezepte,62ab307b5418a20fe50391fb,griechisch
https://www.hellofresh.de/recipes/gyros-mit-griechischem-salat-und-hirtenkase-662b95578a5cda45f8e29c10,griechische-rezepte,662b95578a5cda45f8e29c10,griechisch
https://www.hellofresh.de/recipes/rindergeschnetzeltes-nach-gyros-art-mit-zaziki-62713a76568afb04e30893d9,griechische-rezepte,62713a76568afb04e30893d9,griechisch
https://www.hellofresh.de/recipes/salat-mit-thunfisch-und-butterbohnen-65cb2cb45d02509305945695,griechische-rezepte,65cb2cb45d02509305945695,griechisch
https://www.hellofresh.de/recipes/dinkel-bowl-griechischer-art-mit-hirtenkase-661e9251019ddbd535c03fcb,griechische-rezepte,661e9251019ddbd535c03fcb,griechisch
https://www.hellofresh.de/recipes/handgemachte-fish-cakes-mit-zaziki-628b9e4e35e78a6c5f0d3182,griechische-rezepte,628b9e4e35e78a6c5f0d3182,griechisch
https://www.hellofresh.de/recipes/paprika-rinderhack-pfanne-628b9d73e6b3596aed04c14d,griechische-rezepte,628b9d73e6b3596aed04c14d,griechisch
https://www.hellofresh.de/recipes/souflaki-seehecht-mit-zitronenkartoffeln-62dc3f746b432037c80d5364,griechische-rezepte,62dc3f746b432037c80d5364,griechisch
https://www.hellofresh.de/recipes/rinderhuftsteak-mit-kalamata-oliven-paste-64df2aa5552e10127649f402,griechische-rezepte,64df2aa5552e10127649f402,griechisch
https://www.hellofresh.de/recipes/mezze-rinderhackpfanne-auf-tomatenreis-661e9261019ddbd535c04061,griechische-rezepte,661e9261019ddbd535c04061,griechisch
https://www.hellofresh.de/recipes/griechischer-thunfisch-bohnen-salat-6446bd44450c4b886607be80,griechische-rezepte,6446bd44450c4b886607be80,griechisch
https://www.hellofresh.de/recipes/mega-monster-pasta-mit-verstecktem-spinat-67470dcf989edba91be31699,griechische-rezepte,67470dcf989edba91be31699,griechisch
https://www.hellofresh.de/recipes/dinkel-bowl-griechischer-art-mit-souflaki-hirtenkase-63d8ee57b9d2ccd5ec0e9977,griechische-rezepte,63d8ee57b9d2ccd5ec0e9977,griechisch
https://www.hellofresh.de/recipes/griechischer-orzo-salat-mit-grunen-oliven-640ff0f739e88291d401fb0a,griechische-rezepte,640ff0f739e88291d401fb0a,griechisch
https://www.hellofresh.de/recipes/gyros-mit-griechischem-salat-62c436aedd5f71a904059136,griechische-rezepte,62c436aedd5f71a904059136,griechisch
https://www.hellofresh.de/recipes/kofta-gyros-mit-zaziki-and-hirtenkase-in-fladenbrot-64e706a17f5bd886e7b1523d,griechische-rezepte,64e706a17f5bd886e7b1523d,griechisch
https://www.hellofresh.de/recipes/orzo-salat-mit-garnelen-souflaki-62cd76ab5216331c1e0e4981,griechische-rezepte,62cd76ab5216331c1e0e4981,griechisch
https://www.hellofresh.de/recipes/mini-wraps-mit-mariniertem-hahnchen-63e1b6607e12b2524f0fd697,griechische-rezepte,63e1b6607e12b2524f0fd697,griechisch
https://www.hellofresh.de/recipes/griechische-tacos-mit-kichererbsen-und-zaziki-627a7210893f210f8706263c,griechische-rezepte,627a7210893f210f8706263c,griechisch
https://www.hellofresh.de/recipes/mariniertes-hahnchenfilet-mit-oregano-66ebe67c58baf82d2a9633b0,griechische-rezepte,66ebe67c58baf82d2a9633b0,griechisch
https://www.hellofresh.de/recipes/souflaki-hahnchen-salat-mit-kartoffelwurfeln-65290fbdd07173a1e1f0d588,griechische-rezepte,65290fbdd07173a1e1f0d588,griechisch
https://www.hellofresh.de/recipes/seehecht-mit-tomatigen-orzonudeln-627a7232bcd1e495fe051f5f,griechische-rezepte,627a7232bcd1e495fe051f5f,griechisch
https://www.hellofresh.de/recipes/bifteki-mit-hirtenkase-auf-orzotto-631b5bb80415491d0100bbb5,griechische-rezepte,631b5bb80415491d0100bbb5,griechisch
https://www.hellofresh.de/recipes/paprika-rinderhack-pfanne-6331926ce6c76cb63d010012,griechische-rezepte,6331926ce6c76cb63d010012,griechisch
https://www.hellofresh.de/recipes/dinkel-bowl-griechischer-art-63f33a2a7676216c1b060b7c,griechische-rezepte,63f33a2a7676216c1b060b7c,griechisch
https://www.hellofresh.de/recipes/sheperds-bowl-gebackener-hirtenkase-62d69f5bc939fdc11508de15,griechische-rezepte,62d69f5bc939fdc11508de15,griechisch
https://www.hellofresh.de/recipes/veganer-schawarma-wrap-mit-karottensalat-6513efdabe675f371f89c548,griechische-rezepte,6513efdabe675f371f89c548,griechisch
https://www.hellofresh.de/recipes/greek-style-kofta-mit-zaziki-and-hirtenkase-in-fladenbrot-675aa9a74f0b0d39dcbef957,griechische-rezepte,675aa9a74f0b0d39dcbef957,griechisch
https://www.hellofresh.de/recipes/greek-style-kofta-mit-bio-rindshack-im-fladenbrot-6666bf544c35a80bd36e1f99,griechische-rezepte,6666bf544c35a80bd36e1f99,griechisch
https://www.hellofresh.de/recipes/gefullte-hahnchenbrust-mit-hirtenkase-65ae3bab7a5c42553ab721ac,griechische-rezepte,65ae3bab7a5c42553ab721ac,griechisch
https://www.hellofresh.de/recipes/schweinegyros-mit-griechischem-salat-6450be29c27b2b4d39063f14,griechische-rezepte,6450be29c27b2b4d39063f14,griechisch
https://www.hellofresh.de/recipes/souflaki-braten-mit-griechischem-salat-62c436cae366386a270dfa79,griechische-rezepte,62c436cae366386a270dfa79,griechisch
https://www.hellofresh.de/recipes/zucchini-hackfleisch-pfanne-64e720fd4e40d5c6cb1a2b3f,griechische-rezepte,64e720fd4e40d5c6cb1a2b3f,griechisch
https://www.hellofresh.de/recipes/griechischer-orzo-salat-mit-kalamata-oliven-62305ff19a203a1906262cb5,griechische-rezepte,62305ff19a203a1906262cb5,griechisch
https://www.hellofresh.de/recipes/mini-wraps-mit-mariniertem-hahnchengeschnetzeltem-64881ff32182b491bc00574c,griechische-rezepte,64881ff32182b491bc00574c,griechisch
https://www.hellofresh.de/recipes/gyros-mit-griechischem-salat-64c92d0d6db93010300e8605,griechische-rezepte,64c92d0d6db93010300e8605,griechisch
https://www.hellofresh.de/recipes/salat-mit-thunfisch-und-butterbohnen-64df2a5eedeb8104eac90abd,griechische-rezepte,64df2a5eedeb8104eac90abd,griechisch
https://www.hellofresh.de/recipes/gyros-mit-griechischem-salat-und-hirtenkase-65ef18f8a66a6a1427fc26b4,griechische-rezepte,65ef18f8a66a6a1427fc26b4,griechisch
https://www.hellofresh.de/recipes/gigantes-plaki-riesenbohnen-mit-grillkase-65114eb7adeb498a7528254a,griechische-rezepte,65114eb7adeb498a7528254a,griechisch
https://www.hellofresh.de/recipes/souflaki-hahnchen-salat-mit-kartoffelwurfeln-642ba0ebf96531831e0afb71,griechische-rezepte,642ba0ebf96531831e0afb71,griechisch
https://www.hellofresh.de/recipes/souflaki-hahnchen-salat-mit-kartoffelwurfeln-66fbccd64c6de2e4afe6736b,griechische-rezepte,66fbccd64c6de2e4afe6736b,griechisch
https://www.hellofresh.de/recipes/gefullte-hahnchenbrust-mit-hirtenkase-65200f9b188676f47c1b2c17,griechische-rezepte,65200f9b188676f47c1b2c17,griechisch
https://www.hellofresh.de/recipes/rinderhuftsteak-mit-kalamata-oliven-paste-64df2aa6552e10127649f40b,griechische-rezepte,64df2aa6552e10127649f40b,griechisch
https://www.hellofresh.de/recipes/souflaki-hahnchen-auf-couscous-66339236270adf4f95c58f12,griechische-rezepte,66339236270adf4f95c58f12,griechisch
https://www.hellofresh.de/recipes/monster-pasta-66b23b50a1293bffe8e01d25,griechische-rezepte,66b23b50a1293bffe8e01d25,griechisch
https://www.hellofresh.de/recipes/hahnchenstreifen-auf-griechischem-salat-63b31c143cdc2398850e5da0,griechische-rezepte,63b31c143cdc2398850e5da0,griechisch
https://www.hellofresh.de/recipes/griechische-tacos-mit-kichererbsen-und-zaziki-632af8604d55d71c0301e8cb,griechische-rezepte,632af8604d55d71c0301e8cb,griechisch
https://www.hellofresh.de/recipes/souflaki-schweinefilet-auf-couscous-677265c467cf697e9b62026a,griechische-rezepte,677265c467cf697e9b62026a,griechisch
https://www.hellofresh.de/recipes/hahnchenstreifen-auf-griechischem-salat-64f5a40d71b62ce128337991,griechische-rezepte,64f5a40d71b62ce128337991,griechisch
https://www.hellofresh.de/recipes/gyros-mit-griechischem-salat-und-hirtenkase-661e8f27a0f8bf5f811ea35b,griechische-rezepte,661e8f27a0f8bf5f811ea35b,griechisch
https://www.hellofresh.de/recipes/souflaki-blumenkohl-im-wrap-mit-zucchini-zaziki-64881fe8583b6758290c857d,griechische-rezepte,64881fe8583b6758290c857d,griechisch
https://www.hellofresh.de/recipes/griechische-pasta-mit-schweinesteak-streifen-64e8607e40ec4203972fa5d7,griechische-rezepte,64e8607e40ec4203972fa5d7,griechisch
https://www.hellofresh.de/recipes/gyros-mit-griechischem-salat-und-hirtenkase-661e8eada0f8bf5f811e9e30,griechische-rezepte,661e8eada0f8bf5f811e9e30,griechisch
https://www.hellofresh.de/recipes/souflaki-hahnchen-salat-mit-kartoffelwurfeln-64b6845acfcd538e7c010ae8,griechische-rezepte,64b6845acfcd538e7c010ae8,griechisch
https://www.hellofresh.de/recipes/salat-mit-thunfisch-und-butterbohnen-65859b3e600988fb9c069925,griechische-rezepte,65859b3e600988fb9c069925,griechisch
https://www.hellofresh.de/recipes/gefullte-hahnchenbrust-mit-hirtenkase-65f815851d9f403b835b3cb0,griechische-rezepte,65f815851d9f403b835b3cb0,griechisch
https://www.hellofresh.de/recipes/garnelen-in-mediterraner-marinade-auf-orzo-salat-6564690f2d94ad532d61ffc2,griechische-rezepte,6564690f2d94ad532d61ffc2,griechisch
https://www.hellofresh.de/recipes/garnelen-in-mediterraner-marinade-auf-orzo-66fbccd89e82bf398e8fa37c,griechische-rezepte,66fbccd89e82bf398e8fa37c,griechisch
https://www.hellofresh.de/recipes/brauner-reis-bowl-griechischer-art-mit-hirtenkase-669e8fb065ce5ed4b1f96e31,griechische-rezepte,669e8fb065ce5ed4b1f96e31,griechisch
https://www.hellofresh.de/recipes/mini-wraps-mit-mariniertem-hahnchen-6446bda17f3a11441606efa7,griechische-rezepte,6446bda17f3a11441606efa7,griechisch
https://www.hellofresh.de/recipes/hello-cevapcici-wurzige-hackrollchen-63cfb207fdb150435f0abdfd,griechische-rezepte,63cfb207fdb150435f0abdfd,griechisch
https://www.hellofresh.de/recipes/thunfischsalat-mit-butterbohnen-und-hirtenkase-6434bfe7d87070590b0bbda7,griechische-rezepte,6434bfe7d87070590b0bbda7,griechisch
https://www.hellofresh.de/recipes/gratinierte-spitzpaprika-mit-zaziki-salat-and-aioli-62384938b868525df10308b2,griechische-rezepte,62384938b868525df10308b2,griechisch
https://www.hellofresh.de/recipes/gyros-mit-griechischem-salat-63c1625071df00b1f607e2ab,griechische-rezepte,63c1625071df00b1f607e2ab,griechisch
https://www.hellofresh.de/recipes/gyros-mit-griechischem-salat-und-hirtenkase-669e6f8044e4fbb9d21306ef,griechische-rezepte,669e6f8044e4fbb9d21306ef,griechisch
https://www.hellofresh.de/recipes/bifteki-mit-hirtenkase-auf-orzotto-62713b0389f4dab4fe0e2241,griechische-rezepte,62713b0389f4dab4fe0e2241,griechisch
https://www.hellofresh.de/recipes/mini-wraps-mit-mariniertem-hahnchen-625ec0a6ffce387ff00b2aac,griechische-rezepte,625ec0a6ffce387ff00b2aac,griechisch
https://www.hellofresh.de/recipes/mini-wraps-mit-mariniertem-hahnchen-62fbdf3f27c6ba0b6f00fc1e,griechische-rezepte,62fbdf3f27c6ba0b6f00fc1e,griechisch
https://www.hellofresh.de/recipes/griechische-tacos-mit-kichererbsen-und-zaziki-62da9d5f939926864406025e,griechische-rezepte,62da9d5f939926864406025e,griechisch
https://www.hellofresh.de/recipes/mediterraner-nudelsalat-mit-halloumi-62bb0448a27aacb4f0071e09,griechische-rezepte,62bb0448a27aacb4f0071e09,griechisch
https://www.hellofresh.de/recipes/zucchini-hackfleisch-pfanne-63a02651326b8b7c030d1f08,griechische-rezepte,63a02651326b8b7c030d1f08,griechisch
https://www.hellofresh.de/recipes/salat-mit-thunfisch-und-butterbohnen-668e6946da99f37bb7c06edc,griechische-rezepte,668e6946da99f37bb7c06edc,griechisch
https://www.hellofresh.de/recipes/garnelen-in-mediterraner-marinade-auf-orzo-66deed3b598288c28094f659,griechische-rezepte,66deed3b598288c28094f659,griechisch
https://www.hellofresh.de/recipes/garnelen-in-mediterraner-marinade-auf-orzo-salat-65b24289d1da3988cdd86720,griechische-rezepte,65b24289d1da3988cdd86720,griechisch
https://www.hellofresh.de/recipes/tuna-salad-mit-butterbohnen-and-hirtenkase-knofi-dressing-6360f43f05655c919808a0b9,griechische-rezepte,6360f43f05655c919808a0b9,griechisch
https://www.hellofresh.de/recipes/dinkel-bowl-griechischer-art-mit-hirtenkase-662b95428a5cda45f8e29b33,griechische-rezepte,662b95428a5cda45f8e29b33,griechisch
https://www.hellofresh.de/recipes/souflaki-seehecht-mit-zitronenkartoffeln-632c3d23741f56b51b080857,griechische-rezepte,632c3d23741f56b51b080857,griechisch
https://www.hellofresh.de/recipes/orzo-salat-mit-mediterran-gewurzten-garnelen-64df2a63552e10127649f1d0,griechische-rezepte,64df2a63552e10127649f1d0,griechisch
https://www.hellofresh.de/recipes/halloumi-auf-ofengemuse-594cc4c23131003aeb7acaf2,kase-rezepte,594cc4c23131003aeb7acaf2,kas
https://www.hellofresh.de/recipes/gigli-in-tomatiger-pestocreme-mit-mozzarella-663896516b5677e5d21e843f,kase-rezepte,663896516b5677e5d21e843f,kas
https://www.hellofresh.de/recipes/putenbrust-mit-perlencouscous-risotto-658d84b0f9d1ffb514ddbbbe,kase-rezepte,658d84b0f9d1ffb514ddbbbe,kas
https://www.hellofresh.de/recipes/borlotti-bohnen-eintopf-mit-bacon-594cbe97c6243b2e0b6be8c2,kase-rezepte,594cbe97c6243b2e0b6be8c2,kas
https://www.hellofresh.de/recipes/bunter-couscous-ofengemuse-salat-5996a9dd0534686aa3693c52,kase-rezepte,5996a9dd0534686aa3693c52,kas
https://www.hellofresh.de/recipes/pasta-alla-norma-mit-gebackenen-kirschtomaten-65200f88188676f47c1b2b45,kase-rezepte,65200f88188676f47c1b2b45,kas
https://www.hellofresh.de/recipes/cremige-paccheri-pasta-mit-krustenschinken-64e47444e1f123211ed56889,kase-rezepte,64e47444e1f123211ed56889,kas
https://www.hellofresh.de/recipes/herbstliche-tomaten-paprika-suppe-598465b5a1e1ea704849e7e2,kase-rezepte,598465b5a1e1ea704849e7e2,kas
https://www.hellofresh.de/recipes/gefullte-hahnchenbrust-im-baconmantel-656468c42d94ad532d61fbea,kase-rezepte,656468c42d94ad532d61fbea,kas
https://www.hellofresh.de/recipes/susskartoffel-porree-risotto-5972106c043c3c4a840450b2,kase-rezepte,5972106c043c3c4a840450b2,kas
https://www.hellofresh.de/recipes/bunter-couscous-salat-58bd30882310a82f3b1877a3,kase-rezepte,58bd30882310a82f3b1877a3,kas
https://www.hellofresh.de/recipes/hahnchenbrust-gefullt-mit-basilikum-frischecreme-6540c132e06ba9910277da7b,kase-rezepte,6540c132e06ba9910277da7b,kas
https://www.hellofresh.de/recipes/gemuseeintopf-mit-brokkoli-porree-und-karotte-64e8610240ec4203972fae3d,kase-rezepte,64e8610240ec4203972fae3d,kas
https://www.hellofresh.de/recipes/blitzschnelle-pilz-tortellini-pfanne-598d6f83d56afa1ea710b452,kase-rezepte,598d6f83d56afa1ea710b452,kas
https://www.hellofresh.de/recipes/wurzige-kotleti-rinderfrikadellen-mit-dilldip-6772655a67cf697e9b61fd94,schnelle-gerichte,6772655a67cf697e9b61fd94,schnelle-gerichte
https://www.hellofresh.de/recipes/rindfleischkofte-auf-goldenem-sultaninen-reis-677265a30200888b9f0f89be,schnelle-gerichte,677265a30200888b9f0f89be,schnelle-gerichte
https://www.hellofresh.de/recipes/rinderhuftsteak-mit-prinzessbohnen-und-mandeln-677265f867cf697e9b620525,schnelle-gerichte,677265f867cf697e9b620525,schnelle-gerichte
https://www.hellofresh.de/recipes/fischfilet-in-teriyakisosse-mit-scharfem-brokkoli-6772657167cf697e9b61fed5,schnelle-gerichte,6772657167cf697e9b61fed5,schnelle-gerichte
https://www.hellofresh.de/recipes/wintertiramisu-mit-birnen-and-spekulatius-67190d3bd68888376c8d26fb,schnelle-gerichte,67190d3bd68888376c8d26fb,schnelle-gerichte
https://www.hellofresh.de/recipes/lachsfilet-auf-rote-beete-meerrettich-puree-67470de0fb7a3ff84744d4d0,schnelle-gerichte,67470de0fb7a3ff84744d4d0,schnelle-gerichte
https://www.hellofresh.de/recipes/creamy-thai-pasta-frische-nudeln-in-kokossosse-67470e5dfb7a3ff84744d758,schnelle-gerichte,67470e5dfb7a3ff84744d758,schnelle-gerichte
https://www.hellofresh.de/recipes/hahnchenbrust-mit-pflaumen-sriracha-sosse-67470e6e989edba91be3197f,schnelle-gerichte,67470e6e989edba91be3197f,schnelle-gerichte
https://www.hellofresh.de/recipes/fettuccine-mit-knusprigem-fischfilet-67470e61b1d252afb328ddf3,schnelle-gerichte,67470e61b1d252afb328ddf3,schnelle-gerichte
https://www.hellofresh.de/recipes/hahnchen-zucchini-couscous-677265490200888b9f0f84d9,schnelle-gerichte,677265490200888b9f0f84d9,schnelle-gerichte
https://www.hellofresh.de/recipes/cajun-chicken-mit-salat-in-buttermilch-dressing-6777e30952032df0a37906de,schnelle-gerichte,6777e30952032df0a37906de,schnelle-gerichte
https://www.hellofresh.de/recipes/pizza-party-mit-otto-dem-oktopus-67470ddcfb7a3ff84744d464,schnelle-gerichte,67470ddcfb7a3ff84744d464,schnelle-gerichte
https://www.hellofresh.de/recipes/linguine-calabrese-mit-scharfen-kapern-677265970200888b9f0f88e7,schnelle-gerichte,677265970200888b9f0f88e7,schnelle-gerichte
https://www.hellofresh.de/recipes/feines-bio-rinderhuftsteak-mit-cowboy-butter-sosse-67470de9fb7a3ff84744d584,schnelle-gerichte,67470de9fb7a3ff84744d584,schnelle-gerichte
https://www.hellofresh.de/recipes/spanischer-kartoffelsalat-mit-chorizo-677265760200888b9f0f870a,schnelle-gerichte,677265760200888b9f0f870a,schnelle-gerichte
https://www.hellofresh.de/recipes/hahnchenfilets-in-krauterpanade-6772656c67cf697e9b61fe9e,schnelle-gerichte,6772656c67cf697e9b61fe9e,schnelle-gerichte
https://www.hellofresh.de/recipes/feurige-strozzapreti-diavolo-mit-chorizo-67470dd7fb7a3ff84744d3dd,schnelle-gerichte,67470dd7fb7a3ff84744d3dd,schnelle-gerichte
https://www.hellofresh.de/recipes/miso-butter-spaghetti-mit-portobello-6749ca06705b9943d7cd9283,schnelle-gerichte,6749ca06705b9943d7cd9283,schnelle-gerichte
https://www.hellofresh.de/recipes/lachsfilet-in-teriyakisosse-mit-scharfer-brokkoli-677265710200888b9f0f86a4,schnelle-gerichte,677265710200888b9f0f86a4,schnelle-gerichte
https://www.hellofresh.de/recipes/lachsfilet-in-suss-scharfer-ingwer-sosse-675ffea1d1e807b4c4b23745,schnelle-gerichte,675ffea1d1e807b4c4b23745,schnelle-gerichte
https://www.hellofresh.de/recipes/hahnchenbrust-auf-balsamico-linsen-salat-67470e6afb7a3ff84744d80f,schnelle-gerichte,67470e6afb7a3ff84744d80f,schnelle-gerichte
https://www.hellofresh.de/recipes/cheese-melt-champignon-ofensandwich-67692c2f0d25660579f414fe,schnelle-gerichte,67692c2f0d25660579f414fe,schnelle-gerichte
https://www.hellofresh.de/recipes/reis-bowl-mit-scharfem-brokkoli-67470d7e989edba91be31645,schnelle-gerichte,67470d7e989edba91be31645,schnelle-gerichte
https://www.hellofresh.de/recipes/rindersteak-auf-udon-nudeln-675ffee5afc243b64a9f76d6,schnelle-gerichte,675ffee5afc243b64a9f76d6,schnelle-gerichte
https://www.hellofresh.de/recipes/gnocchi-allarrabbiata-con-melanzane-fritte-67470d6bfb7a3ff84744d248,schnelle-gerichte,67470d6bfb7a3ff84744d248,schnelle-gerichte
https://www.hellofresh.de/recipes/bongiorno-lachsfilet-auf-cremigen-orzo-6784ea5034a8fc0a8c964ce6,schnelle-gerichte,6784ea5034a8fc0a8c964ce6,schnelle-gerichte
https://www.hellofresh.de/recipes/icli-pide-mit-hirtenkase-zwiebeln-and-minzjoghurt-677265f567cf697e9b6204ef,schnelle-gerichte,677265f567cf697e9b6204ef,schnelle-gerichte
https://www.hellofresh.de/recipes/green-goddess-salad-mit-avocado-67470d6dfb7a3ff84744d287,schnelle-gerichte,67470d6dfb7a3ff84744d287,schnelle-gerichte
https://www.hellofresh.de/recipes/hahnchen-mit-aprikosen-curry-sosse-677265420200888b9f0f847c,schnelle-gerichte,677265420200888b9f0f847c,schnelle-gerichte
https://www.hellofresh.de/recipes/maxi-ravioli-mit-tomate-mozzarella-fullung-6772657fc7ac6d538486352e,schnelle-gerichte,6772657fc7ac6d538486352e,schnelle-gerichte
https://www.hellofresh.de/recipes/albondigas-rinder-hackballchen-in-pikanter-paprikasosse-6772659867cf697e9b62006a,schnelle-gerichte,6772659867cf697e9b62006a,schnelle-gerichte
https://www.hellofresh.de/recipes/cheese-burger-bowl-677265dac7ac6d538486393c,schnelle-gerichte,677265dac7ac6d538486393c,schnelle-gerichte
https://www.hellofresh.de/recipes/conchiglie-mit-thunfisch-und-gebratenen-kapern-6772653f67cf697e9b61fc71,schnelle-gerichte,6772653f67cf697e9b61fc71,schnelle-gerichte
https://www.hellofresh.de/recipes/harissa-blumenkohl-nuggets-677265500200888b9f0f853c,schnelle-gerichte,677265500200888b9f0f853c,schnelle-gerichte
https://www.hellofresh.de/recipes/pasta-putanesca-mit-garnelen-67470d6cfb7a3ff84744d263,schnelle-gerichte,67470d6cfb7a3ff84744d263,schnelle-gerichte
https://www.hellofresh.de/recipes/kokos-tikka-masala-mit-blumenkohl-677265b5c7ac6d53848637bf,schnelle-gerichte,677265b5c7ac6d53848637bf,schnelle-gerichte
https://www.hellofresh.de/recipes/frische-linguine-mit-garnelen-67470e63fb7a3ff84744d7be,schnelle-gerichte,67470e63fb7a3ff84744d7be,schnelle-gerichte
https://www.hellofresh.de/recipes/quinoa-bowl-mit-karotten-hummus-67470e6cb1d252afb328de83,schnelle-gerichte,67470e6cb1d252afb328de83,schnelle-gerichte
https://www.hellofresh.de/recipes/veganes-bang-bang-chicken-671664a22afd696502ede5d8,schnelle-gerichte,671664a22afd696502ede5d8,schnelle-gerichte
https://www.hellofresh.de/recipes/ricotta-tortellini-alla-panna-67470d65fb7a3ff84744d1d6,schnelle-gerichte,67470d65fb7a3ff84744d1d6,schnelle-gerichte
https://www.hellofresh.de/recipes/hahnchenfilets-in-krauterpanade-677265a667cf697e9b6200fe,schnelle-gerichte,677265a667cf697e9b6200fe,schnelle-gerichte
https://www.hellofresh.de/recipes/erdnuss-kokos-bowl-mit-pak-choi-67470d66fb7a3ff84744d1f1,schnelle-gerichte,67470d66fb7a3ff84744d1f1,schnelle-gerichte
https://www.hellofresh.de/recipes/one-pan-rote-beete-gnocchi-mit-bacon-67470dd4b1d252afb328dac3,schnelle-gerichte,67470dd4b1d252afb328dac3,schnelle-gerichte
https://www.hellofresh.de/recipes/glasiertes-mongolisches-hahnchen-mit-ingwer-67470d5d989edba91be31495,schnelle-gerichte,67470d5d989edba91be31495,schnelle-gerichte
https://www.hellofresh.de/recipes/knoblauch-garnelen-und-cajun-hahnchen-67470d60b1d252afb328d8e8,schnelle-gerichte,67470d60b1d252afb328d8e8,schnelle-gerichte
https://www.hellofresh.de/recipes/vietnamesische-hoisin-rinderhackfleisch-bowl-67470e75b1d252afb328df40,schnelle-gerichte,67470e75b1d252afb328df40,schnelle-gerichte
https://www.hellofresh.de/recipes/kung-fu-nudelpfanne-mit-schweinesteak-677265680200888b9f0f8638,schnelle-gerichte,677265680200888b9f0f8638,schnelle-gerichte
https://www.hellofresh.de/recipes/rauchiges-steak-mit-fajita-gemuse-6797623889d6104200fdc86a,schnelle-gerichte,6797623889d6104200fdc86a,schnelle-gerichte
https://www.hellofresh.de/recipes/lachs-in-thai-curry-sosse-675af04542b1d78ec65847ec,schnelle-gerichte,675af04542b1d78ec65847ec,schnelle-gerichte
https://www.hellofresh.de/recipes/lachsfilet-auf-cremigem-risotto-675fff05f511d87afd23f026,schnelle-gerichte,675fff05f511d87afd23f026,schnelle-gerichte
https://www.hellofresh.de/recipes/smoky-tex-mex-lachs-bowl-6797620789d6104200fdc85b,schnelle-gerichte,6797620789d6104200fdc85b,schnelle-gerichte
https://www.hellofresh.de/recipes/stir-fry-hahnchen-in-mildem-erdnuss-chili-curry-67470d7fb1d252afb328da47,schnelle-gerichte,67470d7fb1d252afb328da47,schnelle-gerichte
https://www.hellofresh.de/recipes/teriyaki-burger-mit-rinderhackfleisch-677265e20200888b9f0f8bdf,schnelle-gerichte,677265e20200888b9f0f8bdf,schnelle-gerichte
https://www.hellofresh.de/recipes/grillhahnchen-burger-mit-kartoffelspalten-6792204d9f544ba4784c99b3,schnelle-gerichte,6792204d9f544ba4784c99b3,schnelle-gerichte
https://www.hellofresh.de/recipes/kartoffelpuffer-nach-lachs-und-bagels-art-66b23b70a1293bffe8e01e52,schnelle-gerichte,66b23b70a1293bffe8e01e52,schnelle-gerichte
https://www.hellofresh.de/recipes/uberbackene-hahnchenbrust-parmigiana-67696de27de812ab26273b17,schnelle-gerichte,67696de27de812ab26273b17,schnelle-gerichte
https://www.hellofresh.de/recipes/mohren-burger-vegetarischer-burger-mit-kase-677265d467cf697e9b62032a,schnelle-gerichte,677265d467cf697e9b62032a,schnelle-gerichte
https://www.hellofresh.de/recipes/say-cheese-fusillinudel-bar-mit-extra-kase-67470cc1b1d252afb328d818,schnelle-gerichte,67470cc1b1d252afb328d818,schnelle-gerichte
https://www.hellofresh.de/recipes/souflaki-hahnchen-auf-couscous-677265c567cf697e9b62027f,schnelle-gerichte,677265c567cf697e9b62027f,schnelle-gerichte
https://www.hellofresh.de/recipes/sonics-schattenwelt-hahnchen-mit-gnocchi-67470def989edba91be317df,schnelle-gerichte,67470def989edba91be317df,schnelle-gerichte
https://www.hellofresh.de/recipes/puttanesca-con-tonno-677265cb67cf697e9b6202d9,schnelle-gerichte,677265cb67cf697e9b6202d9,schnelle-gerichte
https://www.hellofresh.de/recipes/feines-rindersteak-auf-cremiger-jagersosse-67470ca8fb7a3ff84744cf1e,schnelle-gerichte,67470ca8fb7a3ff84744cf1e,schnelle-gerichte
https://www.hellofresh.de/recipes/cheesy-spinach-melt-677265c9c7ac6d538486386d,schnelle-gerichte,677265c9c7ac6d538486386d,schnelle-gerichte
https://www.hellofresh.de/recipes/ricotta-tortellini-alla-panna-677265b00200888b9f0f8a41,schnelle-gerichte,677265b00200888b9f0f8a41,schnelle-gerichte
https://www.hellofresh.de/recipes/feines-rindersteak-auf-cremiger-jagersosse-677265850200888b9f0f8806,schnelle-gerichte,677265850200888b9f0f8806,schnelle-gerichte
https://www.hellofresh.de/recipes/japanese-karaage-bowl-mit-frittiertem-hahnchen-67470e67b1d252afb328de17,schnelle-gerichte,67470e67b1d252afb328de17,schnelle-gerichte
https://www.hellofresh.de/recipes/orzotto-mit-mozzarella-und-rauchigen-pilzen-67470df1989edba91be3180c,schnelle-gerichte,67470df1989edba91be3180c,schnelle-gerichte
https://www.hellofresh.de/recipes/pikantes-kabeljaufilet-in-harissaol-and-zitrone-6772654367cf697e9b61fcc2,schnelle-gerichte,6772654367cf697e9b61fcc2,schnelle-gerichte
https://www.hellofresh.de/recipes/rigatoni-in-pikanter-gemusesosse-mit-oliven-67470e76989edba91be319b6,schnelle-gerichte,67470e76989edba91be319b6,schnelle-gerichte
https://www.hellofresh.de/recipes/glasierte-koreanische-fleischballchen-677265a067cf697e9b6200bb,schnelle-gerichte,677265a067cf697e9b6200bb,schnelle-gerichte
https://www.hellofresh.de/recipes/boller-i-karry-cremige-curry-hackballchen-67486eea178a6fd9e2e0e424,schnelle-gerichte,67486eea178a6fd9e2e0e424,schnelle-gerichte
https://www.hellofresh.de/recipes/kung-fu-nudelpfanne-mit-schweinesteak-67470e6bb1d252afb328de68,schnelle-gerichte,67470e6bb1d252afb328de68,schnelle-gerichte
https://www.hellofresh.de/recipes/glasiertes-mongolisches-hahnchen-mit-ingwer-67470e53989edba91be3189d,schnelle-gerichte,67470e53989edba91be3189d,schnelle-gerichte
https://www.hellofresh.de/recipes/hahnchen-zucchini-couscous-67470e5ab1d252afb328ddab,schnelle-gerichte,67470e5ab1d252afb328ddab,schnelle-gerichte
https://www.hellofresh.de/recipes/pizzetta-caprese-mit-mozzarella-67470e62fb7a3ff84744d7ac,schnelle-gerichte,67470e62fb7a3ff84744d7ac,schnelle-gerichte
https://www.hellofresh.de/recipes/selbst-gemachte-hahnchen-nuggets-677265740200888b9f0f86d4,schnelle-gerichte,677265740200888b9f0f86d4,schnelle-gerichte
https://www.hellofresh.de/recipes/fish-and-chips-seelachs-burger-mit-grunem-salat-6797663589d6104200fdc915,schnelle-gerichte,6797663589d6104200fdc915,schnelle-gerichte
https://www.hellofresh.de/recipes/drachenfeuer-hackballchen-mit-susskartoffelstampf-677265c5c7ac6d5384863852,schnelle-gerichte,677265c5c7ac6d5384863852,schnelle-gerichte
https://www.hellofresh.de/recipes/pasta-putanesca-mit-garnelen-677265b70200888b9f0f8a92,schnelle-gerichte,677265b70200888b9f0f8a92,schnelle-gerichte
https://www.hellofresh.de/recipes/strozzapreti-mit-brokkoli-kase-sosse-67470de2b1d252afb328dbb6,schnelle-gerichte,67470de2b1d252afb328dbb6,schnelle-gerichte
https://www.hellofresh.de/recipes/say-cheese-fusillinudel-bar-mit-extra-kase-6772656fc7ac6d53848634b0,schnelle-gerichte,6772656fc7ac6d53848634b0,schnelle-gerichte
https://www.hellofresh.de/recipes/kottbullar-schwedische-hackballchen-677265a5c7ac6d53848636b1,schnelle-gerichte,677265a5c7ac6d53848636b1,schnelle-gerichte
https://www.hellofresh.de/recipes/chicken-fingers-mit-tomatendip-67470e50b1d252afb328dd18,schnelle-gerichte,67470e50b1d252afb328dd18,schnelle-gerichte
https://www.hellofresh.de/recipes/glasierte-koreanische-fleischballchen-677265610200888b9f0f860b,schnelle-gerichte,677265610200888b9f0f860b,schnelle-gerichte
https://www.hellofresh.de/recipes/herzhafte-gnocchi-pfanne-67470d70b1d252afb328d98a,schnelle-gerichte,67470d70b1d252afb328d98a,schnelle-gerichte
https://www.hellofresh.de/recipes/frische-linguine-mit-garnelen-6772658a0200888b9f0f8869,schnelle-gerichte,6772658a0200888b9f0f8869,schnelle-gerichte
https://www.hellofresh.de/recipes/backfisch-fur-alle-dazu-kartoffelstampf-and-salat-67470e58fb7a3ff84744d6ec,schnelle-gerichte,67470e58fb7a3ff84744d6ec,schnelle-gerichte
https://www.hellofresh.de/recipes/glasierte-koreanische-fleischballchen-67470dd8b1d252afb328daf9,schnelle-gerichte,67470dd8b1d252afb328daf9,schnelle-gerichte
https://www.hellofresh.de/recipes/japanese-karaage-bowl-mit-frittiertem-hahnchen-6772658e67cf697e9b620007,schnelle-gerichte,6772658e67cf697e9b620007,schnelle-gerichte
https://www.hellofresh.de/recipes/albondigas-hackballchen-in-pikanter-paprikasosse-677265980200888b9f0f8902,schnelle-gerichte,677265980200888b9f0f8902,schnelle-gerichte
https://www.hellofresh.de/recipes/hirschsteak-mit-senfbutter-und-salbeikartoffeln-677265990200888b9f0f891e,schnelle-gerichte,677265990200888b9f0f891e,schnelle-gerichte
https://www.hellofresh.de/recipes/lachs-wraps-678fc7d072bad1f5cb5f4e15,schnelle-gerichte,678fc7d072bad1f5cb5f4e15,schnelle-gerichte
https://www.hellofresh.de/recipes/pikanter-harissa-hahnchen-eintopf-677265ad67cf697e9b62016a,schnelle-gerichte,677265ad67cf697e9b62016a,schnelle-gerichte
https://www.hellofresh.de/recipes/korean-glazed-potatoes-6772655e0200888b9f0f85e7,schnelle-gerichte,6772655e0200888b9f0f85e7,schnelle-gerichte
https://www.hellofresh.de/recipes/kottbullar-schwedische-hackballchen-6772654167cf697e9b61fc8c,schnelle-gerichte,6772654167cf697e9b61fc8c,schnelle-gerichte
https://www.hellofresh.de/recipes/goldenes-curry-mit-buntem-ofengemuse-67470e5efb7a3ff84744d773,schnelle-gerichte,67470e5efb7a3ff84744d773,schnelle-gerichte
https://www.hellofresh.de/recipes/chimi-churri-tuna-salat-6772657b67cf697e9b61ff41,schnelle-gerichte,6772657b67cf697e9b61ff41,schnelle-gerichte
https://www.hellofresh.de/recipes/feines-rindersteak-auf-cremiger-jagersosse-671f96d6662b2e47e398c565,italienische-rezepte,671f96d6662b2e47e398c565,italienisch
https://www.hellofresh.de/recipes/hahnchenbrust-und-frische-pfannengnocchi-677265e267cf697e9b6203d5,italienische-rezepte,677265e267cf697e9b6203d5,italienisch
https://www.hellofresh.de/recipes/pasta-alla-genovese-mit-prosciutto-and-buffelmozzarella-6617b21a7727349831827736,italienische-rezepte,6617b21a7727349831827736,italienisch
https://www.hellofresh.de/recipes/seehecht-in-spinat-sahne-sosse-aus-dem-ofen-66d81d38b2e781f533137973,italienische-rezepte,66d81d38b2e781f533137973,italienisch
https://www.hellofresh.de/recipes/pizzetta-caprese-mit-mozzarella-66753f20011c8aeaadadd025,italienische-rezepte,66753f20011c8aeaadadd025,italienisch
https://www.hellofresh.de/recipes/herzhafte-gnocchi-pfanne-678a782f9160da204f34620a,italienische-rezepte,678a782f9160da204f34620a,italienisch
https://www.hellofresh.de/recipes/pesce-al-forno-dorade-mit-pistazienpesto-668e684f6d9531676611a4c9,italienische-rezepte,668e684f6d9531676611a4c9,italienisch
https://www.hellofresh.de/recipes/feines-rindersteak-auf-cremiger-jagersosse-66753f1437bff126fa753a3f,italienische-rezepte,66753f1437bff126fa753a3f,italienisch
https://www.hellofresh.de/recipes/tagliata-di-manzo-gebratene-rindersteakstreifen-6748404c989edba91be32d1e,italienische-rezepte,6748404c989edba91be32d1e,italienisch
https://www.hellofresh.de/recipes/feines-rindersteak-auf-cremiger-jagersosse-66d5b3ad946ad7f4e0839fe6,italienische-rezepte,66d5b3ad946ad7f4e0839fe6,italienisch
https://www.hellofresh.de/recipes/pesce-al-forno-dorade-mit-pistazienpesto-678a78207767bb70db19135b,italienische-rezepte,678a78207767bb70db19135b,italienisch
https://www.hellofresh.de/recipes/zumas-pink-gnocchi-mit-knusprigem-bacon-6721187c4251e0dbe4be57dd,italienische-rezepte,6721187c4251e0dbe4be57dd,italienisch
https://www.hellofresh.de/recipes/cremige-susskartoffelgnocchi-pfanne-66d81d8acc7423314febaeb7,italienische-rezepte,66d81d8acc7423314febaeb7,italienisch
https://www.hellofresh.de/recipes/pesce-al-forno-dorade-mit-pistazienpesto-66ead384e4af12f9ca268675,italienische-rezepte,66ead384e4af12f9ca268675,italienisch
https://www.hellofresh.de/recipes/rigatoni-in-pikanter-gemusesosse-66d81dc4b2e781f533137f67,italienische-rezepte,66d81dc4b2e781f533137f67,italienisch
https://www.hellofresh.de/recipes/pasta-verdure-mit-kalamata-oliven-66d81d82cc7423314febae51,italienische-rezepte,66d81d82cc7423314febae51,italienisch
https://www.hellofresh.de/recipes/veggie-orzo-caesar-salat-mit-avocado-and-tomate-6734606edf7bce3ee2c28984,italienische-rezepte,6734606edf7bce3ee2c28984,italienisch
https://www.hellofresh.de/recipes/der-hellofresh-weihnachtsbaum-67190c4f2afd696502ee2f42,italienische-rezepte,67190c4f2afd696502ee2f42,italienisch
https://www.hellofresh.de/recipes/kabeljaufilet-and-bacon-auf-strozzapreti-678a78007767bb70db1911dd,italienische-rezepte,678a78007767bb70db1911dd,italienisch
https://www.hellofresh.de/recipes/pizza-party-mit-otto-dem-oktopus-66b23b626e2625457a71d405,italienische-rezepte,66b23b626e2625457a71d405,italienisch
https://www.hellofresh.de/recipes/kabeljaufilet-and-bacon-auf-strozzapreti-66b23b1d6e2625457a71d11b,italienische-rezepte,66b23b1d6e2625457a71d11b,italienisch
https://www.hellofresh.de/recipes/hahnchenfilets-in-krauterpanade-67066bbb9e048437c2cba9de,italienische-rezepte,67066bbb9e048437c2cba9de,italienisch
https://www.hellofresh.de/recipes/cremige-susskartoffelgnocchi-pfanne-66b23b10a1293bffe8e01a82,italienische-rezepte,66b23b10a1293bffe8e01a82,italienisch
https://www.hellofresh.de/recipes/spaghetti-puttanesca-mit-kapern-66fbccdfacc2c87562468da2,italienische-rezepte,66fbccdfacc2c87562468da2,italienisch
https://www.hellofresh.de/recipes/gratinierter-tortellini-auflauf-67470e60b1d252afb328ddd8,italienische-rezepte,67470e60b1d252afb328ddd8,italienisch
https://www.hellofresh.de/recipes/ricotta-tortellini-alla-panna-671f9703662b2e47e398c88f,italienische-rezepte,671f9703662b2e47e398c88f,italienisch
https://www.hellofresh.de/recipes/hahnchenbrust-und-frische-pfannengnocchi-6729db5e12c55222c8cc81c4,italienische-rezepte,6729db5e12c55222c8cc81c4,italienisch
https://www.hellofresh.de/recipes/hahnchen-saltimbocca-mit-aubergine-au-gratin-66b23b136e2625457a71d0dc,italienische-rezepte,66b23b136e2625457a71d0dc,italienisch
https://www.hellofresh.de/recipes/linguini-mit-chorizo-in-paprikasosse-65c22ecc600bb8e53d74e5f6,italienische-rezepte,65c22ecc600bb8e53d74e5f6,italienisch
https://www.hellofresh.de/recipes/orzotto-mit-mozzarella-und-rauchigen-pilzen-668e68cc018283f1f439bce9,italienische-rezepte,668e68cc018283f1f439bce9,italienisch
https://www.hellofresh.de/recipes/italienische-lasagne-mit-rinderhackfleisch-66fbcca3acc2c87562468be9,italienische-rezepte,66fbcca3acc2c87562468be9,italienisch
https://www.hellofresh.de/recipes/insalata-di-zucchine-mit-buffelmozzarella-66c340583853f8b644ad1d53,italienische-rezepte,66c340583853f8b644ad1d53,italienisch
https://www.hellofresh.de/recipes/frische-linguine-mit-garnelen-66b9f9a5b70d6250be606534,italienische-rezepte,66b9f9a5b70d6250be606534,italienisch
https://www.hellofresh.de/recipes/zartes-lachsfilet-mit-grunem-spargel-678f8f2da76fdc80e3946b6e,italienische-rezepte,678f8f2da76fdc80e3946b6e,italienisch
https://www.hellofresh.de/recipes/hahnchenbrust-gefullt-mit-basilikum-frischecreme-66f1887ac1f128a7425bb388,italienische-rezepte,66f1887ac1f128a7425bb388,italienisch
https://www.hellofresh.de/recipes/orzo-mit-selbst-gemachtem-calabrese-pesto-6721185e4251e0dbe4be5643,italienische-rezepte,6721185e4251e0dbe4be5643,italienisch
https://www.hellofresh.de/recipes/strozzapreti-mit-brokkoli-kase-sosse-671f96cc662b2e47e398c4a1,italienische-rezepte,671f96cc662b2e47e398c4a1,italienisch
https://www.hellofresh.de/recipes/pasta-bufala-mit-pistazien-und-kirschtomaten-678a78317767bb70db191480,italienische-rezepte,678a78317767bb70db191480,italienisch
https://www.hellofresh.de/recipes/hahnchen-im-prosciuttomantel-auf-gnocchi-671f976f10bbc833b98f8ffc,italienische-rezepte,671f976f10bbc833b98f8ffc,italienisch
https://www.hellofresh.de/recipes/maxi-ravioli-mit-tomate-mozzarella-fullung-671f977210bbc833b98f904d,italienische-rezepte,671f977210bbc833b98f904d,italienisch
https://www.hellofresh.de/recipes/gnocchi-in-balsamico-krauterbutter-sosse-66dffad1323c9f705cd013e2,italienische-rezepte,66dffad1323c9f705cd013e2,italienisch
https://www.hellofresh.de/recipes/dorade-mit-mandel-panko-kruste-668e68c36d9531676611a6ca,italienische-rezepte,668e68c36d9531676611a6ca,italienisch
https://www.hellofresh.de/recipes/cheesy-meatballs-auf-penne-66fbcd0a4c6de2e4afe674a0,italienische-rezepte,66fbcd0a4c6de2e4afe674a0,italienisch
https://www.hellofresh.de/recipes/one-pan-susskartoffelgnocchi-pfanne-66d712f70eb51492a4c62f1c,italienische-rezepte,66d712f70eb51492a4c62f1c,italienisch
https://www.hellofresh.de/recipes/rinderhuftsteak-mit-tomaten-hirtenkase-haube-66d990fcb2e781f53313a446,italienische-rezepte,66d990fcb2e781f53313a446,italienisch
https://www.hellofresh.de/recipes/klassische-pasta-bolognese-mit-rinderhack-66d6cc744af7e0a57fe007d6,italienische-rezepte,66d6cc744af7e0a57fe007d6,italienisch
https://www.hellofresh.de/recipes/fettuccine-in-cremiger-krauterseitlingsosse-65fc586009492af87e8152b6,italienische-rezepte,65fc586009492af87e8152b6,italienisch
https://www.hellofresh.de/recipes/gnocchi-pfanne-mit-brokkoli-66fbccb9acc2c87562468c97,italienische-rezepte,66fbccb9acc2c87562468c97,italienisch
https://www.hellofresh.de/recipes/vegetarische-power-panini-mit-saftigem-patty-66fbccac4c6de2e4afe67262,italienische-rezepte,66fbccac4c6de2e4afe67262,italienisch
https://www.hellofresh.de/recipes/harissa-chick-eria-filet-auf-ofengemuse-672c8fe62246341e9d64b580,italienische-rezepte,672c8fe62246341e9d64b580,italienisch
https://www.hellofresh.de/recipes/spaghetti-mit-avocado-basilikum-pesto-6729fb43b88de70de2e98dab,italienische-rezepte,6729fb43b88de70de2e98dab,italienisch
https://www.hellofresh.de/recipes/der-hellofresh-weihnachtsbaum-67190bd12afd696502ee2f2c,italienische-rezepte,67190bd12afd696502ee2f2c,italienisch
https://www.hellofresh.de/recipes/spaghetti-mit-paprikacremesosse-678a782c9160da204f3461d4,italienische-rezepte,678a782c9160da204f3461d4,italienisch
https://www.hellofresh.de/recipes/gnocchi-al-finocchio-fenchel-und-salsiccia-660e725b1f3d24d03a7190c7,italienische-rezepte,660e725b1f3d24d03a7190c7,italienisch
https://www.hellofresh.de/recipes/rinderhuftsteak-mit-tomaten-hirtenkase-haube-6772654dc7ac6d53848633a2,italienische-rezepte,6772654dc7ac6d53848633a2,italienisch
https://www.hellofresh.de/recipes/orzo-mit-selbst-gemachtem-calabrese-pesto-67470ca7989edba91be313c9,italienische-rezepte,67470ca7989edba91be313c9,italienisch
https://www.hellofresh.de/recipes/rinderhuftsteak-mit-tomaten-hirtenkase-haube-671f973810bbc833b98f8d56,italienische-rezepte,671f973810bbc833b98f8d56,italienisch
https://www.hellofresh.de/recipes/tortellini-vulkan-in-tomaten-lava-66b23b761047ce9880457261,italienische-rezepte,66b23b761047ce9880457261,italienisch
https://www.hellofresh.de/recipes/ricotta-tortellini-alla-panna-66fd367f700e613c8be18984,italienische-rezepte,66fd367f700e613c8be18984,italienisch
https://www.hellofresh.de/recipes/frische-strozzapreti-mit-basilikum-creme-678a78889160da204f3466ae,italienische-rezepte,678a78889160da204f3466ae,italienisch
https://www.hellofresh.de/recipes/wurzige-spaghetti-al-pomodoro-671f9760662b2e47e398cd13,italienische-rezepte,671f9760662b2e47e398cd13,italienisch
https://www.hellofresh.de/recipes/fettuccine-mit-truffelol-and-krauterseitlingen-678a77fe00ea0a08f0b22ad5,italienische-rezepte,678a77fe00ea0a08f0b22ad5,italienisch
https://www.hellofresh.de/recipes/cremige-susskartoffelgnocchi-pfanne-66d81d39cc7423314febab9b,italienische-rezepte,66d81d39cc7423314febab9b,italienisch
https://www.hellofresh.de/recipes/fettuccine-mit-hahnchengeschnetzeltem-66b23b9e1047ce9880457502,italienische-rezepte,66b23b9e1047ce9880457502,italienisch
https://www.hellofresh.de/recipes/italienische-lasagne-mit-bio-rinderhackfleisch-6772657ac7ac6d5384863513,italienische-rezepte,6772657ac7ac6d5384863513,italienisch
https://www.hellofresh.de/recipes/klassische-pasta-bolognese-mit-rinderhack-67166f07d68888376c8cdf40,italienische-rezepte,67166f07d68888376c8cdf40,italienisch
https://www.hellofresh.de/recipes/gratinierter-tortellini-auflauf-677265b8c7ac6d53848637d4,italienische-rezepte,677265b8c7ac6d53848637d4,italienisch
https://www.hellofresh.de/recipes/fettuccine-mit-tomatenrahm-und-spinat-679b3eba89b349720f5ab01a,italienische-rezepte,679b3eba89b349720f5ab01a,italienisch
https://www.hellofresh.de/recipes/hahnchenfilets-in-krauterpanade-679794be5fbdb4aa73bc7ac1,italienische-rezepte,679794be5fbdb4aa73bc7ac1,italienisch
https://www.hellofresh.de/recipes/ricotta-tortellini-alla-panna-67211857662b2e47e3993076,italienische-rezepte,67211857662b2e47e3993076,italienisch
https://www.hellofresh.de/recipes/cremige-susskartoffelgnocchi-pfanne-66cc76906041110ff0a4afaa,italienische-rezepte,66cc76906041110ff0a4afaa,italienisch
https://www.hellofresh.de/recipes/linguine-calabrese-mit-scharfen-kapern-671a39e62afd696502ee3e7e,italienische-rezepte,671a39e62afd696502ee3e7e,italienisch
https://www.hellofresh.de/recipes/farfalle-caprese-mit-mozzarella-66b23b221047ce9880456df2,italienische-rezepte,66b23b221047ce9880456df2,italienisch
https://www.hellofresh.de/recipes/bongiorno-lachsfilet-auf-cremigen-orzo-678a78237767bb70db1913b0,italienische-rezepte,678a78237767bb70db1913b0,italienisch
https://www.hellofresh.de/recipes/dorade-mit-mandel-panko-kruste-6721186110bbc833b98fed7f,italienische-rezepte,6721186110bbc833b98fed7f,italienisch
https://www.hellofresh.de/recipes/brokkoli-kartoffel-suppe-mit-pinienkernen-668e6928018283f1f439be78,italienische-rezepte,668e6928018283f1f439be78,italienisch
https://www.hellofresh.de/recipes/maxi-ravioli-gefullt-mit-tomate-mozzarella-678a78959160da204f3466ff,italienische-rezepte,678a78959160da204f3466ff,italienisch
https://www.hellofresh.de/recipes/pastasalat-mit-fruhlingskrauter-dressing-678a780e9160da204f346070,italienische-rezepte,678a780e9160da204f346070,italienisch
https://www.hellofresh.de/recipes/italienische-lasagne-mit-bio-rinderhackfleisch-67470ca1b1d252afb328d677,italienische-rezepte,67470ca1b1d252afb328d677,italienisch
https://www.hellofresh.de/recipes/maxi-ravioli-gefullt-mit-tomate-mozzarella-65d32437ad601d3d957aae75,italienische-rezepte,65d32437ad601d3d957aae75,italienisch
https://www.hellofresh.de/recipes/frische-linguine-mit-garnelen-6734c015df7bce3ee2c29883,italienische-rezepte,6734c015df7bce3ee2c29883,italienisch
https://www.hellofresh.de/recipes/pasta-bufala-mit-buntem-pistazien-kirschtomaten-topping-671f96d94251e0dbe4bdf056,italienische-rezepte,671f96d94251e0dbe4bdf056,italienisch
https://www.hellofresh.de/recipes/one-pot-maxi-ravioli-gefullt-mit-tomate-mozzarella-66d81da7b2e781f533137e02,italienische-rezepte,66d81da7b2e781f533137e02,italienisch
https://www.hellofresh.de/recipes/italienische-lasagne-mit-rinderhackfleisch-66d81d62b2e781f533137b59,italienische-rezepte,66d81d62b2e781f533137b59,italienisch
https://www.hellofresh.de/recipes/linguine-calabrese-mit-scharfen-kapern-678a78a69160da204f346756,italienische-rezepte,678a78a69160da204f346756,italienisch
https://www.hellofresh.de/recipes/hahnchenfilets-in-krauterpanade-66d6cb544af7e0a57fe0077d,italienische-rezepte,66d6cb544af7e0a57fe0077d,italienisch
https://www.hellofresh.de/recipes/one-pot-conchiglie-in-pesto-creme-sosse-66c5f4e426a15d047a6082dc,italienische-rezepte,66c5f4e426a15d047a6082dc,italienisch
https://www.hellofresh.de/recipes/italienischer-flammkuchen-mit-ricotta-tomaten-and-zucchini-6721187f4251e0dbe4be57fe,italienische-rezepte,6721187f4251e0dbe4be57fe,italienisch
https://www.hellofresh.de/recipes/seehecht-in-spinat-sahne-sosse-aus-dem-ofen-66d81d89b2e781f533137cfc,italienische-rezepte,66d81d89b2e781f533137cfc,italienisch
https://www.hellofresh.de/recipes/penne-in-cremiger-speck-tomatensosse-6729db2cb88de70de2e98767,italienische-rezepte,6729db2cb88de70de2e98767,italienisch
https://www.hellofresh.de/recipes/orzotto-mit-mozzarella-und-rauchigen-pilzen-678a78299160da204f34619e,italienische-rezepte,678a78299160da204f34619e,italienisch
https://www.hellofresh.de/recipes/tagliata-di-manzo-gebratene-rindersteakstreifen-671f970d4251e0dbe4bdf363,italienische-rezepte,671f970d4251e0dbe4bdf363,italienisch
https://www.hellofresh.de/recipes/orzotto-mit-mozzarella-und-rauchigen-pilzen-66e430c286402bd101d354ba,italienische-rezepte,66e430c286402bd101d354ba,italienisch
https://www.hellofresh.de/recipes/one-pot-strozzapreti-mit-brokkoli-kase-sosse-66d81d64b2e781f533137b74,italienische-rezepte,66d81d64b2e781f533137b74,italienisch
https://www.hellofresh.de/recipes/linguine-calabrese-mit-scharfen-kapern-671f97364251e0dbe4bdf553,italienische-rezepte,671f97364251e0dbe4bdf553,italienisch
https://www.hellofresh.de/recipes/lachsfilet-auf-cremigem-risotto-678a78537767bb70db1915fc,italienische-rezepte,678a78537767bb70db1915fc,italienisch
https://www.hellofresh.de/recipes/herzhafter-gnocchi-auflauf-mit-salsiccia-66d81d8f0eb51492a4c65513,italienische-rezepte,66d81d8f0eb51492a4c65513,italienisch
https://www.hellofresh.de/recipes/pizza-party-mit-otto-dem-oktopus-66deed7f598288c28094f675,italienische-rezepte,66deed7f598288c28094f675,italienisch
https://www.hellofresh.de/recipes/flammkuchen-romana-mit-basilikum-ricotta-creme-67470cb6b1d252afb328d782,italienische-rezepte,67470cb6b1d252afb328d782,italienisch
https://www.hellofresh.de/recipes/hahnchen-im-prosciuttomantel-auf-gnocchi-66fbcce44c6de2e4afe673e7,italienische-rezepte,66fbcce44c6de2e4afe673e7,italienisch
https://www.hellofresh.de/recipes/margherita-pizzaschiff-66d81d7ab2e781f533137c99,italienische-rezepte,66d81d7ab2e781f533137c99,italienisch
https://www.hellofresh.de/recipes/conchiglie-mit-bio-rinderhack-und-gebratenen-kapern-679798505fbdb4aa73bc7d63,italienische-rezepte,679798505fbdb4aa73bc7d63,italienisch
https://www.hellofresh.de/recipes/spaghetti-puttanesca-mit-kapern-677265b167cf697e9b620191,italienische-rezepte,677265b167cf697e9b620191,italienisch
https://www.hellofresh.de/recipes/gnocchi-salat-mit-avocado-668e68ce018283f1f439bd07,italienische-rezepte,668e68ce018283f1f439bd07,italienisch
https://www.hellofresh.de/recipes/tagliata-di-manzo-gebratene-rindersteakstreifen-6772656d67cf697e9b61feb9,italienische-rezepte,6772656d67cf697e9b61feb9,italienisch
https://www.hellofresh.de/recipes/vegane-gnocchi-in-spinat-tomaten-sosse-668e68c2da99f37bb7c06c2a,italienische-rezepte,668e68c2da99f37bb7c06c2a,italienisch
https://www.hellofresh.de/recipes/gnocchi-allarrabbiata-con-melanzane-fritte-66be165d11ecbd46e2d06285,italienische-rezepte,66be165d11ecbd46e2d06285,italienisch
https://www.hellofresh.de/recipes/hahnchenbrust-und-frische-pfannengnocchi-66d5b4774af7e0a57fdff8e6,italienische-rezepte,66d5b4774af7e0a57fdff8e6,italienisch
https://www.hellofresh.de/recipes/spaghetti-bolognese-mit-tofuhack-66b23b781047ce988045727c,italienische-rezepte,66b23b781047ce988045727c,italienisch
https://www.hellofresh.de/recipes/hahnchenbrust-gefullt-mit-basilikum-frischecreme-66f188a258baf82d2a967aea,italienische-rezepte,66f188a258baf82d2a967aea,italienisch
https://www.hellofresh.de/recipes/orzotto-mit-mozzarella-und-rauchigen-pilzen-671f96d44251e0dbe4bdefdf,italienische-rezepte,671f96d44251e0dbe4bdefdf,italienisch
https://www.hellofresh.de/recipes/der-hellofresh-weihnachtsbaum-67190c2cd68888376c8d26ab,italienische-rezepte,67190c2cd68888376c8d26ab,italienisch
https://www.hellofresh.de/recipes/spaghetti-calabrese-mit-salsiccia-kase-topping-661f950b019ddbd535c06077,italienische-rezepte,661f950b019ddbd535c06077,italienisch
https://www.hellofresh.de/recipes/der-hellofresh-weihnachtsbaum-67190b96d68888376c8d267f,italienische-rezepte,67190b96d68888376c8d267f,italienisch
https://www.hellofresh.de/recipes/strozzapreti-mit-brokkoli-kase-sosse-66fbccc59e82bf398e8fa300,italienische-rezepte,66fbccc59e82bf398e8fa300,italienisch
https://www.hellofresh.de/recipes/linguine-calabrese-mit-scharfen-kapern-66d81dd3b2e781f533137fe4,italienische-rezepte,66d81dd3b2e781f533137fe4,italienisch
https://www.hellofresh.de/recipes/tagliata-di-manzo-gebratenes-striploin-steak-6706931b9e048437c2cbafc4,italienische-rezepte,6706931b9e048437c2cbafc4,italienisch
https://www.hellofresh.de/recipes/herzhafte-gnocchi-pfanne-65fc59ee09492af87e815367,italienische-rezepte,65fc59ee09492af87e815367,italienisch
https://www.hellofresh.de/recipes/spaghetti-bolognese-mit-tofuhack-662b95617ceb4fe1685ef461,italienische-rezepte,662b95617ceb4fe1685ef461,italienisch
https://www.hellofresh.de/recipes/uberbackene-hahnchenbrust-parmigiana-66fbcd059e82bf398e8fa567,italienische-rezepte,66fbcd059e82bf398e8fa567,italienisch
https://www.hellofresh.de/recipes/hahnchenbrust-gefullt-mit-basilikum-frischecreme-66f18823c1f128a7425bb36d,italienische-rezepte,66f18823c1f128a7425bb36d,italienisch
https://www.hellofresh.de/recipes/rigatoni-in-pikanter-gemusesosse-66753f1f3d7908a0f17bc91d,italienische-rezepte,66753f1f3d7908a0f17bc91d,italienisch
https://www.hellofresh.de/recipes/pasta-e-fagioli-italienische-suppe-mit-pasta-673f6c8fdd37d34956af2255,italienische-rezepte,673f6c8fdd37d34956af2255,italienisch
https://www.hellofresh.de/recipes/pastasalat-mit-fruhlingskrauter-dressing-672118834251e0dbe4be5830,italienische-rezepte,672118834251e0dbe4be5830,italienisch
https://www.hellofresh.de/recipes/ricotta-tortellini-alla-panna-66b23b8c6e2625457a71d5a9,italienische-rezepte,66b23b8c6e2625457a71d5a9,italienisch
https://www.hellofresh.de/recipes/rigatoni-nach-cacio-e-pepe-art-65fc2f7109492af87e81470f,italienische-rezepte,65fc2f7109492af87e81470f,italienisch
https://www.hellofresh.de/recipes/vegane-gnocchi-in-spinat-tomaten-sosse-669e8f9d44e4fbb9d2130aba,italienische-rezepte,669e8f9d44e4fbb9d2130aba,italienisch
https://www.hellofresh.de/recipes/schweineschnitzel-in-krauterpanade-679794bf5fbdb4aa73bc7adb,italienische-rezepte,679794bf5fbdb4aa73bc7adb,italienisch
https://www.hellofresh.de/recipes/italienische-spatzlepfanne-mit-basilikum-671f97084251e0dbe4bdf315,italienische-rezepte,671f97084251e0dbe4bdf315,italienisch
https://www.hellofresh.de/recipes/tomatige-rigatoni-mit-rinderhackfleisch-6705275902cdf0b40ec3789e,italienische-rezepte,6705275902cdf0b40ec3789e,italienisch
https://www.hellofresh.de/recipes/ricotta-tortellini-alla-panna-66a7895572d2a210384ad94b,italienische-rezepte,66a7895572d2a210384ad94b,italienisch
https://www.hellofresh.de/recipes/one-pot-sardischer-perlencouscous-mit-garnelen-678a783d7767bb70db1914e4,italienische-rezepte,678a783d7767bb70db1914e4,italienisch
https://www.hellofresh.de/recipes/conchiglie-mit-thunfisch-und-gebratenen-kapern-671f972310bbc833b98f8c72,italienische-rezepte,671f972310bbc833b98f8c72,italienisch
https://www.hellofresh.de/recipes/gnocchi-pfanne-mit-brokkoli-65d3226ead601d3d957aadb2,italienische-rezepte,65d3226ead601d3d957aadb2,italienisch
https://www.hellofresh.de/recipes/dorade-mit-mandel-panko-kruste-66b23b6e1047ce98804571e9,italienische-rezepte,66b23b6e1047ce98804571e9,italienisch
https://www.hellofresh.de/recipes/fettucine-mit-truffelol-and-baby-krauterseitlingen-6724b527a598974dca321c91,italienische-rezepte,6724b527a598974dca321c91,italienisch
https://www.hellofresh.de/recipes/veganes-cremiges-pesto-6721187a10bbc833b98feef2,italienische-rezepte,6721187a10bbc833b98feef2,italienisch
https://www.hellofresh.de/recipes/seehecht-in-spinat-sahne-sosse-aus-dem-ofen-66cc75ee3e895c0a68fba69e,italienische-rezepte,66cc75ee3e895c0a68fba69e,italienisch
https://www.hellofresh.de/recipes/orzo-mit-selbst-gemachtem-calabrese-pesto-66753f25011c8aeaadadd073,italienische-rezepte,66753f25011c8aeaadadd073,italienisch
https://www.hellofresh.de/recipes/feines-rindersteak-auf-cremiger-jagersosse-66fbcd129e82bf398e8fa5e1,italienische-rezepte,66fbcd129e82bf398e8fa5e1,italienisch
https://www.hellofresh.de/recipes/hahnchen-im-prosciuttomantel-auf-gnocchi-66c33e01ac0a1f91a366cebe,italienische-rezepte,66c33e01ac0a1f91a366cebe,italienisch
https://www.hellofresh.de/recipes/italienische-pasta-bowl-mit-buffelmozzarella-66dffa9ca3dfaa8a349a9b53,italienische-rezepte,66dffa9ca3dfaa8a349a9b53,italienisch
https://www.hellofresh.de/recipes/penne-mit-ofen-aubergine-und-oliven-668e6864da99f37bb7c06a71,italienische-rezepte,668e6864da99f37bb7c06a71,italienisch
https://www.hellofresh.de/recipes/wintertiramisu-mit-birnen-and-spekulatius-67190cf8feb5bb81ef3ad39a,italienische-rezepte,67190cf8feb5bb81ef3ad39a,italienisch
https://www.hellofresh.de/recipes/pikante-tomaten-paprika-suppe-668e68b9da99f37bb7c06bf4,italienische-rezepte,668e68b9da99f37bb7c06bf4,italienisch
https://www.hellofresh.de/recipes/ragout-bianco-rigatoni-mit-rinderhackfleisch-66b23b551047ce988045708a,italienische-rezepte,66b23b551047ce988045708a,italienisch
https://www.hellofresh.de/recipes/one-pot-conchiglie-mit-rinderhackfleisch-66d6cb7e946ad7f4e083af02,italienische-rezepte,66d6cb7e946ad7f4e083af02,italienisch
https://www.hellofresh.de/recipes/hahnchen-im-prosciuttomantel-auf-gnocchi-65d73345014fe506cca7efaa,italienische-rezepte,65d73345014fe506cca7efaa,italienisch
https://www.hellofresh.de/recipes/spekulatius-birnen-tiramisu-66b23b5d1047ce98804570c7,italienische-rezepte,66b23b5d1047ce98804570c7,italienisch
https://www.hellofresh.de/recipes/paccheri-mit-pistazien-gremolata-677265d9c7ac6d5384863921,italienische-rezepte,677265d9c7ac6d5384863921,italienisch
https://www.hellofresh.de/recipes/der-hellofresh-weihnachtsbaum-67190bfdd68888376c8d2698,italienische-rezepte,67190bfdd68888376c8d2698,italienisch
https://www.hellofresh.de/recipes/one-pot-maxi-ravioli-gefullt-mit-tomate-mozzarella-66b0c3d17e48b14c2381ab8f,italienische-rezepte,66b0c3d17e48b14c2381ab8f,italienisch
https://www.hellofresh.de/recipes/spaghetti-alla-napoletana-mit-kalamata-oliven-65f858b74690e3c090470c57,italienische-rezepte,65f858b74690e3c090470c57,italienisch
https://www.hellofresh.de/recipes/chili-cheese-tuna-sandwich-671f970310bbc833b98f8a93,italienische-rezepte,671f970310bbc833b98f8a93,italienisch
https://www.hellofresh.de/recipes/orzo-mit-selbst-gemachtem-calabrese-pesto-66fd36a9700e613c8be1899f,italienische-rezepte,66fd36a9700e613c8be1899f,italienisch
https://www.hellofresh.de/recipes/buffelmozzarella-in-susser-chili-marinade-66fbccb5acc2c87562468c61,italienische-rezepte,66fbccb5acc2c87562468c61,italienisch
https://www.hellofresh.de/recipes/seehecht-in-spinat-sahne-sosse-aus-dem-ofen-66b23b0f1047ce9880456ccb,italienische-rezepte,66b23b0f1047ce9880456ccb,italienisch
https://www.hellofresh.de/recipes/kabeljaufilet-and-bacon-auf-strozzapreti-671f970b662b2e47e398c945,italienische-rezepte,671f970b662b2e47e398c945,italienisch
https://www.hellofresh.de/recipes/uberbackene-hahnchenbrust-parmigiana-6719fc92d68888376c8d2e3c,italienische-rezepte,6719fc92d68888376c8d2e3c,italienisch
https://www.hellofresh.de/recipes/pizzetta-caprese-mit-mozzarella-670680ba02cdf0b40ec38da0,italienische-rezepte,670680ba02cdf0b40ec38da0,italienisch
https://www.hellofresh.de/recipes/linguine-calabrese-mit-scharfen-kapern-668e68e5da99f37bb7c06cd8,italienische-rezepte,668e68e5da99f37bb7c06cd8,italienisch
https://www.hellofresh.de/recipes/cheesy-meatballs-auf-penne-66d81d400eb51492a4c651d7,italienische-rezepte,66d81d400eb51492a4c651d7,italienisch
https://www.hellofresh.de/recipes/conchiglie-mit-thunfisch-und-gebratenen-kapern-6797984f5fbdb4aa73bc7d48,italienische-rezepte,6797984f5fbdb4aa73bc7d48,italienisch
https://www.hellofresh.de/recipes/hahnchenfilets-in-krauterpanade-678a784d7767bb70db1915ab,italienische-rezepte,678a784d7767bb70db1915ab,italienisch
https://www.hellofresh.de/recipes/linguine-calabrese-mit-scharfen-kapern-669e8f9b65ce5ed4b1f96dd4,italienische-rezepte,669e8f9b65ce5ed4b1f96dd4,italienisch
https://www.hellofresh.de/recipes/tortellini-vulkan-in-lava-sosse-mit-verstecktem-gemuse-66702f5277d4ed4ef249fdc1,italienische-rezepte,66702f5277d4ed4ef249fdc1,italienisch
https://www.hellofresh.de/recipes/popeye-spaghetti-mit-mozzarella-konfetti-671f96d310bbc833b98f8777,italienische-rezepte,671f96d310bbc833b98f8777,italienisch
https://www.hellofresh.de/recipes/pesce-al-forno-dorade-mit-pistazienpesto-66fbcd06acc2c87562468e88,italienische-rezepte,66fbcd06acc2c87562468e88,italienisch
https://www.hellofresh.de/recipes/sommerliche-spaghetti-puttanesca-mit-kapern-66d81d43cc7423314febabd8,italienische-rezepte,66d81d43cc7423314febabd8,italienisch
https://www.hellofresh.de/recipes/veganes-chick-eria-toskana-mit-roma-tomate-65fc3ddf09492af87e814b28,italienische-rezepte,65fc3ddf09492af87e814b28,italienisch
